user_id,concept_id,hours_since_last_review,review_count,average_correctness,retention_score
90,47,250.257,1,0.993,0.0
774,70,303.421,17,0.5074,0.1064
655,173,708.991,3,0.938,0.0105
439,21,61.078,15,0.9291,0.7683
434,22,80.833,1,0.8985,0.0092
859,61,313.749,18,0.411,0.0937
86,121,122.271,5,0.7618,0.2092
698,162,493.235,19,0.5659,0.0918
202,113,260.007,10,0.631,0.1028
95,99,609.346,12,0.4079,0.0
527,175,539.125,10,0.9841,0.129
976,35,339.245,15,0.4859,0.0518
736,181,608.463,5,0.901,0.0
762,63,73.039,10,0.3422,0.1314
718,56,418.601,5,0.8546,0.0126
787,191,435.893,16,0.8578,0.193
514,130,177.512,18,0.4827,0.1947
129,87,36.203,11,0.6972,0.5722
840,67,385.576,13,0.5084,0.0123
451,89,370.091,15,0.4474,0.0727
501,159,470.774,9,0.7328,0.0048
371,31,153.702,6,0.8077,0.2316
183,35,129.753,19,0.7988,0.5632
927,61,704.11,14,0.8869,0.147
782,97,82.299,1,0.8007,0.0125
644,163,719.574,12,0.5677,0.0
403,43,518.523,9,0.9854,0.0545
823,158,453.297,5,0.9691,0.0116
546,182,244.974,16,0.6163,0.1565
444,88,624.884,14,0.9798,0.113
451,193,655.289,10,0.9882,0.0779
228,179,519.896,8,0.8205,0.0843
93,160,511.265,5,0.8653,0.0037
555,77,355.325,13,0.3799,0.0
888,61,56.502,18,0.4892,0.4001
64,173,719.301,14,0.3857,0.0341
859,89,11.692,1,0.4073,0.1118
828,7,356.938,14,0.8441,0.2554
277,144,264.653,9,0.4433,0.0606
632,70,558.927,14,0.5646,0.0379
166,188,529.894,8,0.6055,0.0
759,172,452.382,9,0.3479,0.0
701,21,54.274,10,0.9029,0.672
355,181,170.913,13,0.892,0.4631
68,190,68.247,17,0.3134,0.1994
971,152,704.873,19,0.7145,0.0766
446,56,92.44,4,0.719,0.1503
894,134,696.395,2,0.7376,0.0085
678,174,81.596,17,0.4811,0.345
779,164,620.875,16,0.4184,0.0043
760,87,413.946,6,0.3606,0.0
195,142,598.927,3,0.8049,0.0368
364,78,456.687,3,0.6446,0.0294
467,51,553.678,10,0.7289,0.0444
498,135,526.319,6,0.6904,0.0391
44,94,187.705,4,0.7605,0.0875
547,45,673.267,17,0.7938,0.0964
155,133,463.603,16,0.4482,0.04
744,65,145.9,11,0.7816,0.3884
684,118,220.697,1,0.4932,0.0495
923,73,384.03,3,0.3194,0.0108
745,178,634.974,15,0.8732,0.1247
367,171,573.764,8,0.8261,0.069
968,95,217.824,9,0.8268,0.2485
411,143,495.866,17,0.563,0.0567
326,36,1.692,6,0.8415,0.7758
906,200,239.835,20,0.5029,0.1755
371,43,604.589,20,0.5086,0.0475
77,174,109.289,12,0.5561,0.3057
470,170,254.768,6,0.8065,0.0898
796,36,1.251,20,0.4738,0.4496
190,2,17.144,5,0.352,0.2446
463,148,105.561,18,0.4815,0.2457
130,174,73.79,9,0.6215,0.3911
687,144,352.86,18,0.5232,0.1457
476,12,648.053,7,0.8038,0.0
331,130,61.4,15,0.3542,0.1977
227,79,626.348,15,0.7592,0.0856
565,184,481.24,8,0.5197,0.0482
670,161,122.02,1,0.4287,0.0
941,160,208.965,6,0.4633,0.03
438,82,140.215,14,0.439,0.176
161,65,568.4,16,0.9027,0.1363
833,165,522.21,9,0.5068,0.0
630,24,219.523,18,0.869,0.4653
701,21,39.594,16,0.5031,0.4158
98,13,121.909,3,0.3026,0.0
313,103,453.696,7,0.3048,0.0009
768,16,65.523,11,0.5574,0.3558
833,117,386.487,1,0.8979,0.0008
436,34,441.502,6,0.7142,0.0365
805,179,495.339,16,0.7757,0.1567
842,87,90.693,18,0.5903,0.4075
388,19,331.258,3,0.4927,0.0125
899,139,333.914,12,0.7501,0.1463
289,68,601.486,10,0.7056,0.0
240,53,337.742,18,0.3244,0.056
683,132,293.19,17,0.6872,0.2251
637,192,89.33,20,0.7415,0.5516
140,196,500.167,19,0.5579,0.1161
833,88,446.439,15,0.5394,0.0761
200,170,516.345,5,0.8512,0.0008
805,42,472.696,5,0.5596,0.0228
8,170,630.267,17,0.5005,0.0112
797,189,631.751,14,0.8493,0.1049
787,104,221.878,16,0.9894,0.5531
781,105,131.745,6,0.4294,0.0419
665,113,667.101,19,0.5649,0.0489
472,15,513.532,4,0.3018,0.0
706,172,699.118,17,0.64,0.0297
278,148,358.06,7,0.498,0.0
781,174,692.834,2,0.8779,0.0
556,24,88.796,17,0.941,0.7531
459,161,425.267,19,0.3813,0.0
506,73,357.901,20,0.9047,0.4063
569,164,2.403,1,0.4505,0.3058
38,199,139.291,10,0.5156,0.1525
140,176,110.923,7,0.92,0.4464
246,184,44.252,7,0.5557,0.3454
115,23,682.693,8,0.3118,0.0058
440,66,695.082,1,0.3363,0.0
669,59,642.114,10,0.5364,0.0078
655,103,712.0,2,0.9191,0.017
472,196,598.163,5,0.3621,0.0
856,138,671.204,15,0.4369,0.0001
566,109,142.696,3,0.9771,0.0925
80,161,185.328,14,0.588,0.2517
765,36,620.757,17,0.9109,0.1397
575,133,345.474,20,0.5684,0.1872
635,101,516.362,13,0.6628,0.1094
566,41,404.794,18,0.9629,0.3514
554,130,220.407,10,0.9695,0.3566
91,169,205.439,19,0.4159,0.1361
560,166,538.815,16,0.7737,0.151
795,169,383.342,19,0.597,0.1231
304,163,259.078,19,0.4048,0.0457
603,94,444.46,14,0.318,0.0331
31,10,302.645,5,0.6555,0.0145
348,194,342.316,1,0.3656,0.0
437,91,488.256,7,0.9569,0.0472
983,127,330.006,6,0.475,0.0
215,5,683.982,19,0.6079,0.0466
277,178,349.596,1,0.8085,0.0064
409,178,692.532,11,0.6554,0.024
993,186,610.412,20,0.5642,0.0599
854,35,641.522,6,0.7407,0.0
35,169,549.677,12,0.4384,0.0
234,125,435.456,4,0.6435,0.0015
822,30,383.754,9,0.9742,0.1603
59,115,397.416,20,0.8493,0.3094
856,96,145.447,14,0.5343,0.2863
282,126,154.757,11,0.9388,0.4913
918,17,25.079,20,0.9124,0.8725
294,113,536.931,18,0.49,0.0269
435,136,90.339,6,0.9539,0.5057
662,144,419.356,13,0.6397,0.041
127,154,99.736,13,0.953,0.7188
558,126,48.38,9,0.6848,0.5018
506,141,384.421,4,0.3677,0.0
784,19,628.692,18,0.3974,0.0
997,160,256.652,4,0.6485,0.0
665,74,661.884,8,0.3174,0.0
410,110,7.916,5,0.8379,0.7736
407,110,335.599,16,0.5154,0.0801
418,196,106.097,2,0.3219,0.0183
815,66,227.704,10,0.7541,0.2695
322,77,17.575,17,0.724,0.6762
167,153,25.933,18,0.3886,0.2769
335,127,513.369,5,0.4269,0.0
23,64,471.442,11,0.8204,0.0901
107,69,150.397,10,0.4058,0.1052
91,166,648.877,7,0.3045,0.0
772,168,495.499,17,0.9998,0.2791
723,30,242.377,15,0.5031,0.1137
697,80,293.806,2,0.9237,0.0
462,154,210.994,18,0.5899,0.2128
718,24,598.115,8,0.9739,0.0415
162,37,355.904,18,0.6009,0.116
901,32,97.854,16,0.8245,0.5973
502,106,145.633,10,0.976,0.54
939,91,213.889,14,0.4976,0.1152
153,65,290.569,9,0.3208,0.0331
498,28,426.904,16,0.614,0.0818
697,128,694.217,3,0.8329,0.0
496,162,188.958,13,0.6948,0.2798
447,43,236.786,1,0.8847,0.0082
167,134,17.733,15,0.4867,0.4595
382,160,268.551,19,0.3476,0.073
239,112,486.218,16,0.4546,0.0719
302,115,693.423,15,0.4601,0.0116
684,34,533.066,17,0.5347,0.0329
631,192,85.398,12,0.5182,0.2908
608,192,640.883,13,0.464,0.0
362,143,603.93,12,0.3853,0.0224
960,181,136.502,10,0.6653,0.2481
88,122,672.76,1,0.798,0.0
343,133,514.294,2,0.9358,0.0
119,166,563.737,10,0.493,0.0
339,8,330.851,6,0.7624,0.0466
962,44,144.892,19,0.6693,0.4234
367,41,575.456,20,0.9187,0.2671
909,127,344.02,10,0.7865,0.1414
496,49,696.566,14,0.4281,0.0088
700,79,110.824,12,0.4864,0.2184
458,99,256.213,5,0.7371,0.0581
266,149,529.726,8,0.8258,0.0291
765,104,412.257,8,0.3551,0.0357
970,5,312.241,3,0.7525,0.0246
264,138,505.309,1,0.4193,0.0
779,86,528.146,7,0.9601,0.0659
262,23,415.867,19,0.9746,0.4199
717,131,230.095,2,0.9014,0.0574
790,55,445.697,11,0.9024,0.1673
450,93,392.802,12,0.9728,0.2127
737,194,574.413,14,0.5002,0.0
273,48,470.663,20,0.6658,0.1264
80,178,357.927,8,0.3937,0.0286
97,93,13.958,8,0.6193,0.6142
448,187,120.614,11,0.3733,0.1189
903,170,242.68,18,0.7842,0.3841
128,167,433.192,12,0.353,0.0175
456,42,570.602,1,0.9017,0.0142
705,159,691.187,9,0.8961,0.0568
203,74,432.06,11,0.9759,0.1678
722,183,524.903,18,0.3191,0.0185
306,199,447.627,14,0.873,0.2103
809,123,310.085,14,0.505,0.0875
580,183,439.162,7,0.4371,0.0
547,107,288.784,15,0.8254,0.2652
177,7,326.894,2,0.384,0.0
464,175,655.967,4,0.9131,0.0282
857,107,406.197,5,0.9127,0.0617
20,9,72.746,10,0.6892,0.4164
759,14,377.349,2,0.5959,0.0204
493,145,686.371,11,0.9226,0.0042
720,185,72.481,18,0.7987,0.6318
664,140,699.269,8,0.3225,0.0092
433,89,711.107,1,0.5884,0.021
309,62,403.933,6,0.6008,0.0
628,84,239.69,2,0.8993,0.0008
141,65,6.713,13,0.9179,0.8949
585,55,11.656,16,0.6805,0.6174
95,26,279.735,6,0.3786,0.0285
650,114,563.92,6,0.7264,0.0081
629,44,678.538,7,0.6223,0.0
85,29,111.863,8,0.596,0.2227
758,56,351.438,14,0.989,0.371
416,160,361.492,7,0.9971,0.0951
787,115,274.128,8,0.5867,0.0227
42,99,388.998,18,0.9542,0.3437
180,119,666.053,16,0.4712,0.0719
494,114,316.022,19,0.4354,0.1109
189,100,99.633,8,0.7597,0.3593
330,169,479.291,19,0.6503,0.132
661,147,23.074,6,0.822,0.6828
145,38,676.913,7,0.3769,0.0014
678,164,676.749,20,0.6377,0.0556
104,36,66.797,5,0.7772,0.3449
176,16,396.863,17,0.6507,0.1278
588,85,574.222,17,0.5004,0.0172
794,79,334.764,19,0.6506,0.2312
171,158,344.976,17,0.7097,0.2198
300,140,698.559,17,0.6852,0.0702
926,12,166.351,8,0.6961,0.1724
990,100,379.18,12,0.61,0.0642
582,160,83.22,12,0.5317,0.3351
448,147,218.106,6,0.3493,0.0
347,101,612.726,8,0.3325,0.0423
613,124,515.985,18,0.6737,0.1172
591,113,440.837,1,0.9011,0.0162
295,47,82.443,2,0.85,0.0651
23,113,612.578,9,0.6754,0.0282
152,136,214.99,16,0.7476,0.3318
959,12,385.42,18,0.9835,0.3989
419,140,168.485,14,0.9771,0.5549
483,50,375.17,18,0.9964,0.4419
468,2,404.959,3,0.3115,0.0
783,152,245.467,3,0.7453,0.0195
65,78,364.511,11,0.8216,0.1621
83,83,292.655,7,0.3722,0.0103
276,125,502.348,18,0.5543,0.0635
487,113,391.83,2,0.4156,0.0138
672,125,632.276,8,0.5692,0.0003
491,189,36.217,6,0.6088,0.3962
442,131,19.667,12,0.4249,0.3803
938,10,136.161,6,0.6473,0.2015
162,45,85.816,19,0.4313,0.2781
572,90,378.882,2,0.9456,0.0
543,95,144.496,2,0.4186,0.0
474,73,12.047,18,0.6588,0.6474
808,37,203.847,11,0.541,0.121
267,22,366.872,17,0.5959,0.0958
954,29,514.407,10,0.5726,0.0199
332,191,315.925,19,0.9851,0.4825
546,80,693.173,10,0.7645,0.0018
521,193,144.006,15,0.3341,0.1078
850,67,370.368,20,0.8846,0.3922
439,63,182.666,16,0.6818,0.329
285,98,580.898,6,0.3816,0.0203
22,190,135.592,16,0.6301,0.3625
364,113,692.372,8,0.3934,0.0
827,8,516.098,14,0.6903,0.0262
10,55,401.164,14,0.5595,0.072
897,197,383.524,4,0.3468,0.0
543,31,261.297,6,0.7575,0.0512
141,168,15.628,4,0.4634,0.3113
303,186,658.932,2,0.8365,0.0
555,43,572.457,11,0.9327,0.0979
316,112,97.53,5,0.4699,0.057
109,120,88.336,14,0.5141,0.3014
666,159,222.178,5,0.3326,0.0
673,160,549.579,1,0.6371,0.0
119,13,362.527,3,0.8882,0.0183
282,64,471.204,11,0.3771,0.0
244,189,4.957,3,0.4174,0.4135
660,71,665.105,18,0.8212,0.1044
731,50,119.711,15,0.7467,0.523
727,126,229.949,3,0.4395,0.0017
939,40,681.975,18,0.4199,0.0
769,30,527.817,7,0.3493,0.0
321,160,368.212,18,0.3124,0.0
108,24,621.368,20,0.5958,0.0518
615,179,44.578,6,0.3755,0.1462
917,50,55.393,7,0.5045,0.2519
976,22,112.138,3,0.9118,0.1469
231,149,190.859,1,0.3345,0.0223
237,36,510.647,11,0.8577,0.0628
38,74,383.574,14,0.5671,0.0571
142,71,307.039,12,0.5883,0.0896
555,102,563.572,20,0.9809,0.2756
547,95,228.697,3,0.6979,0.0308
371,40,61.987,5,0.3256,0.0434
310,47,285.973,18,0.8557,0.3865
830,39,551.933,5,0.6882,0.0
461,12,341.605,8,0.8439,0.0926
809,131,703.558,9,0.4059,0.0532
964,95,616.484,5,0.4838,0.0308
318,22,569.591,11,0.9374,0.1058
203,67,556.803,16,0.6009,0.0603
953,134,418.619,17,0.6575,0.1834
635,58,648.877,10,0.7502,0.0152
291,81,424.913,20,0.6698,0.1704
622,149,268.54,7,0.8254,0.1164
516,135,141.451,17,0.4562,0.2092
906,141,585.522,18,0.9446,0.2316
256,77,267.533,6,0.3376,0.0021
992,97,569.555,2,0.6497,0.0
937,170,707.771,16,0.9984,0.1631
181,175,287.369,2,0.7612,0.0112
165,12,245.663,13,0.6375,0.1959
534,168,122.882,10,0.9668,0.5518
45,179,342.515,10,0.3546,0.0
299,189,471.066,15,0.5957,0.0939
436,54,225.55,13,0.9325,0.4201
970,101,349.936,13,0.7762,0.1709
993,9,386.924,9,0.5579,0.0068
152,22,198.533,14,0.9843,0.5519
892,113,17.416,13,0.8314,0.7995
91,42,155.641,12,0.9841,0.5777
749,45,578.366,15,0.7086,0.082
846,60,200.566,3,0.3057,0.0
891,92,10.445,1,0.9804,0.6172
224,31,306.251,1,0.8768,0.0
894,161,491.538,13,0.6852,0.0779
116,134,541.859,16,0.4126,0.0
519,159,298.3,4,0.9167,0.0443
470,186,411.952,2,0.7461,0.0151
316,121,536.893,7,0.3021,0.0161
23,73,640.309,16,0.6456,0.038
773,196,460.908,9,0.9876,0.092
336,114,497.576,14,0.7102,0.0883
662,93,71.497,20,0.7975,0.6495
411,84,303.014,11,0.7606,0.1525
374,8,640.106,7,0.6631,0.0
887,192,116.138,1,0.7845,0.0162
95,164,223.516,17,0.437,0.1033
737,140,488.295,15,0.5365,0.0845
747,45,649.542,7,0.9226,0.0267
380,186,42.98,13,0.4889,0.3571
263,36,626.819,5,0.5917,0.0178
6,49,159.022,14,0.3724,0.0822
937,15,619.886,9,0.9513,0.0504
948,58,640.305,5,0.4885,0.0108
241,66,558.46,2,0.7067,0.0162
32,159,665.186,1,0.5791,0.0
123,66,692.053,17,0.5427,0.0
68,192,666.171,2,0.4177,0.0
832,61,369.696,10,0.9972,0.2432
892,105,334.115,3,0.5024,0.0
154,119,76.196,14,0.5775,0.3722
747,166,155.977,8,0.4349,0.0611
180,151,469.877,16,0.7393,0.1553
368,174,92.122,2,0.3603,0.0
600,188,678.543,9,0.7641,0.0
720,24,163.86,9,0.6522,0.1782
875,19,63.766,10,0.7532,0.5634
45,90,169.759,6,0.3033,0.0
197,31,35.692,6,0.7714,0.5623
281,99,120.001,20,0.332,0.1396
311,118,423.339,15,0.9422,0.28
999,56,208.553,10,0.8554,0.3334
778,20,576.935,17,0.3867,0.0056
321,193,291.706,2,0.6894,0.0189
972,75,514.198,12,0.9698,0.1682
500,168,510.117,14,0.4698,0.0244
501,125,98.192,1,0.3509,0.0218
434,133,41.21,15,0.5958,0.5476
144,157,606.315,15,0.3967,0.0364
935,54,504.762,11,0.8443,0.0479
14,44,126.399,14,0.9385,0.594
175,200,489.754,19,0.6147,0.1048
230,134,237.552,7,0.9985,0.1915
280,59,41.335,5,0.4331,0.1916
132,130,165.095,9,0.9424,0.3808
18,79,544.302,20,0.5264,0.0649
678,172,281.628,10,0.9313,0.2737
970,102,392.528,19,0.9331,0.367
122,63,98.742,16,0.5442,0.3304
297,139,67.169,3,0.3142,0.0
507,151,172.642,14,0.5118,0.1897
928,75,340.491,18,0.6054,0.1342
695,151,609.91,11,0.9887,0.0727
767,47,549.76,7,0.7828,0.0223
582,48,115.666,17,0.7444,0.4996
418,166,51.924,2,0.7516,0.1663
200,125,162.753,18,0.5774,0.3243
865,8,613.75,2,0.7827,0.0
805,136,371.652,2,0.4958,0.0
26,62,581.066,11,0.8266,0.0743
716,55,266.414,2,0.7563,0.0
85,85,425.324,15,0.8224,0.1155
739,91,428.41,10,0.406,0.039
826,179,451.431,15,0.6866,0.0807
132,88,338.774,16,0.4342,0.0983
434,60,172.633,16,0.5183,0.2035
124,155,308.795,3,0.8543,0.0
568,109,701.839,17,0.5922,0.0089
928,1,196.285,18,0.3349,0.0953
81,127,522.014,11,0.9244,0.1476
398,101,680.233,3,0.3751,0.0222
974,115,407.921,15,0.6481,0.138
301,37,352.577,14,0.6327,0.0888
133,96,87.443,3,0.5794,0.0916
489,130,542.476,17,0.3036,0.0
509,136,656.318,14,0.4779,0.0517
663,137,706.103,1,0.4089,0.0113
314,200,145.593,13,0.4145,0.1441
956,101,662.48,17,0.3885,0.0
522,86,266.908,20,0.8768,0.4808
287,109,445.98,17,0.3707,0.004
961,66,161.417,18,0.5331,0.2813
925,64,179.216,3,0.7059,0.0159
500,139,445.84,1,0.3286,0.0
25,63,349.337,5,0.6675,0.0212
597,150,694.385,18,0.6247,0.0515
556,150,190.782,18,0.9007,0.5202
149,191,632.247,2,0.3813,0.0378
634,27,331.812,20,0.3409,0.0397
841,73,97.312,5,0.403,0.0753
106,155,172.552,10,0.6334,0.2006
724,86,544.226,13,0.3735,0.0
141,132,595.263,3,0.731,0.0
749,148,28.966,8,0.8554,0.7309
420,177,295.516,6,0.6889,0.0953
7,46,356.057,8,0.5509,0.0443
967,53,443.016,7,0.6127,0.0
166,95,468.619,10,0.4697,0.0
597,102,598.087,13,0.8965,0.1063
182,182,197.204,3,0.5265,0.0043
934,8,81.032,15,0.901,0.7266
739,50,134.677,3,0.9761,0.1767
805,183,674.561,13,0.479,0.021
433,123,393.838,4,0.9005,0.0332
468,136,158.139,18,0.8855,0.5807
635,50,565.93,7,0.7279,0.0287
785,125,422.852,1,0.8837,0.0079
847,74,264.792,3,0.5979,0.0513
18,147,13.669,8,0.722,0.6599
664,19,563.715,20,0.584,0.0735
110,57,516.699,6,0.9992,0.0468
288,129,189.086,10,0.6723,0.2464
830,121,191.614,16,0.4661,0.1801
251,169,195.836,5,0.7691,0.103
797,161,482.867,14,0.8306,0.1461
464,3,212.161,9,0.9029,0.2823
233,19,223.806,18,0.3089,0.0873
335,71,271.477,14,0.8231,0.3381
531,192,705.755,7,0.6714,0.0
766,96,331.541,10,0.8085,0.1252
607,179,272.022,18,0.6692,0.2791
934,12,338.682,8,0.5308,0.0066
868,193,517.967,11,0.3246,0.0147
754,13,636.315,18,0.5242,0.0068
604,162,713.382,4,0.7592,0.0
290,176,350.223,17,0.3068,0.0
413,59,331.573,17,0.945,0.3971
119,61,238.159,11,0.5795,0.1221
375,117,561.057,5,0.344,0.0
927,145,472.194,3,0.9174,0.0
426,25,261.941,16,0.4265,0.0754
114,48,373.591,8,0.3408,0.0
652,151,148.588,11,0.3549,0.0533
963,162,499.828,2,0.6696,0.0149
868,31,181.903,11,0.5001,0.1155
275,178,251.998,2,0.8893,0.0062
454,174,49.511,11,0.6819,0.5281
532,174,158.697,17,0.4947,0.2028
248,49,140.718,20,0.709,0.482
269,134,529.553,17,0.9608,0.2527
237,33,500.17,12,0.9037,0.1343
995,40,387.694,15,0.3955,0.0049
747,15,278.987,1,0.9104,0.0226
841,99,640.433,14,0.5564,0.0
817,143,636.598,20,0.5691,0.0517
960,40,434.24,4,0.6528,0.0
106,38,473.894,6,0.8377,0.0057
882,56,573.546,20,0.5958,0.0447
67,40,520.537,10,0.7627,0.0263
476,167,162.317,15,0.4191,0.1149
595,34,362.668,17,0.5066,0.0498
358,56,109.782,20,0.9635,0.7728
147,62,582.85,2,0.594,0.0
193,41,470.749,8,0.8085,0.0334
825,189,704.956,5,0.3557,0.0086
319,42,98.719,17,0.3212,0.1579
311,98,367.551,18,0.3369,0.0229
924,114,521.425,18,0.791,0.1543
144,53,624.553,3,0.3397,0.0
916,95,614.52,14,0.7214,0.0614
921,35,145.839,11,0.4755,0.1746
599,97,707.28,15,0.3983,0.0
166,4,706.576,4,0.7849,0.0095
156,88,697.738,3,0.6807,0.0
285,73,441.994,8,0.9239,0.0631
578,71,599.077,8,0.8091,0.0113
154,23,55.206,16,0.5259,0.3969
456,200,184.304,4,0.3886,0.0
116,6,66.691,20,0.7461,0.6476
541,30,364.251,1,0.5432,0.0137
22,21,694.623,12,0.4159,0.0
710,196,467.578,11,0.7011,0.095
56,64,332.371,8,0.7632,0.0607
195,87,570.945,3,0.4999,0.0
175,151,396.467,2,0.8052,0.0021
831,11,329.777,6,0.3477,0.0
54,14,453.302,9,0.8108,0.0703
430,37,368.741,4,0.374,0.0
592,136,462.092,17,0.7835,0.1923
516,196,577.997,20,0.6046,0.0595
681,125,333.21,16,0.4063,0.0925
804,175,299.108,17,0.3148,0.0176
394,177,402.46,8,0.8917,0.1202
829,56,651.47,18,0.9158,0.1421
318,37,304.836,4,0.559,0.0462
985,33,610.456,13,0.7615,0.0545
505,159,444.549,11,0.9088,0.1359
737,134,9.42,10,0.3627,0.2616
876,173,343.128,17,0.6542,0.1471
793,102,151.98,7,0.5974,0.1066
852,196,108.689,12,0.4509,0.1664
537,179,169.178,10,0.4755,0.1227
44,162,513.086,11,0.9426,0.1079
494,161,451.902,7,0.7864,0.0247
182,25,386.766,15,0.7372,0.1755
890,149,356.846,12,0.7531,0.0644
237,190,280.514,3,0.5893,0.0
229,59,638.386,9,0.8513,0.0768
250,163,671.401,13,0.8221,0.0855
643,71,550.513,2,0.6054,0.0106
572,43,207.878,2,0.4027,0.0022
949,147,658.025,11,0.3682,0.0348
417,34,589.868,4,0.8564,0.0143
283,97,89.737,12,0.792,0.5292
50,188,246.337,2,0.6149,0.008
8,32,236.212,18,0.3953,0.1183
374,32,525.769,13,0.8414,0.1439
926,189,377.445,13,0.5514,0.0253
524,156,192.523,20,0.8437,0.5266
894,93,166.557,13,0.7895,0.4247
102,82,329.675,3,0.951,0.0
94,193,479.656,18,0.3475,0.0083
834,145,366.528,10,0.7504,0.138
107,182,188.314,14,0.8548,0.4485
52,19,446.579,18,0.504,0.045
405,107,719.217,10,0.8158,0.0
925,146,127.613,18,0.5084,0.2805
690,8,380.683,20,0.7445,0.2408
100,103,270.785,9,0.7764,0.1849
838,12,157.65,1,0.9266,0.0
844,181,630.417,15,0.9656,0.1788
801,137,689.616,17,0.9978,0.1818
903,38,252.466,1,0.7857,0.0
240,105,250.376,20,0.7053,0.3284
980,22,66.523,16,0.778,0.6531
321,161,444.973,4,0.8231,0.0217
803,40,19.599,15,0.871,0.8228
580,122,357.523,14,0.5037,0.0448
780,16,110.45,12,0.7962,0.5094
628,32,484.233,12,0.4344,0.0112
643,197,668.851,3,0.3721,0.0
617,78,64.379,19,0.8552,0.7013
779,25,560.084,6,0.7061,0.0
740,140,598.094,6,0.6332,0.0
135,41,127.28,4,0.5788,0.0372
827,118,664.341,5,0.479,0.0668
537,162,447.25,2,0.7103,0.0
324,137,385.387,17,0.3596,0.0475
515,50,483.581,18,0.7877,0.2019
967,48,207.795,2,0.6413,0.0
858,45,18.783,4,0.7414,0.5895
834,127,318.556,9,0.3221,0.0549
463,135,535.338,5,0.562,0.0
785,105,661.469,4,0.5798,0.0229
386,80,309.96,15,0.7045,0.2036
687,13,190.195,18,0.9313,0.5907
640,168,94.967,7,0.8017,0.349
250,133,673.588,11,0.8643,0.0451
267,128,166.665,9,0.8311,0.3287
62,21,656.016,8,0.4369,0.0
140,58,132.713,2,0.6594,0.0464
434,61,13.547,15,0.8145,0.7764
478,120,161.827,19,0.6751,0.3951
166,158,355.062,16,0.9646,0.3605
417,174,251.393,20,0.6627,0.2897
605,105,653.605,17,0.6835,0.0619
233,73,392.688,8,0.3839,0.0
339,82,85.235,17,0.3554,0.2084
368,148,450.426,5,0.3412,0.0138
506,64,280.347,8,0.4048,0.0474
367,84,488.998,15,0.7703,0.1209
737,158,566.154,6,0.4247,0.0
328,109,709.604,16,0.3756,0.0067
434,94,415.397,4,0.729,0.0065
380,147,264.377,4,0.9008,0.0658
183,58,312.475,16,0.3231,0.0
686,13,290.186,10,0.6543,0.1012
236,158,324.662,19,0.4342,0.1131
297,91,22.127,4,0.9401,0.7578
793,66,178.453,15,0.593,0.2865
949,20,711.194,5,0.7531,0.0
671,186,668.206,10,0.6043,0.0
917,146,35.244,10,0.8725,0.7435
855,55,705.308,17,0.6449,0.0559
481,122,570.311,8,0.9621,0.0273
771,93,2.477,8,0.5513,0.5474
329,66,657.737,10,0.805,0.0296
461,63,691.486,20,0.362,0.0
536,16,452.891,8,0.4135,0.0272
961,195,567.703,11,0.6707,0.0
849,186,239.757,2,0.4815,0.0177
490,175,412.285,13,0.3413,0.0
653,64,526.85,2,0.4734,0.0044
203,200,404.327,1,0.4896,0.0024
805,56,219.663,6,0.7362,0.095
554,165,467.6,4,0.4163,0.0271
533,21,603.742,11,0.9498,0.1066
767,63,602.008,5,0.5009,0.0
633,116,95.597,5,0.9745,0.4316
73,194,320.98,18,0.5965,0.1867
289,54,28.373,13,0.8126,0.7401
177,87,455.776,1,0.7748,0.0135
735,169,174.736,16,0.4967,0.2002
36,95,669.89,15,0.6105,0.0505
203,137,445.335,18,0.4605,0.0686
598,84,288.744,11,0.9192,0.2886
695,1,526.788,19,0.9204,0.2571
504,57,149.718,19,0.5518,0.3457
861,114,66.285,8,0.5861,0.3175
919,4,63.371,2,0.5119,0.0167
133,47,419.828,19,0.5093,0.0759
953,191,640.041,14,0.3612,0.0061
615,4,160.774,18,0.7479,0.447
637,50,547.355,2,0.8377,0.0
96,124,27.57,7,0.5385,0.3943
622,113,254.728,1,0.6512,0.0281
726,41,470.849,8,0.3154,0.0
581,12,594.987,16,0.741,0.0952
85,180,679.126,4,0.5275,0.0
524,111,455.634,8,0.4034,0.0
936,115,333.394,18,0.3078,0.0
724,12,44.128,7,0.5989,0.3863
138,42,198.828,11,0.7689,0.2447
960,15,664.679,9,0.468,0.0039
959,196,419.894,5,0.4175,0.0
170,154,247.056,19,0.7291,0.3579
801,110,179.524,17,0.7155,0.3334
407,137,82.276,8,0.5135,0.1803
594,34,541.28,18,0.8955,0.2107
446,198,297.205,10,0.7179,0.1272
783,104,674.347,13,0.8707,0.0972
997,104,327.435,6,0.9467,0.0814
796,192,589.322,8,0.7726,0.0
932,20,94.206,19,0.5046,0.3633
947,85,109.078,5,0.7741,0.2234
91,18,197.076,9,0.5947,0.0906
254,86,138.093,16,0.427,0.1921
722,54,703.265,7,0.422,0.0003
591,93,581.958,16,0.4076,0.0311
51,141,251.183,8,0.6255,0.0509
96,57,374.513,11,0.7161,0.0999
521,11,384.172,20,0.9822,0.4178
617,33,437.387,15,0.7713,0.1658
168,144,75.052,19,0.4624,0.3063
172,116,251.591,4,0.8847,0.0461
130,196,62.326,17,0.9887,0.876
565,179,661.767,11,0.589,0.0099
8,33,290.785,16,0.9161,0.3925
573,148,523.589,7,0.8209,0.0537
476,19,663.035,15,0.5213,0.0118
466,20,223.14,20,0.3047,0.0721
680,159,63.707,10,0.7888,0.5845
523,81,242.408,9,0.9757,0.3044
728,200,483.276,11,0.3949,0.0007
764,2,360.104,5,0.9406,0.0354
921,101,54.429,12,0.4449,0.2987
800,62,51.006,4,0.6791,0.3709
518,198,503.835,14,0.6868,0.1065
493,134,530.444,20,0.4546,0.0654
236,155,79.291,16,0.3168,0.1427
600,59,572.3,20,0.4216,0.0143
140,179,249.13,9,0.5734,0.0911
932,169,49.576,16,0.4324,0.2741
846,157,240.713,12,0.7697,0.24
120,96,526.077,10,0.6416,0.0511
786,185,472.332,13,0.5478,0.0609
118,134,346.918,14,0.463,0.0568
722,14,201.71,1,0.7636,0.0177
88,177,301.201,15,0.9243,0.4288
489,5,275.069,11,0.7555,0.184
658,137,281.121,3,0.5863,0.0544
729,50,352.834,4,0.3195,0.0119
419,180,328.077,3,0.8532,0.0
922,146,74.226,17,0.6673,0.5439
775,162,209.277,8,0.3458,0.0
209,140,93.394,9,0.8091,0.4756
672,114,433.708,8,0.461,0.0
731,173,304.715,15,0.5092,0.1362
334,60,483.951,10,0.7558,0.043
739,106,63.531,20,0.4321,0.3119
899,60,248.662,7,0.5253,0.0298
818,23,130.263,20,0.7884,0.5117
763,176,66.757,13,0.5207,0.3765
635,100,556.995,13,0.3642,0.0019
271,11,94.709,16,0.37,0.1797
796,166,126.351,18,0.6789,0.4619
365,189,264.397,18,0.9989,0.5356
533,133,211.143,18,0.6662,0.3289
315,66,662.31,9,0.9842,0.0215
314,172,711.831,16,0.9346,0.1123
158,148,304.417,6,0.9142,0.0972
962,57,145.217,10,0.613,0.2138
148,67,358.891,4,0.6957,0.0
87,198,357.134,9,0.7445,0.1165
937,191,335.815,12,0.306,0.0
556,136,15.132,17,0.3306,0.3169
438,8,92.867,1,0.9717,0.0133
738,46,101.956,12,0.6078,0.3674
384,71,253.592,18,0.885,0.4571
128,108,418.377,16,0.3858,0.0202
730,174,632.108,10,0.4804,0.0138
176,170,161.205,9,0.3367,0.0377
553,55,555.378,13,0.8337,0.1042
950,22,163.257,15,0.4811,0.1851
937,56,23.968,9,0.8537,0.7717
361,48,468.073,11,0.8453,0.0873
781,180,154.928,1,0.372,0.0353
613,3,662.192,7,0.5,0.0096
480,167,672.095,16,0.675,0.0781
140,132,76.07,9,0.8647,0.5585
377,22,140.6,10,0.8585,0.484
652,138,151.893,19,0.6774,0.4298
987,117,656.28,9,0.7867,0.0653
5,1,56.638,9,0.9574,0.7198
718,45,540.965,16,0.5875,0.0275
847,70,207.503,17,0.3918,0.1039
952,44,419.562,7,0.3952,0.0212
424,116,128.054,4,0.5624,0.0843
119,124,580.798,13,0.3813,0.0
271,34,483.12,3,0.9167,0.0283
851,25,15.715,15,0.6785,0.6459
878,132,171.117,10,0.8384,0.3825
638,94,336.039,20,0.9955,0.4652
123,54,382.681,7,0.5828,0.0
122,52,595.722,16,0.8615,0.1101
479,8,278.921,1,0.8141,0.0
589,171,667.365,1,0.478,0.025
33,169,140.001,9,0.381,0.1017
687,111,617.624,13,0.3069,0.0
545,70,651.144,4,0.8788,0.0116
13,44,451.401,13,0.9859,0.2382
96,62,696.633,14,0.5709,0.0
455,186,295.918,3,0.6736,0.0092
723,18,503.634,18,0.4372,0.0
826,165,7.765,16,0.844,0.8214
432,61,198.133,7,0.3147,0.0
296,54,408.003,8,0.3944,0.0167
969,162,630.734,6,0.9576,0.0277
459,193,686.13,13,0.5135,0.0416
316,199,417.402,14,0.6783,0.1105
443,54,616.299,6,0.6117,0.0088
13,119,575.548,11,0.4242,0.0
302,59,557.158,4,0.7945,0.0
516,39,80.695,9,0.9325,0.6116
919,78,344.881,8,0.6968,0.0497
739,13,350.364,8,0.4857,0.0621
782,33,567.076,5,0.8946,0.008
545,120,422.204,1,0.5063,0.0338
111,138,590.384,20,0.8715,0.2274
391,55,688.666,9,0.9002,0.0464
998,112,399.581,15,0.8956,0.2641
45,153,570.136,18,0.8049,0.1533
880,179,403.823,1,0.9714,0.0043
685,114,450.693,8,0.9263,0.0539
284,49,342.987,8,0.9536,0.1318
778,143,690.929,13,0.6003,0.0148
837,35,588.747,19,0.4698,0.0328
44,28,541.522,14,0.9982,0.1483
107,72,237.635,12,0.3977,0.0245
666,66,349.756,5,0.7079,0.0267
1000,30,621.363,10,0.784,0.0475
24,11,674.228,15,0.5497,0.0
666,190,718.237,11,0.4956,0.0065
137,136,528.922,13,0.4037,0.0917
651,144,526.338,7,0.3284,0.0285
624,14,68.043,10,0.984,0.7084
91,160,541.234,8,0.6067,0.01
681,73,249.98,10,0.5031,0.0686
898,150,622.597,4,0.4295,0.0
864,99,8.595,13,0.4623,0.4606
29,49,672.79,15,0.6681,0.0694
246,53,348.652,16,0.4712,0.0552
241,29,92.564,5,0.4903,0.1176
454,166,432.918,9,0.991,0.1133
144,86,498.42,9,0.7149,0.0255
855,157,561.565,18,0.3717,0.0514
777,166,505.479,19,0.8279,0.1939
809,34,398.654,10,0.3551,0.0241
199,67,59.459,9,0.523,0.2768
15,25,621.355,1,0.5375,0.0
911,2,708.06,7,0.7853,0.0
289,198,560.276,2,0.3528,0.0
657,133,25.497,9,0.705,0.5611
910,91,544.225,8,0.6697,0.0
37,41,194.507,5,0.535,0.0
6,119,692.731,20,0.637,0.0454
6,109,46.194,15,0.6262,0.487
157,45,66.88,13,0.982,0.7882
52,3,130.996,14,0.7698,0.4973
820,94,542.397,7,0.5071,0.013
606,102,469.186,6,0.8572,0.027
981,160,523.747,18,0.6149,0.0678
802,79,255.12,9,0.3674,0.0262
964,20,633.355,15,0.3987,0.0196
239,177,321.581,11,0.6966,0.1054
288,83,96.995,1,0.4144,0.0264
850,145,552.698,18,0.8832,0.1986
245,9,381.503,1,0.4134,0.0
58,8,427.459,7,0.5594,0.0147
670,5,277.594,16,0.6894,0.2089
801,158,511.863,12,0.9981,0.1543
969,49,26.091,17,0.333,0.2708
928,159,353.901,19,0.7428,0.2451
121,189,307.841,15,0.6484,0.1852
773,133,537.591,6,0.6166,0.0
847,198,191.793,1,0.4666,0.0
699,186,168.655,15,0.3056,0.0881
820,145,230.619,7,0.8654,0.1761
838,161,346.251,14,0.8275,0.2555
447,121,151.507,11,0.3779,0.0962
41,44,492.787,3,0.6827,0.0434
457,21,239.094,8,0.5353,0.04
202,77,303.789,20,0.3755,0.0373
114,96,401.688,7,0.6216,0.0
125,70,271.662,16,0.3031,0.0136
698,21,505.033,14,0.6288,0.0835
505,101,472.632,9,0.3994,0.0172
540,100,545.043,16,0.5471,0.0357
746,191,376.802,12,0.5635,0.1087
549,191,264.86,13,0.3507,0.0
631,124,145.211,8,0.7325,0.2851
87,171,314.84,19,0.6579,0.2162
852,63,628.634,6,0.762,0.0461
449,194,87.578,11,0.8769,0.5904
156,189,155.482,18,0.5268,0.2928
814,26,479.144,15,0.6543,0.0804
735,141,414.178,12,0.8433,0.2162
54,92,659.695,2,0.5478,0.0056
194,54,21.389,8,0.6888,0.5859
16,83,632.592,9,0.6927,0.0184
271,182,522.49,18,0.4809,0.0562
100,185,558.484,18,0.6731,0.1387
710,69,272.951,9,0.4699,0.0687
523,93,221.62,8,0.404,0.0
981,104,10.845,4,0.8584,0.7458
750,147,567.038,10,0.9034,0.0504
612,96,116.738,4,0.8619,0.2292
510,80,163.2,4,0.7326,0.0574
55,185,199.486,19,0.3522,0.1517
71,75,626.231,11,0.6716,0.0
617,54,207.644,8,0.9662,0.2784
5,66,306.779,9,0.9343,0.2089
43,67,538.214,8,0.8647,0.0527
220,112,642.489,17,0.7861,0.0812
885,133,569.756,11,0.6538,0.0558
459,27,385.73,13,0.6072,0.0635
710,178,2.068,12,0.7139,0.698
412,51,114.068,12,0.6313,0.34
174,23,182.967,9,0.5889,0.1254
372,134,298.204,16,0.7187,0.2929
92,42,261.095,19,0.942,0.4803
771,151,370.615,7,0.453,0.0
184,190,296.954,7,0.3949,0.0
377,139,522.905,16,0.4102,0.0
981,156,38.08,3,0.7894,0.3641
592,99,716.207,10,0.909,0.0405
459,70,607.081,20,0.8367,0.155
544,123,241.509,14,0.5828,0.1663
785,72,285.999,5,0.6957,0.0102
255,176,693.887,9,0.3325,0.0342
637,94,673.811,19,0.6253,0.0272
873,100,283.388,11,0.8219,0.2335
573,135,43.394,17,0.8544,0.7528
447,38,711.342,17,0.7282,0.0493
146,113,470.876,16,0.8824,0.2173
249,151,499.115,13,0.5417,0.0382
947,156,198.071,3,0.3615,0.0
542,45,589.558,6,0.6613,0.0056
302,11,401.608,1,0.9949,0.0005
419,39,338.839,9,0.9234,0.1891
579,164,533.795,4,0.9134,0.0128
538,54,268.082,13,0.7241,0.2621
700,12,309.457,9,0.9678,0.248
258,120,469.849,19,0.6915,0.1502
650,177,460.682,16,0.6051,0.1184
443,45,699.268,5,0.761,0.0054
941,9,405.472,8,0.6878,0.0586
158,29,231.449,9,0.7886,0.201
149,26,207.312,1,0.5644,0.0096
462,41,384.727,15,0.9814,0.2862
509,37,86.523,2,0.9597,0.1519
691,128,423.637,17,0.8621,0.2734
405,45,281.288,10,0.3241,0.0238
914,110,253.762,10,0.4844,0.0118
475,81,138.987,1,0.9547,0.0
130,131,356.95,13,0.8679,0.2124
120,132,27.577,16,0.4771,0.4093
974,119,437.369,9,0.7005,0.0
135,179,205.953,5,0.3188,0.0
948,40,651.698,20,0.8802,0.1901
279,105,379.217,10,0.6459,0.0443
94,79,562.133,14,0.6433,0.0899
305,107,612.93,16,0.3978,0.0
615,28,632.928,12,0.3238,0.0
428,64,626.919,12,0.9608,0.0569
786,189,162.725,14,0.8117,0.4218
611,161,218.736,18,0.4834,0.1905
401,86,509.861,14,0.3172,0.0
635,23,387.316,17,0.7452,0.2054
972,130,438.915,6,0.9082,0.0179
412,61,488.126,4,0.6292,0.0172
154,66,82.705,3,0.7662,0.141
409,20,121.596,1,0.9674,0.0
841,58,459.423,9,0.6385,0.0334
218,43,450.455,18,0.8687,0.2532
950,7,588.642,2,0.543,0.0
589,118,499.676,14,0.3086,0.0002
602,194,149.923,17,0.897,0.5529
318,26,50.917,19,0.9645,0.8572
921,11,281.842,17,0.3405,0.0655
37,21,267.63,2,0.7545,0.0
299,110,552.656,4,0.7955,0.0254
419,166,483.632,20,0.9063,0.3144
478,62,628.05,2,0.7721,0.0202
475,24,363.316,20,0.8751,0.3259
148,20,208.219,19,0.8137,0.4567
226,122,363.308,6,0.5675,0.0219
96,72,155.554,17,0.3936,0.135
573,71,44.052,2,0.9262,0.2985
351,48,360.022,3,0.9662,0.0297
566,180,298.089,8,0.3166,0.0242
590,75,23.689,5,0.7931,0.6512
703,142,519.456,9,0.3685,0.0
548,149,464.111,6,0.7958,0.0077
648,12,53.601,6,0.4498,0.1846
588,50,511.362,8,0.9843,0.0398
653,180,60.091,2,0.8204,0.1814
617,177,372.954,14,0.7916,0.2014
317,83,448.207,18,0.4531,0.0377
247,32,359.52,9,0.4668,0.0532
788,60,538.259,5,0.6889,0.0
343,190,277.915,19,0.4124,0.1039
550,135,153.722,18,0.5223,0.2304
197,16,350.471,10,0.9409,0.2011
432,144,246.739,6,0.6183,0.0487
530,30,109.343,15,0.539,0.3389
627,61,339.445,17,0.9003,0.3491
527,97,145.429,1,0.7678,0.0035
361,71,338.878,6,0.6157,0.0
962,140,426.824,18,0.8392,0.2864
513,32,563.291,3,0.4486,0.014
809,176,614.353,5,0.3742,0.0033
737,119,481.244,17,0.5025,0.0514
559,62,643.404,17,0.5213,0.0082
887,192,401.829,6,0.9302,0.0342
129,96,511.656,18,0.9782,0.2726
922,84,554.776,7,0.338,0.0
851,5,593.977,5,0.924,0.0084
504,200,541.457,9,0.8789,0.0857
734,170,649.787,12,0.4324,0.0
521,36,340.719,13,0.6317,0.115
269,190,686.53,6,0.6393,0.0
800,160,288.506,13,0.4444,0.0503
246,85,51.002,1,0.5674,0.0059
315,186,131.532,2,0.4128,0.0396
520,112,402.172,5,0.6922,0.0028
838,138,10.996,20,0.5376,0.5375
384,37,113.745,15,0.6234,0.3741
495,22,269.649,2,0.6468,0.0431
42,106,449.682,2,0.6677,0.0322
116,66,119.613,17,0.4288,0.2364
56,197,414.115,11,0.3091,0.0198
73,18,477.633,15,0.7012,0.1214
869,153,549.953,7,0.5126,0.0
842,121,475.714,6,0.3452,0.0062
822,176,180.435,4,0.5629,0.0785
56,200,718.101,12,0.992,0.0912
78,175,639.595,12,0.7326,0.0204
281,75,269.247,11,0.8061,0.1909
566,140,21.502,19,0.8906,0.8326
335,33,380.906,14,0.7737,0.1499
488,98,623.004,19,0.6083,0.0735
173,54,591.888,15,0.9076,0.1141
731,51,646.292,3,0.5136,0.0
314,115,698.067,11,0.4781,0.0067
67,26,513.524,20,0.4819,0.0142
743,114,117.345,15,0.5444,0.3041
903,81,26.699,3,0.8441,0.5839
15,46,109.438,4,0.3755,0.028
437,113,145.191,2,0.6664,0.0247
828,151,44.67,14,0.7203,0.6137
707,123,326.759,9,0.9512,0.1458
857,18,564.5,9,0.5688,0.0
416,113,3.559,20,0.6342,0.6378
373,125,578.709,19,0.7817,0.1711
710,137,666.259,2,0.4159,0.0115
154,86,109.854,18,0.5853,0.3864
240,19,15.859,19,0.3222,0.272
601,26,345.403,1,0.3013,0.0098
669,67,625.407,19,0.5971,0.0821
120,127,530.65,16,0.8713,0.1662
509,148,25.466,6,0.5688,0.3965
365,135,484.914,13,0.6872,0.0374
502,63,588.867,1,0.6299,0.0
959,89,195.52,15,0.6009,0.2325
77,10,470.631,7,0.7285,0.0199
996,160,355.896,6,0.9647,0.1094
450,71,148.45,16,0.6856,0.3751
773,102,649.136,16,0.8941,0.1047
425,90,160.955,8,0.5345,0.1179
311,58,605.222,3,0.4951,0.0
771,34,505.341,15,0.3555,0.0376
688,191,159.444,18,0.7086,0.4389
145,24,512.297,18,0.8157,0.2049
706,189,19.211,9,0.7401,0.6213
754,23,170.497,11,0.8952,0.4199
388,20,205.849,3,0.4476,0.026
926,181,640.272,7,0.7655,0.0
641,190,659.121,15,0.647,0.0
334,180,195.479,16,0.5212,0.2379
11,156,342.017,8,0.6411,0.0319
675,99,706.778,19,0.8051,0.1251
210,22,479.671,6,0.9235,0.0354
757,119,50.658,15,0.7203,0.5892
526,104,282.135,14,0.7641,0.2842
467,148,303.725,12,0.9539,0.3116
164,7,220.952,7,0.8182,0.1559
712,16,374.578,15,0.4547,0.1074
166,118,530.067,5,0.8367,0.0
418,172,498.035,17,0.3898,0.021
837,187,253.439,13,0.3939,0.0596
921,114,530.512,9,0.9656,0.0912
990,74,384.766,8,0.3785,0.0507
959,95,554.165,3,0.8799,0.0036
556,102,82.443,2,0.7731,0.0562
201,124,291.725,7,0.8286,0.108
840,46,284.45,5,0.6927,0.0213
802,78,253.622,14,0.8307,0.3642
991,109,502.735,10,0.9683,0.1289
651,171,401.354,4,0.8194,0.0
142,161,278.149,12,0.5239,0.0713
503,151,386.37,13,0.9259,0.2532
449,44,507.311,10,0.635,0.0297
843,82,486.254,14,0.4114,0.0
393,111,547.805,19,0.9336,0.2227
329,194,613.136,12,0.5895,0.0277
81,71,532.492,7,0.4741,0.0
836,184,130.11,13,0.7479,0.3935
756,150,609.614,18,0.9968,0.2499
42,127,239.391,13,0.8905,0.346
434,141,479.669,10,0.4757,0.0002
480,159,713.503,3,0.7989,0.0185
470,140,212.495,14,0.4781,0.0983
919,135,194.917,16,0.6586,0.3177
151,76,131.567,11,0.3984,0.1339
307,86,708.544,13,0.5021,0.0
181,120,307.68,3,0.9933,0.0511
245,169,564.491,20,0.6186,0.0727
908,131,35.928,9,0.8194,0.6764
941,198,130.315,18,0.6068,0.3425
45,137,45.961,14,0.3012,0.1706
633,82,587.349,15,0.758,0.124
233,116,77.165,6,0.5934,0.2831
193,125,664.715,6,0.483,0.0232
293,174,478.073,7,0.437,0.0
195,52,654.913,6,0.6402,0.0
491,50,294.674,15,0.9283,0.3385
996,41,378.711,4,0.5388,0.0049
587,12,20.338,15,0.6958,0.597
724,136,335.719,3,0.3359,0.0
494,193,425.521,11,0.8056,0.1208
14,123,72.875,6,0.848,0.4427
85,13,706.499,15,0.5642,0.0146
269,73,3.659,6,0.6076,0.5703
244,181,192.931,17,0.3485,0.1012
841,11,443.44,18,0.9444,0.3176
844,123,358.551,11,0.6857,0.0768
855,89,172.603,1,0.3978,0.0
638,184,710.469,14,0.8208,0.1104
557,103,136.397,14,0.845,0.5058
650,113,409.429,1,0.4409,0.0
407,145,83.879,12,0.6174,0.4143
671,165,40.893,1,0.6103,0.0332
795,104,351.524,5,0.5609,0.0263
763,145,579.482,13,0.9054,0.1158
614,162,382.781,10,0.795,0.1127
59,106,211.767,13,0.9185,0.4503
725,144,12.537,9,0.671,0.6138
367,73,677.213,6,0.8666,0.0
744,72,152.951,2,0.4658,0.0
540,1,413.904,13,0.4957,0.0
882,134,11.671,11,0.6455,0.619
339,51,70.439,3,0.6438,0.1218
932,163,122.937,3,0.3304,0.0
845,191,81.31,16,0.71,0.5424
332,176,382.377,17,0.3109,0.0144
483,56,286.18,8,0.4351,0.0422
532,131,577.025,20,0.5199,0.0
769,151,84.109,12,0.8864,0.6284
690,102,310.653,11,0.4372,0.0144
853,102,308.627,20,0.5735,0.2062
370,88,166.569,13,0.7525,0.3745
505,62,69.544,11,0.4047,0.2513
431,115,8.172,3,0.3518,0.2972
910,199,14.047,11,0.3049,0.2732
305,44,287.311,7,0.9739,0.1752
588,10,39.553,3,0.3277,0.0263
121,12,284.384,11,0.7568,0.1968
851,117,315.216,1,0.303,0.053
385,54,320.955,19,0.8787,0.4269
341,93,138.396,19,0.7688,0.5043
583,191,359.326,15,0.9859,0.351
499,16,282.772,18,0.9553,0.5261
848,35,712.465,17,0.9757,0.1347
532,43,33.143,17,0.3537,0.2877
517,92,39.266,3,0.7098,0.3126
105,139,593.749,20,0.8226,0.1711
22,37,191.901,5,0.3866,0.0163
399,22,132.734,2,0.4466,0.0156
999,18,629.692,18,0.5857,0.0366
918,161,383.799,16,0.8946,0.3144
629,6,443.561,12,0.8713,0.1671
631,126,6.228,3,0.8714,0.8084
392,116,188.11,7,0.4926,0.0561
178,21,186.997,13,0.8359,0.4456
9,111,547.962,15,0.3662,0.0
339,58,277.905,15,0.9639,0.4371
317,103,415.965,5,0.6473,0.0
192,28,671.005,14,0.8019,0.0752
260,134,708.975,3,0.9816,0.0279
25,160,92.113,6,0.5904,0.1673
608,1,400.446,1,0.5125,0.0001
928,107,503.533,18,0.5208,0.0419
691,130,563.187,8,0.3648,0.03
449,1,662.518,12,0.7736,0.079
421,145,524.539,1,0.9972,0.0
308,109,496.908,19,0.9111,0.2905
143,62,39.423,8,0.9768,0.875
599,97,392.497,9,0.4476,0.0131
567,137,431.312,8,0.3486,0.0
8,129,501.63,7,0.4932,0.0116
416,156,420.23,7,0.7265,0.0462
279,7,295.099,18,0.8125,0.3856
171,158,351.226,2,0.8478,0.0395
704,8,696.486,17,0.3326,0.0
526,131,237.29,6,0.7249,0.1042
634,70,564.917,2,0.4855,0.0
714,13,437.553,18,0.4838,0.0553
982,138,319.836,9,0.8486,0.1417
803,111,298.602,19,0.926,0.4752
621,134,387.035,2,0.7185,0.0
880,76,575.951,2,0.3132,0.0341
478,56,88.387,18,0.5293,0.3559
985,125,655.718,6,0.958,0.0286
762,44,557.499,10,0.7349,0.0453
651,163,251.626,4,0.884,0.0205
904,137,7.826,6,0.6344,0.5599
516,200,76.21,12,0.6127,0.4145
721,6,104.392,2,0.6878,0.0
285,118,75.026,16,0.8904,0.7186
964,112,74.449,6,0.9631,0.5513
624,172,691.324,19,0.6741,0.0608
783,85,474.262,8,0.9702,0.0856
461,188,590.95,15,0.8486,0.1556
867,48,405.445,20,0.8434,0.3233
75,171,446.219,14,0.9613,0.2074
115,105,634.378,20,0.3983,0.0157
508,189,188.987,15,0.3342,0.0906
733,44,500.21,10,0.3836,0.0
810,53,647.553,20,0.6965,0.0978
441,113,674.162,19,0.9013,0.1611
650,111,319.993,19,0.3363,0.0696
554,30,616.904,16,0.6564,0.0315
962,131,363.027,2,0.7385,0.0
655,82,186.049,16,0.7265,0.3466
417,31,181.065,5,0.5036,0.0449
970,103,325.546,6,0.4692,0.0
108,140,186.051,16,0.3158,0.0495
985,7,22.07,15,0.4116,0.3467
155,185,76.441,2,0.3091,0.0048
289,123,611.514,20,0.6417,0.0784
822,53,635.465,14,0.764,0.0644
734,151,628.655,17,0.7276,0.0395
971,169,398.896,19,0.8027,0.2869
750,192,673.389,11,0.3578,0.0083
638,159,359.597,7,0.6964,0.0339
347,41,333.301,1,0.4426,0.0
5,33,341.818,15,0.7518,0.2134
124,42,183.334,8,0.8654,0.2699
298,176,441.916,9,0.7464,0.032
41,61,323.52,14,0.5767,0.108
509,67,701.766,9,0.5705,0.0318
778,179,124.241,3,0.6911,0.1029
964,41,55.689,18,0.9246,0.8344
490,82,253.145,9,0.7595,0.159
876,60,155.588,15,0.3687,0.1547
986,61,714.175,15,0.8494,0.1192
860,120,402.397,5,0.3371,0.0018
465,149,259.317,18,0.5613,0.1463
326,54,462.952,20,0.5643,0.0809
978,8,326.514,15,0.7368,0.1607
242,128,150.75,18,0.8853,0.5851
412,110,284.357,13,0.4934,0.0796
75,132,206.532,7,0.7443,0.1
794,91,459.248,5,0.7049,0.0254
650,156,588.021,19,0.727,0.128
85,125,189.424,14,0.3132,0.006
222,152,447.545,10,0.6583,0.0442
556,147,510.251,17,0.9553,0.2134
541,100,266.723,12,0.4726,0.1187
803,65,351.282,9,0.8498,0.0933
267,117,258.669,2,0.8048,0.0
925,128,268.805,18,0.9902,0.517
445,115,321.553,2,0.5225,0.0028
823,105,213.057,7,0.8965,0.2075
239,69,351.853,13,0.4933,0.0106
37,27,541.74,13,0.6208,0.0398
56,86,284.197,13,0.6375,0.138
373,177,680.742,17,0.7915,0.0809
954,144,157.348,11,0.4734,0.1741
49,151,323.919,18,0.5356,0.1218
369,148,433.412,12,0.9829,0.204
110,185,391.379,10,0.7572,0.0914
932,46,681.824,8,0.6851,0.016
676,145,233.854,10,0.3388,0.0257
763,14,272.206,10,0.9984,0.2613
714,49,429.093,19,0.8359,0.2633
658,6,429.586,4,0.984,0.0004
774,87,567.064,10,0.5354,0.0
9,29,572.154,3,0.3886,0.0
866,78,8.322,1,0.8222,0.5667
740,27,550.341,10,0.816,0.0521
740,8,517.007,10,0.9093,0.0713
394,96,421.962,6,0.305,0.0081
801,83,228.572,13,0.711,0.2839
382,84,653.127,1,0.3997,0.0128
49,70,531.649,15,0.6352,0.0959
908,82,185.618,9,0.9995,0.4295
235,1,220.106,2,0.8217,0.0201
102,96,511.673,19,0.485,0.0421
622,170,660.752,12,0.7374,0.0628
234,28,353.444,10,0.637,0.1052
859,29,633.084,13,0.6173,0.0278
444,157,275.431,12,0.3457,0.0
5,101,284.82,14,0.7515,0.2463
952,52,494.035,15,0.7288,0.1086
515,157,36.862,6,0.3634,0.1965
263,65,100.454,13,0.3903,0.1622
678,121,524.602,16,0.6225,0.0719
531,112,174.681,3,0.6768,0.0337
30,34,126.469,16,0.4339,0.1867
760,152,64.573,7,0.8822,0.5786
402,124,162.283,3,0.7961,0.0528
700,42,180.714,15,0.4577,0.0975
896,152,245.966,16,0.8629,0.4072
611,125,675.628,12,0.71,0.0
672,171,464.303,13,0.522,0.0648
255,165,499.339,10,0.8799,0.0676
238,64,96.012,9,0.6585,0.3238
416,188,139.124,7,0.6061,0.1745
853,7,647.094,16,0.3111,0.0
525,67,456.885,10,0.8749,0.0698
349,122,583.044,3,0.4933,0.0319
780,107,257.694,5,0.5033,0.0055
854,46,415.8,8,0.8848,0.0395
903,40,361.838,15,0.3604,0.0027
299,157,148.294,18,0.9682,0.6453
710,176,593.922,4,0.5319,0.0
591,136,240.638,3,0.5335,0.0
449,107,336.426,11,0.7894,0.2007
397,155,96.189,19,0.5527,0.3498
115,49,459.798,6,0.4896,0.0
275,194,569.722,13,0.4115,0.0
550,25,295.774,15,0.5324,0.1143
887,117,704.266,1,0.9808,0.0
867,69,185.832,8,0.3918,0.0313
188,181,628.681,4,0.9553,0.0412
680,49,519.415,20,0.702,0.1223
85,129,667.665,2,0.7723,0.0
676,32,533.396,3,0.857,0.0353
342,37,356.546,16,0.3309,0.0631
450,84,297.992,4,0.9821,0.0501
718,160,597.253,6,0.8318,0.0
425,56,605.142,12,0.8614,0.0948
808,139,424.216,12,0.598,0.0721
534,115,505.678,20,0.718,0.1745
999,196,333.526,18,0.693,0.2169
639,61,157.618,17,0.3687,0.1114
297,49,36.461,19,0.4355,0.3858
776,181,470.841,12,0.8381,0.1297
408,67,481.999,17,0.646,0.1315
535,43,479.157,15,0.4299,0.013
137,165,405.152,11,0.9002,0.1757
120,163,246.857,19,0.4194,0.0893
575,13,174.645,3,0.9463,0.1119
187,172,47.775,8,0.8284,0.6584
998,127,106.992,7,0.8709,0.4188
856,56,452.561,11,0.6538,0.0028
701,108,553.127,7,0.6515,0.0348
735,48,653.535,9,0.384,0.0521
596,34,60.878,20,0.9537,0.8267
61,27,586.192,16,0.5727,0.0312
393,34,430.344,17,0.6994,0.1463
496,117,217.297,8,0.3508,0.0069
916,163,522.708,7,0.4389,0.0282
220,98,712.34,11,0.9089,0.0595
497,4,273.491,9,0.6055,0.0481
345,86,451.942,14,0.5689,0.0466
135,150,188.169,6,0.484,0.0401
104,168,148.018,3,0.9717,0.1013
366,147,107.8,9,0.7728,0.4161
83,74,23.635,17,0.6456,0.5933
68,130,521.282,2,0.9685,0.0279
351,14,105.517,2,0.7027,0.0496
202,82,487.078,17,0.9514,0.26
555,108,626.184,8,0.4117,0.0012
18,6,609.628,11,0.5874,0.0
302,3,215.605,16,0.6829,0.3517
454,161,90.01,13,0.4251,0.2326
964,45,319.285,20,0.7444,0.2697
635,26,130.938,4,0.816,0.1475
881,119,269.239,17,0.4674,0.0732
344,57,409.767,10,0.575,0.0189
450,196,464.108,3,0.9496,0.003
421,190,157.584,10,0.7124,0.3049
888,165,164.04,11,0.7871,0.3825
960,61,623.564,2,0.8569,0.0
963,176,680.347,10,0.4542,0.0053
752,52,462.74,1,0.803,0.008
504,48,401.134,14,0.9203,0.2537
541,195,473.984,13,0.9671,0.1634
981,135,93.042,3,0.3692,0.0
285,18,645.92,12,0.4461,0.0
347,178,150.585,6,0.3043,0.0291
897,33,482.335,13,0.5773,0.0164
387,137,160.208,5,0.5107,0.0235
236,88,508.317,18,0.7113,0.1294
561,4,542.596,11,0.471,0.0
326,158,533.683,20,0.7901,0.1835
891,138,308.949,2,0.9718,0.0108
910,177,437.26,17,0.3708,0.0
307,123,430.753,2,0.4502,0.0
530,152,518.765,1,0.436,0.0
984,182,359.531,4,0.9853,0.0379
743,196,365.498,7,0.7067,0.0
216,113,492.932,18,0.5184,0.0433
591,4,122.924,16,0.5665,0.3599
620,70,469.959,2,0.8692,0.0279
654,124,107.152,19,0.8267,0.6483
26,22,522.019,5,0.5931,0.0344
300,24,280.323,19,0.4994,0.1215
855,79,604.58,5,0.9703,0.0371
242,183,64.112,14,0.8854,0.6613
300,65,331.847,13,0.3045,0.0
323,188,120.813,17,0.6565,0.4338
178,161,625.647,13,0.3299,0.0055
156,61,90.616,4,0.6835,0.1773
348,47,349.598,20,0.9602,0.4255
875,166,76.228,8,0.314,0.0179
2,152,574.454,19,0.5143,0.0539
284,127,203.427,2,0.6518,0.0261
61,196,427.926,19,0.4792,0.0702
562,21,122.918,6,0.3847,0.0478
251,78,253.48,20,0.4896,0.1756
792,121,82.305,16,0.5709,0.3709
586,15,396.823,20,0.5179,0.1009
784,196,2.985,4,0.9958,0.9352
635,115,715.015,15,0.9732,0.1518
439,62,300.013,15,0.7433,0.184
861,48,453.387,19,0.3382,0.0109
477,1,206.839,16,0.3549,0.121
950,119,182.712,2,0.7897,0.0179
995,196,609.294,18,0.7678,0.0936
590,8,546.013,6,0.4259,0.0105
675,83,463.349,20,0.9189,0.3413
256,133,541.783,16,0.8038,0.1428
815,87,126.638,15,0.4415,0.2131
672,131,672.579,13,0.9336,0.0618
903,143,327.689,14,0.8156,0.2292
268,194,625.538,12,0.9355,0.1
788,121,530.093,16,0.9237,0.199
471,142,206.22,19,0.3024,0.0566
186,61,410.124,4,0.6768,0.0
172,31,696.002,17,0.371,0.0385
563,20,27.185,15,0.5382,0.4701
320,22,307.354,12,0.5088,0.0867
102,166,446.978,19,0.6588,0.094
428,9,245.055,19,0.8925,0.5121
653,97,229.241,10,0.4017,0.0088
319,123,539.184,2,0.6267,0.0
956,135,659.797,1,0.8977,0.0047
780,14,387.324,13,0.6272,0.136
513,173,682.737,7,0.4883,0.0454
935,88,73.37,5,0.6928,0.2848
433,4,164.165,2,0.3115,0.0105
140,27,63.609,6,0.6179,0.2873
36,172,313.867,13,0.6677,0.149
939,189,451.421,16,0.4545,0.0337
960,151,144.74,17,0.4759,0.2339
740,67,323.224,14,0.3725,0.0141
104,190,492.922,2,0.9254,0.0123
294,56,460.611,15,0.3343,0.0164
42,47,453.268,9,0.9243,0.0686
52,153,436.54,3,0.972,0.0
247,65,710.366,14,0.7025,0.0214
573,104,514.167,20,0.9243,0.341
66,133,653.571,19,0.6645,0.1089
985,34,685.27,16,0.3239,0.0259
456,186,619.039,5,0.4736,0.0
264,34,68.973,10,0.9798,0.7768
517,199,381.291,11,0.8694,0.1565
791,56,274.998,9,0.9881,0.2547
313,84,70.341,1,0.5996,0.0612
48,51,406.448,12,0.4589,0.0379
51,108,153.627,8,0.4863,0.0742
852,1,419.06,7,0.8783,0.0417
112,35,588.611,7,0.4414,0.0197
636,104,283.866,15,0.7255,0.2372
385,139,683.902,4,0.9297,0.0
778,193,551.974,11,0.8703,0.1208
61,168,579.181,3,0.5959,0.0
898,185,81.294,19,0.5729,0.408
699,160,678.178,8,0.7161,0.0751
450,156,25.344,19,0.6063,0.5651
208,70,607.683,2,0.4923,0.0126
978,182,21.834,15,0.3792,0.3617
303,193,117.388,19,0.5181,0.3297
491,103,227.391,4,0.3985,0.0342
395,25,531.319,20,0.3438,0.0
231,9,647.633,19,0.927,0.2128
417,99,480.046,18,0.7619,0.1732
152,127,524.129,15,0.9751,0.2321
2,111,208.992,1,0.8228,0.0
290,180,702.283,3,0.8113,0.0
113,108,293.865,7,0.6342,0.0392
415,133,657.341,16,0.7335,0.09
863,152,561.173,9,0.3671,0.0
163,179,264.748,1,0.7649,0.0
2,122,247.386,7,0.7498,0.1143
112,112,489.387,17,0.6424,0.097
509,16,677.169,17,0.7595,0.1114
275,129,484.252,17,0.8647,0.2478
490,36,617.419,14,0.5913,0.0002
30,74,695.74,4,0.5288,0.0
334,107,237.937,4,0.5056,0.0
411,17,387.945,20,0.9128,0.4083
432,139,438.753,2,0.9768,0.0227
552,57,156.759,16,0.8636,0.5151
781,103,574.336,12,0.7849,0.0964
468,71,188.835,1,0.8887,0.0
842,72,509.096,17,0.8358,0.1764
530,79,377.392,19,0.5101,0.0737
261,11,602.485,13,0.4848,0.0
230,40,368.564,20,0.91,0.3356
323,158,422.607,5,0.9006,0.018
598,25,130.782,20,0.4999,0.247
243,100,581.99,12,0.4909,0.0
915,29,289.828,14,0.9753,0.4316
480,108,417.626,11,0.7029,0.0781
864,129,609.239,18,0.8292,0.2072
684,94,345.42,16,0.3286,0.0483
334,155,197.977,17,0.6563,0.3397
229,54,191.461,9,0.5821,0.1132
744,112,407.972,19,0.4855,0.07
331,56,210.021,15,0.5235,0.185
247,102,244.087,7,0.8971,0.1651
931,13,169.442,6,0.3136,0.0077
483,54,321.603,16,0.7885,0.3009
49,142,335.846,1,0.657,0.0036
495,156,378.9,18,0.5631,0.0824
461,55,427.059,16,0.9261,0.296
864,52,423.498,12,0.8317,0.1314
712,60,264.738,20,0.7235,0.3244
192,56,648.539,6,0.5924,0.061
151,199,368.637,20,0.9401,0.4191
604,131,599.208,3,0.957,0.0527
48,78,401.534,16,0.8135,0.2063
320,93,267.156,5,0.5971,0.0
139,103,531.957,14,0.9882,0.1873
21,111,127.823,8,0.3313,0.042
919,78,698.185,8,0.8946,0.0079
90,195,412.272,6,0.5077,0.0
10,59,75.447,19,0.6412,0.519
933,86,303.667,12,0.3601,0.0218
189,2,513.171,10,0.6265,0.0418
817,99,49.505,6,0.4606,0.2265
32,171,188.563,15,0.521,0.2547
154,200,665.587,5,0.6963,0.0041
111,95,256.788,12,0.9805,0.4196
707,28,115.018,8,0.4577,0.1562
621,144,71.286,18,0.54,0.3688
476,129,445.916,7,0.4679,0.0
242,192,402.077,14,0.6535,0.08
89,102,466.55,4,0.4873,0.0
570,1,689.807,7,0.4346,0.0
231,181,43.755,11,0.7565,0.6138
591,136,142.724,19,0.423,0.2419
688,161,168.737,9,0.6942,0.1856
850,24,307.79,4,0.3379,0.0
494,92,87.578,18,0.8027,0.6093
5,92,295.401,5,0.3003,0.0
281,54,587.752,5,0.7753,0.0
854,170,118.252,8,0.4014,0.0783
534,38,659.98,17,0.792,0.1087
620,15,656.147,8,0.3568,0.0
458,47,369.594,20,0.5233,0.1063
163,198,619.383,17,0.7973,0.1192
897,23,512.425,17,0.7334,0.0893
773,117,257.173,9,0.5028,0.0648
996,37,404.68,17,0.6202,0.1255
856,79,84.406,18,0.5333,0.3789
292,111,357.201,8,0.3085,0.0027
255,4,597.67,7,0.6931,0.0
249,49,421.58,3,0.9929,0.0
919,118,275.371,8,0.6594,0.1095
557,3,477.931,10,0.5606,0.0313
455,99,703.347,16,0.6464,0.0331
969,121,49.053,12,0.8007,0.668
604,44,238.197,5,0.3692,0.0275
910,33,112.698,6,0.6129,0.206
985,99,689.024,3,0.4214,0.0202
80,144,393.276,5,0.7532,0.047
362,3,93.797,3,0.9664,0.2528
735,68,440.956,16,0.463,0.0625
814,200,360.552,5,0.5735,0.0
149,68,43.181,2,0.4897,0.0981
319,67,622.518,13,0.5708,0.0227
549,148,510.767,12,0.6214,0.0514
800,97,4.269,1,0.8451,0.7164
113,79,690.984,14,0.6933,0.0134
601,157,115.093,14,0.6508,0.4211
297,7,0.689,20,0.3212,0.3371
217,143,307.922,16,0.3296,0.0366
516,77,101.793,16,0.9026,0.6432
415,178,410.721,15,0.8802,0.226
636,145,224.574,13,0.3974,0.0887
318,189,133.736,13,0.9158,0.5739
824,26,709.456,13,0.9854,0.1277
79,38,239.899,9,0.8008,0.2211
862,181,298.901,2,0.6249,0.0
30,79,212.206,20,0.4549,0.1717
736,164,602.712,20,0.9218,0.2339
347,138,142.086,2,0.548,0.0253
384,100,92.35,16,0.4683,0.2826
20,10,634.709,16,0.7032,0.0661
703,15,132.427,5,0.9342,0.2984
166,144,617.786,8,0.9094,0.0204
660,20,416.499,16,0.8667,0.2688
726,1,592.916,17,0.5166,0.0359
846,44,50.979,8,0.835,0.6392
709,183,693.825,13,0.9287,0.105
302,126,216.179,10,0.8866,0.3267
739,144,42.682,3,0.7283,0.36
826,131,550.835,4,0.6962,0.0
318,114,128.897,17,0.8907,0.6296
125,52,253.125,1,0.6665,0.0041
891,86,428.355,2,0.4721,0.011
148,109,49.869,6,0.616,0.3382
594,198,145.791,17,0.8944,0.604
237,180,352.387,15,0.3132,0.0
127,148,304.059,12,0.5901,0.0639
777,163,401.674,13,0.9007,0.2127
144,162,524.751,4,0.68,0.0077
671,134,254.478,4,0.5757,0.0
694,166,291.47,12,0.7991,0.2171
61,15,196.478,8,0.7299,0.1937
173,5,244.912,12,0.694,0.2212
795,89,37.215,13,0.462,0.3764
508,11,417.899,7,0.9447,0.0432
122,68,124.814,18,0.359,0.2173
992,40,515.868,17,0.7842,0.1187
265,192,30.858,3,0.7686,0.4357
5,132,43.581,3,0.3911,0.0259
925,9,205.334,5,0.3699,0.0
17,125,315.932,3,0.5395,0.0
554,147,499.551,11,0.3567,0.0336
994,66,498.526,5,0.9675,0.0556
578,177,700.846,13,0.9015,0.0806
585,195,253.508,18,0.9638,0.5125
389,197,43.203,3,0.9941,0.4794
127,19,620.18,4,0.4541,0.0
573,90,526.194,4,0.8391,0.0
898,156,49.514,17,0.6195,0.4927
92,89,60.462,20,0.3302,0.2175
881,97,343.44,16,0.6603,0.1757
416,66,246.314,14,0.3575,0.0412
537,84,429.59,13,0.9905,0.2353
166,139,158.186,5,0.8827,0.1857
622,6,690.745,10,0.8784,0.0297
183,160,368.981,19,0.3545,0.0634
274,146,540.642,8,0.3054,0.0171
722,28,91.002,1,0.4873,0.0
51,155,444.378,5,0.882,0.0049
448,105,622.997,11,0.7059,0.074
595,64,17.042,14,0.7567,0.6926
133,92,389.02,9,0.3901,0.0202
295,104,178.045,10,0.6225,0.2137
344,43,344.701,14,0.6255,0.1219
664,122,587.608,6,0.9856,0.0
977,126,497.006,16,0.8419,0.1341
837,74,543.362,7,0.3939,0.0153
190,93,152.806,3,0.6213,0.0261
19,124,599.498,3,0.84,0.0
52,101,442.267,8,0.8493,0.07
596,87,50.363,1,0.6185,0.0243
157,192,621.219,4,0.8766,0.0
232,176,40.616,9,0.6328,0.4345
848,76,21.2,19,0.3234,0.2694
874,144,600.381,20,0.8684,0.2415
840,163,9.871,16,0.996,0.9876
254,23,64.128,19,0.4946,0.3818
620,119,12.698,13,0.7662,0.7373
611,160,633.861,3,0.5838,0.0
186,12,32.658,14,0.5843,0.4827
554,68,268.643,12,0.9422,0.3517
526,160,156.626,18,0.972,0.6679
397,188,246.325,7,0.3761,0.0
752,199,209.581,17,0.8089,0.4008
678,121,639.324,13,0.426,0.0015
533,9,553.584,15,0.6717,0.0557
726,6,637.27,1,0.8606,0.0
764,163,518.571,20,0.4564,0.0379
567,147,238.185,11,0.5276,0.1304
268,39,134.216,13,0.9611,0.603
759,27,381.676,10,0.5924,0.0526
718,30,257.123,3,0.3537,0.0
984,176,463.436,12,0.5915,0.0736
150,153,28.512,14,0.6161,0.5807
420,190,513.491,4,0.8451,0.0
925,23,216.033,8,0.5439,0.0374
515,140,333.082,13,0.3887,0.0
943,185,704.613,6,0.8447,0.0072
13,107,155.607,6,0.5627,0.075
36,155,85.153,3,0.3218,0.0432
797,121,151.461,11,0.8826,0.4682
359,2,253.407,3,0.9766,0.0096
521,86,386.321,18,0.9739,0.4116
429,53,705.773,4,0.7344,0.0
408,17,626.381,2,0.4846,0.0
940,120,514.911,19,0.907,0.2632
95,186,518.921,8,0.4245,0.0131
773,11,204.682,4,0.8245,0.0486
890,66,668.174,11,0.9106,0.0528
658,134,388.708,3,0.9493,0.0
396,63,117.434,9,0.6985,0.3334
161,24,684.243,14,0.97,0.1375
683,39,364.945,10,0.3251,0.0
469,5,112.391,19,0.3267,0.1717
150,199,529.5,15,0.8331,0.1125
360,99,168.712,13,0.9984,0.5746
962,189,135.526,14,0.4034,0.1707
266,138,193.032,14,0.5621,0.1906
179,70,416.57,10,0.9902,0.1595
682,189,211.018,3,0.9102,0.0412
200,53,29.865,6,0.5876,0.3367
920,37,279.304,7,0.9234,0.1349
859,162,169.142,6,0.6157,0.0816
984,111,368.486,6,0.5375,0.0
913,85,331.155,16,0.7113,0.2169
244,118,56.681,19,0.495,0.384
213,194,177.003,10,0.7599,0.3184
343,57,203.028,10,0.5035,0.1375
470,181,349.268,7,0.6553,0.0248
880,183,592.086,13,0.8411,0.0716
734,152,157.785,14,0.9038,0.5688
645,32,114.315,2,0.3281,0.0
879,18,1.235,11,0.8079,0.7873
646,25,436.879,9,0.9219,0.123
380,141,234.798,9,0.8155,0.2155
414,80,482.677,11,0.4613,0.03
518,198,497.057,3,0.8227,0.0
89,2,32.664,16,0.8633,0.7752
742,75,301.547,19,0.4258,0.1112
653,53,696.964,3,0.9382,0.0
732,177,198.466,17,0.4907,0.1704
534,25,381.512,12,0.9625,0.2683
783,82,387.457,17,0.6497,0.1444
950,174,187.967,4,0.3906,0.0294
570,195,561.175,4,0.7952,0.0
445,184,3.15,1,0.6971,0.5836
105,131,163.676,11,0.834,0.3892
779,33,426.823,9,0.5091,0.0
904,20,660.493,19,0.3399,0.0
700,83,7.358,12,0.4206,0.3843
866,96,432.824,19,0.6341,0.1259
862,103,2.922,6,0.332,0.2904
799,10,448.617,1,0.7614,0.0351
503,136,296.643,17,0.6533,0.1977
100,80,313.09,1,0.4468,0.0082
4,22,696.623,17,0.8592,0.1146
205,184,491.376,11,0.7578,0.0858
432,72,141.82,12,0.6845,0.3767
744,47,718.084,5,0.8061,0.0391
456,99,185.18,6,0.715,0.1051
24,191,494.01,5,0.3067,0.014
211,165,489.972,15,0.683,0.1226
980,20,611.877,10,0.4761,0.0
989,138,287.485,3,0.8382,0.0324
378,133,501.246,1,0.766,0.0008
805,178,450.865,15,0.7155,0.0922
720,194,314.504,14,0.674,0.2178
932,150,659.531,7,0.4801,0.0
888,131,181.763,8,0.7582,0.1832
629,71,161.865,17,0.856,0.5267
395,180,454.064,2,0.5748,0.023
627,189,137.397,20,0.5457,0.3376
320,199,597.681,17,0.9567,0.2543
349,191,244.896,3,0.8609,0.0418
609,129,303.481,11,0.3443,0.0165
572,192,491.426,12,0.4938,0.0459
581,157,637.331,19,0.8966,0.1816
385,49,496.932,12,0.828,0.106
410,7,68.281,1,0.4358,0.0
11,197,243.735,6,0.6424,0.0729
602,86,540.17,12,0.4311,0.0
576,175,653.627,8,0.713,0.0
936,58,456.539,10,0.3618,0.0
505,73,429.434,19,0.4845,0.0414
468,165,273.348,19,0.3586,0.0793
68,106,344.458,6,0.947,0.0715
197,136,311.488,4,0.426,0.0007
339,65,40.199,20,0.6652,0.5962
378,123,16.223,11,0.4259,0.3813
363,98,444.722,12,0.3896,0.0
395,187,367.329,4,0.3026,0.0
769,99,176.699,13,0.3575,0.0617
132,18,642.834,18,0.6706,0.0818
333,148,149.145,3,0.6683,0.0273
163,191,504.509,7,0.4783,0.0
308,177,567.727,9,0.9533,0.0626
685,21,605.043,10,0.6081,0.0263
47,200,604.542,5,0.8649,0.0465
340,70,571.914,14,0.6567,0.0196
24,167,329.887,5,0.4706,0.0
955,127,449.404,6,0.4114,0.0
728,195,617.623,12,0.4226,0.0
244,69,302.898,3,0.7725,0.0
199,122,483.18,17,0.8242,0.1844
99,137,115.286,9,0.417,0.0798
473,31,406.796,20,0.9917,0.4576
754,156,101.983,8,0.94,0.4875
585,29,475.579,1,0.47,0.0442
882,166,271.63,8,0.5198,0.0482
344,26,164.433,13,0.9802,0.6082
279,36,260.055,1,0.9983,0.0
479,99,505.17,10,0.5877,0.0074
203,37,653.83,16,0.8865,0.1246
976,16,8.617,18,0.9445,0.9135
186,11,121.267,15,0.9161,0.6402
479,58,508.275,5,0.7688,0.0094
523,99,409.705,15,0.5928,0.0647
58,9,230.152,16,0.6533,0.3083
469,28,469.444,9,0.7993,0.0248
455,123,624.441,14,0.4813,0.0224
260,64,186.116,10,0.7969,0.3074
128,152,349.941,9,0.6681,0.066
46,169,15.442,14,0.7072,0.6006
9,7,681.144,20,0.8852,0.1735
482,190,577.283,20,0.9601,0.2699
90,137,363.913,1,0.5138,0.0094
960,165,714.243,6,0.8339,0.0
245,96,158.947,17,0.7196,0.4268
653,1,535.787,15,0.5035,0.0467
674,178,554.16,15,0.7529,0.1142
496,114,598.301,13,0.7584,0.0615
884,8,493.427,9,0.8741,0.0939
111,34,137.63,13,0.584,0.2968
235,42,66.215,17,0.8679,0.7025
253,76,130.267,2,0.4711,0.0065
136,89,618.06,1,0.6229,0.0249
295,86,289.735,16,0.7334,0.3032
313,174,393.467,2,0.7189,0.0
765,189,18.756,9,0.3341,0.2362
302,136,354.083,3,0.5469,0.0
877,127,294.969,7,0.5231,0.0
773,173,385.116,4,0.9777,0.0168
902,54,270.509,9,0.9781,0.2558
106,112,54.781,1,0.5538,0.0238
985,129,32.129,18,0.8503,0.7644
614,58,683.879,15,0.6865,0.0153
983,191,434.948,14,0.577,0.0855
355,48,463.424,16,0.8474,0.2031
953,12,659.144,1,0.9665,0.0214
589,65,396.845,11,0.5517,0.0238
72,164,443.39,5,0.418,0.0437
411,75,376.826,18,0.965,0.4001
138,44,127.114,14,0.7957,0.4672
942,175,224.632,2,0.4509,0.0
305,31,636.783,18,0.306,0.0103
223,32,319.86,12,0.7642,0.1897
553,180,147.386,11,0.736,0.3627
426,65,596.275,3,0.4567,0.0
97,1,63.316,12,0.7497,0.5154
817,87,460.642,8,0.4081,0.0
846,149,504.24,6,0.5828,0.0
743,152,219.061,5,0.518,0.0306
617,18,120.574,3,0.9048,0.1427
403,57,323.047,17,0.5045,0.0626
543,124,543.746,9,0.4972,0.0
521,133,638.475,6,0.8279,0.0125
166,125,587.135,11,0.3121,0.029
82,68,79.306,7,0.8032,0.4592
254,173,160.788,12,0.3329,0.1013
455,16,444.421,1,0.3392,0.0101
161,165,511.28,4,0.6434,0.0387
107,188,6.787,14,0.9704,1.0
852,138,103.082,2,0.4139,0.0
375,86,68.145,20,0.5129,0.4069
585,77,245.928,7,0.7767,0.0642
525,88,490.337,12,0.9249,0.1651
736,34,679.128,17,0.6466,0.0228
740,45,64.912,10,0.6481,0.4425
297,128,364.633,6,0.5179,0.0
848,111,268.49,18,0.5642,0.1989
372,100,287.092,14,0.3987,0.0173
836,95,49.459,15,0.385,0.2607
405,16,207.947,6,0.8146,0.1574
111,174,182.142,2,0.6392,0.0108
761,192,517.316,5,0.8442,0.0
31,50,462.317,15,0.7539,0.1338
773,63,458.325,5,0.3024,0.0
44,127,374.106,16,0.6526,0.1219
207,1,246.63,9,0.6847,0.1114
604,21,175.908,7,0.3959,0.0475
942,181,8.619,6,0.9693,0.9504
409,35,106.934,2,0.8587,0.0796
121,116,158.705,8,0.9299,0.3665
233,177,702.418,19,0.7181,0.0853
897,147,698.74,12,0.8828,0.0577
727,55,552.836,16,0.4262,0.0375
101,31,439.63,17,0.898,0.2712
385,144,481.708,15,0.9443,0.2443
265,81,432.595,16,0.3133,0.0102
178,194,465.894,9,0.7486,0.0554
847,130,158.241,9,0.3665,0.0721
618,3,703.237,9,0.7528,0.0
180,51,544.901,7,0.9272,0.0241
651,149,169.038,1,0.4263,0.0
414,141,370.07,14,0.6457,0.1366
62,149,568.342,13,0.3671,0.0021
450,47,656.08,9,0.7553,0.0
186,50,276.676,14,0.3829,0.0339
246,42,348.544,16,0.9803,0.3919
879,140,223.461,19,0.5244,0.2211
711,3,271.449,18,0.4293,0.0819
135,163,164.337,7,0.967,0.3377
852,57,22.021,6,0.751,0.5976
575,98,300.05,10,0.6412,0.0773
875,50,339.081,8,0.8275,0.0874
748,86,561.636,14,0.906,0.1528
340,153,376.526,1,0.8664,0.0233
535,40,235.343,6,0.549,0.0135
531,114,333.803,9,0.5773,0.0
720,12,573.318,2,0.6687,0.0072
249,36,346.544,9,0.7104,0.0346
334,137,399.954,4,0.5108,0.0335
245,114,124.973,19,0.3953,0.1954
297,123,5.994,3,0.6072,0.5343
162,46,669.402,9,0.8706,0.0504
37,42,193.301,6,0.4934,0.0258
941,86,250.58,9,0.5623,0.0808
75,26,83.132,15,0.4918,0.3172
888,178,369.602,7,0.7268,0.0775
4,54,530.843,15,0.9663,0.2613
778,144,494.125,3,0.4261,0.0
329,32,616.106,20,0.8457,0.2227
518,131,206.687,13,0.7652,0.2694
283,41,226.9,19,0.9912,0.5935
491,57,695.23,5,0.3697,0.0158
452,83,329.024,14,0.936,0.2933
530,25,600.933,11,0.8653,0.1161
394,25,440.476,6,0.934,0.0723
537,151,130.632,16,0.8257,0.5377
826,70,689.377,10,0.4969,0.0553
435,114,233.937,15,0.592,0.2172
362,130,462.269,1,0.3761,0.006
132,125,183.624,3,0.3015,0.0112
360,126,414.693,16,0.9629,0.2947
126,196,389.832,9,0.8789,0.1169
183,127,188.317,4,0.357,0.0
953,70,711.921,16,0.6183,0.0309
90,57,101.722,4,0.502,0.0634
483,161,319.248,1,0.5081,0.0054
835,85,23.076,12,0.9263,0.8492
954,112,491.719,3,0.9946,0.0598
147,163,332.984,15,0.5954,0.0856
164,48,403.487,9,0.8702,0.0566
373,45,503.076,19,0.4161,0.0074
555,11,550.204,11,0.8388,0.0695
960,15,695.413,4,0.3356,0.0
208,124,622.145,11,0.5395,0.0
165,101,233.477,13,0.6981,0.2867
254,60,523.767,18,0.3441,0.0236
875,43,55.156,3,0.3826,0.0433
31,140,98.501,15,0.5233,0.2871
381,18,331.191,13,0.6325,0.1113
119,141,331.2,20,0.4502,0.0845
158,181,364.388,12,0.5223,0.0559
917,92,342.404,20,0.4185,0.0436
2,99,461.972,12,0.3709,0.0
322,108,687.152,2,0.5939,0.0213
916,20,124.75,3,0.4547,0.0
609,126,257.694,3,0.7563,0.0224
72,74,53.934,11,0.4592,0.2925
466,94,144.388,17,0.4332,0.1847
971,5,710.866,12,0.5574,0.0
401,176,28.961,19,0.3725,0.3158
529,67,154.241,11,0.329,0.0505
532,16,307.37,14,0.8356,0.2194
661,157,211.076,5,0.4209,0.0344
188,196,392.788,1,0.7281,0.0081
840,104,713.126,15,0.5133,0.0
989,7,506.98,2,0.5284,0.0
143,199,292.517,20,0.4107,0.0845
819,42,491.873,20,0.4609,0.026
817,49,628.089,5,0.7005,0.0166
742,142,165.268,2,0.7114,0.0409
371,67,516.331,18,0.5007,0.0346
469,17,442.237,19,0.4472,0.0405
840,137,528.484,11,0.5404,0.0
153,53,61.053,8,0.3615,0.0944
829,173,527.851,10,0.6705,0.0358
921,31,567.485,19,0.8763,0.2593
682,182,494.964,12,0.7409,0.0689
342,145,142.415,4,0.3153,0.0
560,48,116.587,14,0.491,0.2405
51,116,531.762,20,0.63,0.0958
932,188,466.526,2,0.9371,0.0
343,13,708.226,11,0.4193,0.0647
58,164,327.689,11,0.3519,0.022
795,93,165.493,16,0.6707,0.3675
658,190,554.315,12,0.6916,0.0992
623,42,539.064,5,0.9874,0.0155
55,144,376.585,13,0.6788,0.0935
751,194,537.282,3,0.3118,0.0
638,69,223.971,11,0.7685,0.3028
794,22,155.711,5,0.4439,0.0438
828,79,91.226,20,0.8698,0.6965
212,120,209.499,15,0.609,0.2205
211,127,471.461,15,0.904,0.2052
924,97,186.441,1,0.4229,0.0099
532,187,636.134,9,0.7177,0.0576
438,116,180.205,14,0.7915,0.4003
288,129,492.96,10,0.3303,0.0
640,192,380.083,3,0.632,0.0
754,188,152.708,11,0.776,0.384
3,69,400.684,14,0.7362,0.1727
553,58,687.43,15,0.3744,0.0482
994,150,679.836,7,0.3233,0.0673
281,106,210.302,12,0.452,0.0522
281,90,386.504,19,0.4681,0.0773
879,140,109.041,20,0.7187,0.5141
63,133,337.971,7,0.3167,0.0
398,183,231.816,14,0.4908,0.0996
459,74,669.263,19,0.4632,0.028
798,151,455.714,2,0.8853,0.0
130,46,133.555,12,0.5485,0.2476
435,188,714.488,16,0.8046,0.1088
153,17,499.959,5,0.8776,0.0
788,151,97.399,6,0.7956,0.3684
633,21,575.777,18,0.3787,0.0146
497,177,401.663,4,0.8173,0.0285
393,192,288.488,7,0.8943,0.139
154,164,141.75,17,0.5625,0.2802
922,158,200.469,13,0.9214,0.4582
648,96,120.842,13,0.7826,0.4661
320,49,578.514,11,0.7973,0.0721
414,198,196.906,8,0.6825,0.146
727,106,338.638,16,0.5684,0.1469
720,164,696.914,6,0.5247,0.013
462,143,716.084,6,0.859,0.0077
303,141,569.817,10,0.8876,0.0674
660,71,575.316,3,0.5323,0.0246
659,86,680.317,13,0.742,0.056
600,88,573.814,19,0.8061,0.1931
73,121,324.959,15,0.4501,0.0348
473,144,43.894,7,0.7412,0.5074
614,40,150.422,2,0.5375,0.0017
951,46,320.353,13,0.4912,0.0541
526,10,191.463,11,0.5212,0.1061
343,106,237.347,18,0.5282,0.218
556,134,42.901,10,0.6466,0.4619
178,43,397.757,2,0.5482,0.0245
91,143,253.462,19,0.8035,0.4468
679,1,186.736,6,0.9296,0.2178
987,174,439.663,16,0.841,0.1601
847,139,199.641,2,0.6854,0.0
584,137,343.171,20,0.7775,0.2907
41,142,177.786,19,0.9283,0.5748
988,72,490.13,2,0.7144,0.0105
450,200,615.063,19,0.3375,0.0172
290,150,59.291,16,0.5084,0.3868
893,37,590.382,19,0.5315,0.0233
747,185,613.297,5,0.9887,0.0327
750,148,694.766,8,0.8167,0.0
278,63,596.129,11,0.5996,0.0
992,190,397.945,10,0.5465,0.0
453,50,51.048,15,0.9732,0.8227
532,129,54.066,19,0.8359,0.7281
751,135,142.026,18,0.4436,0.1851
660,193,322.188,18,0.6321,0.1739
173,115,687.939,7,0.4581,0.0397
303,199,126.667,1,0.9929,0.0
362,57,388.165,4,0.7004,0.0242
948,161,718.612,4,0.357,0.0021
715,50,10.413,16,0.5179,0.5153
367,200,34.304,9,0.6719,0.5357
735,153,194.702,8,0.6591,0.1418
739,126,162.494,16,0.4543,0.1708
395,14,359.244,2,0.7797,0.0
404,100,303.015,8,0.4633,0.0217
895,29,420.431,9,0.9881,0.1241
562,184,106.322,5,0.8772,0.2708
150,76,493.964,7,0.6131,0.0137
720,167,154.972,17,0.5565,0.2786
590,182,325.708,14,0.4237,0.0524
509,23,24.495,7,0.359,0.2391
726,152,574.561,18,0.8283,0.1859
908,61,451.703,3,0.9209,0.0123
331,22,150.712,18,0.6495,0.3764
420,53,433.46,13,0.9267,0.2169
190,110,314.927,5,0.9645,0.0965
648,172,595.0,18,0.7133,0.0821
403,139,708.287,3,0.478,0.0
343,47,90.092,12,0.8719,0.6329
697,60,353.132,12,0.4532,0.0457
409,61,186.148,20,0.9505,0.7016
465,148,539.896,5,0.4335,0.0028
441,104,25.296,18,0.5484,0.4865
259,5,392.322,3,0.3846,0.0113
126,16,617.18,5,0.4982,0.0217
828,16,280.592,1,0.6529,0.0153
92,193,603.367,7,0.5718,0.0
325,101,106.188,15,0.7401,0.5289
668,99,661.235,4,0.5562,0.0
132,153,569.95,2,0.6986,0.0
656,39,281.895,12,0.7406,0.2371
734,7,94.487,1,0.9479,0.0324
663,55,374.944,14,0.9175,0.2614
306,42,482.872,16,0.4853,0.0399
20,160,93.263,15,0.6297,0.4691
888,164,671.919,2,0.3696,0.0
327,127,549.264,11,0.4556,0.0
806,182,685.199,7,0.5058,0.002
198,93,215.806,3,0.968,0.0662
163,49,312.353,4,0.8291,0.026
779,67,173.259,6,0.9276,0.2801
940,29,197.487,16,0.509,0.1645
861,181,105.034,10,0.9012,0.5251
752,121,90.607,2,0.8404,0.1167
247,155,483.129,6,0.4018,0.0
914,57,113.421,4,0.5251,0.0267
668,144,96.507,2,0.7979,0.046
173,67,385.134,18,0.5283,0.0748
130,90,507.027,18,0.4762,0.0247
872,131,560.299,2,0.994,0.0
276,197,417.982,11,0.6389,0.0887
766,112,145.523,18,0.5438,0.2544
139,143,412.939,12,0.5498,0.0976
281,119,450.761,7,0.7328,0.0396
284,85,186.201,3,0.7515,0.0927
282,187,104.457,2,0.9058,0.0643
675,193,666.506,19,0.7601,0.1012
915,63,69.534,13,0.9561,0.7921
911,180,199.932,18,0.7021,0.3389
742,91,167.027,20,0.6454,0.3977
203,148,642.283,8,0.8498,0.015
961,104,361.66,15,0.4493,0.0727
543,154,688.759,4,0.7441,0.0354
546,175,596.404,14,0.5803,0.0149
702,85,543.63,16,0.3938,0.0
770,141,127.693,11,0.5226,0.1755
953,102,248.263,12,0.7427,0.1967
583,160,590.685,10,0.9593,0.0609
611,39,708.15,17,0.6864,0.0555
746,146,632.164,11,0.5891,0.0
256,120,682.883,10,0.9265,0.0505
308,91,462.311,8,0.4394,0.021
626,74,347.887,18,0.3568,0.0244
65,141,370.842,2,0.5262,0.0
321,70,330.385,15,0.3611,0.0595
718,7,111.929,9,0.5937,0.2582
977,190,220.496,8,0.4688,0.0368
520,90,65.524,9,0.4313,0.1977
400,33,64.219,16,0.4348,0.3189
441,46,224.865,8,0.4742,0.0342
686,166,479.778,7,0.678,0.0
545,67,442.064,20,0.3012,0.0
24,57,403.034,9,0.7319,0.0379
540,98,539.357,17,0.7928,0.1249
401,6,304.627,8,0.8004,0.1121
701,113,318.592,20,0.6554,0.192
876,9,373.214,9,0.625,0.041
963,168,48.412,8,0.7213,0.4844
611,86,419.027,15,0.5093,0.078
363,44,540.297,17,0.3802,0.0
444,91,190.191,5,0.6558,0.0808
177,36,615.539,19,0.907,0.2031
936,65,192.043,7,0.6403,0.0954
848,27,369.757,18,0.4957,0.0563
854,134,629.684,11,0.4479,0.0
329,196,531.584,12,0.3463,0.036
323,98,415.024,6,0.9473,0.0427
857,20,448.555,4,0.5294,0.0
545,15,78.844,3,0.9287,0.2933
705,167,503.662,3,0.9615,0.0
490,70,440.781,15,0.6112,0.0646
443,60,61.322,13,0.5954,0.4173
633,21,89.94,12,0.5211,0.31
813,133,699.138,19,0.7466,0.0948
335,13,128.651,19,0.4497,0.2575
810,181,645.009,10,0.5365,0.0
245,42,198.962,15,0.5061,0.1542
403,14,285.509,2,0.5621,0.0365
913,141,400.175,12,0.3521,0.0
955,71,450.812,9,0.6703,0.0217
924,140,358.652,6,0.3641,0.0282
317,8,251.201,8,0.8485,0.1699
844,173,359.306,4,0.5942,0.0474
937,62,504.645,11,0.8152,0.0558
979,152,285.77,11,0.3912,0.0404
21,188,392.804,3,0.7051,0.043
745,108,273.315,10,0.4339,0.0361
997,67,237.882,7,0.7058,0.1051
765,63,215.5,9,0.5958,0.1323
234,138,161.635,18,0.7526,0.3938
763,2,547.874,9,0.3635,0.036
106,30,708.414,14,0.9313,0.1053
481,130,21.361,5,0.6376,0.4838
627,6,141.567,20,0.7711,0.5299
457,58,694.278,9,0.4797,0.0
700,130,246.407,7,0.8062,0.1534
241,51,280.367,1,0.958,0.0094
607,187,477.505,17,0.9696,0.2661
645,195,254.257,12,0.8581,0.317
634,7,354.998,3,0.5801,0.0138
290,35,648.568,12,0.4285,0.0
306,182,406.862,6,0.4861,0.0334
258,7,480.32,14,0.8266,0.1436
462,98,156.692,4,0.4982,0.0119
586,190,188.615,15,0.4967,0.1897
363,118,641.976,4,0.4917,0.0
410,62,660.701,14,0.5247,0.0007
287,2,581.122,6,0.6814,0.0
219,79,88.326,17,0.7872,0.5935
658,109,589.434,11,0.5725,0.0033
817,17,14.334,3,0.5703,0.4055
291,106,429.721,18,0.8815,0.3107
861,81,486.351,18,0.4388,0.0507
571,66,307.297,7,0.7275,0.0621
168,195,345.294,8,0.6889,0.0828
366,179,534.261,1,0.6219,0.0
8,139,644.364,14,0.9315,0.1312
40,119,136.729,10,0.3082,0.0714
337,95,100.14,3,0.8618,0.2189
455,15,453.779,14,0.5855,0.062
798,62,166.532,5,0.877,0.1705
135,3,140.245,5,0.6165,0.093
840,74,146.912,19,0.4272,0.2026
235,95,142.125,15,0.6954,0.3774
139,123,343.786,3,0.9813,0.008
700,71,694.379,12,0.3756,0.0449
775,51,596.296,10,0.9194,0.0197
605,143,391.43,3,0.7361,0.0
116,31,58.898,2,0.8754,0.1776
116,26,484.674,18,0.8774,0.2209
391,140,325.097,2,0.3859,0.0
451,118,560.53,12,0.5782,0.0
999,174,355.902,20,0.701,0.2176
287,148,481.323,8,0.8724,0.0606
193,181,144.436,13,0.5101,0.1822
946,133,599.999,9,0.9747,0.0275
154,169,561.296,13,0.3299,0.0
27,34,269.603,6,0.7003,0.0732
423,107,693.842,6,0.7543,0.0348
402,189,115.904,12,0.703,0.4029
620,158,14.9,4,0.3418,0.2202
878,81,549.577,12,0.6178,0.0446
933,186,432.608,13,0.4347,0.0383
290,63,80.308,20,0.6808,0.5036
981,5,115.265,5,0.5561,0.0927
633,160,94.667,3,0.8783,0.221
70,83,120.551,6,0.3447,0.0168
939,7,332.483,17,0.5988,0.1575
138,41,37.167,9,0.9011,0.7748
589,15,374.199,4,0.7588,0.0643
791,200,436.066,5,0.4233,0.0247
250,170,523.841,17,0.8656,0.1647
271,186,681.171,19,0.5349,0.0154
477,37,59.842,4,0.6654,0.291
885,161,25.796,12,0.7106,0.6078
224,113,100.61,20,0.3826,0.243
664,60,243.198,2,0.763,0.044
453,134,378.498,4,0.7788,0.0316
112,191,3.584,10,0.7441,0.7741
711,93,498.66,2,0.7737,0.0
833,6,688.977,12,0.4682,0.0
576,169,180.216,14,0.4612,0.1245
177,38,6.829,8,0.4741,0.44
156,37,542.46,19,0.4846,0.0188
424,124,554.551,18,0.5537,0.035
507,160,31.805,15,0.4751,0.3909
553,159,444.663,11,0.977,0.1627
244,174,175.223,3,0.3585,0.0212
501,177,455.853,5,0.894,0.0131
296,26,523.129,20,0.5497,0.0609
687,61,160.764,11,0.7253,0.3371
797,145,188.117,9,0.5218,0.1698
653,79,440.528,15,0.9314,0.2619
2,144,419.438,5,0.3464,0.0
993,91,638.097,7,0.485,0.0
24,91,367.71,8,0.9727,0.1289
1000,6,575.933,18,0.5505,0.0189
32,122,527.179,10,0.476,0.0172
517,173,479.471,2,0.5077,0.0418
106,164,138.481,10,0.3805,0.0619
96,68,199.341,6,0.5378,0.0263
684,136,408.291,10,0.5229,0.038
728,40,47.946,19,0.4953,0.3822
119,127,32.913,7,0.357,0.1623
977,82,36.343,6,0.7161,0.533
321,186,663.381,10,0.7807,0.0
319,143,496.148,2,0.7918,0.0
297,15,602.55,5,0.413,0.0
462,175,693.678,1,0.7531,0.0
178,145,504.847,19,0.9224,0.2925
425,44,371.274,16,0.9846,0.3302
210,57,345.153,4,0.9258,0.0275
52,35,537.267,7,0.396,0.0
369,63,624.952,3,0.9677,0.0009
673,189,597.409,16,0.5268,0.0063
764,181,355.174,3,0.3208,0.0023
354,111,557.04,14,0.555,0.0482
324,73,343.404,12,0.5151,0.0462
788,74,277.065,16,0.7732,0.2956
682,192,214.675,18,0.9887,0.5776
833,40,39.746,19,0.8089,0.7282
907,152,145.236,7,0.7745,0.2779
822,200,525.74,17,0.4186,0.0168
937,172,124.046,4,0.8037,0.1953
417,144,648.897,4,0.4904,0.0
395,180,57.04,18,0.4952,0.4267
322,44,37.286,19,0.6032,0.4772
236,197,346.639,14,0.9253,0.2893
749,19,160.707,7,0.4519,0.0333
715,3,74.575,9,0.9246,0.6335
802,40,43.575,17,0.6474,0.5634
168,122,379.89,5,0.3482,0.0641
492,50,187.184,11,0.7715,0.3101
222,127,400.374,8,0.7699,0.0725
894,23,107.2,4,0.9761,0.2905
268,140,18.073,12,0.5239,0.4569
144,46,20.113,14,0.3691,0.3308
570,105,81.568,5,0.6107,0.1627
880,24,573.253,14,0.4971,0.0
916,195,323.206,19,0.683,0.2439
97,76,449.368,19,0.698,0.166
326,121,630.055,19,0.5399,0.0472
154,98,153.469,9,0.9673,0.4219
308,120,627.435,14,0.4216,0.0
534,92,536.985,15,0.4519,0.0103
281,15,525.029,20,0.5696,0.0883
68,166,626.995,11,0.6775,0.0415
511,129,91.069,17,0.6752,0.4863
53,51,389.391,12,0.794,0.1172
227,17,348.402,17,0.3607,0.0419
1,178,478.248,7,0.9607,0.0058
87,67,171.733,2,0.3386,0.0024
437,182,92.111,8,0.746,0.4042
851,154,700.893,7,0.6678,0.0
775,192,335.558,17,0.4736,0.0998
99,132,167.439,14,0.5643,0.2003
35,37,93.068,13,0.6435,0.4615
339,8,427.594,4,0.338,0.0
653,50,106.815,14,0.5527,0.2458
747,88,132.199,14,0.5915,0.2721
824,125,685.574,19,0.6445,0.1359
343,180,21.485,6,0.6378,0.532
169,29,134.924,14,0.9819,0.6206
27,127,483.442,2,0.9178,0.0294
147,18,156.555,15,0.791,0.4884
66,97,131.406,17,0.9837,0.6727
861,15,400.902,16,0.5301,0.1045
269,75,501.241,10,0.5122,0.0
824,122,310.34,9,0.6251,0.0802
554,148,562.637,1,0.7768,0.024
539,161,587.044,10,0.7943,0.06
455,105,448.809,15,0.7567,0.1407
820,52,416.241,20,0.4347,0.0386
44,183,587.832,3,0.4526,0.0131
93,187,11.314,12,0.5191,0.5018
424,194,367.902,5,0.6042,0.0154
395,159,93.123,8,0.5547,0.2298
546,156,159.91,16,0.7668,0.4623
738,16,683.305,2,0.7674,0.0
588,115,3.17,2,0.5231,0.4793
258,82,221.397,5,0.8216,0.0819
328,52,111.563,6,0.5573,0.1666
753,14,410.915,16,0.3242,0.016
202,43,607.945,6,0.7573,0.0179
505,184,281.744,19,0.852,0.4272
539,182,602.855,20,0.7746,0.1438
751,149,317.25,16,0.4317,0.0449
715,21,654.557,10,0.6014,0.0298
465,138,609.877,16,0.86,0.1438
310,26,129.161,4,0.3514,0.0145
368,137,637.304,18,0.9608,0.23
412,7,139.05,7,0.328,0.0418
220,58,353.339,9,0.4309,0.0437
626,25,141.525,18,0.7292,0.4566
209,187,278.56,3,0.6314,0.0147
649,114,709.642,3,0.7203,0.0334
752,185,551.018,13,0.6171,0.0198
962,5,399.156,20,0.8833,0.3204
119,148,673.577,19,0.9756,0.2122
760,96,259.307,20,0.8395,0.442
86,94,125.122,9,0.7165,0.3249
338,175,596.931,13,0.5656,0.039
177,10,9.26,17,0.7428,0.7337
163,189,579.406,4,0.8557,0.0661
176,6,16.226,18,0.8513,0.8465
44,73,205.112,17,0.3057,0.0439
824,28,256.282,2,0.7897,0.0233
62,105,229.682,10,0.4418,0.0497
399,120,175.649,9,0.6732,0.2173
700,129,78.334,16,0.8218,0.6493
991,160,2.788,10,0.9705,0.9148
854,151,557.905,19,0.3252,0.0
138,190,329.251,9,0.5294,0.0336
988,90,117.019,10,0.3431,0.1017
654,36,59.626,6,0.8397,0.4852
180,32,200.836,17,0.4205,0.1652
449,56,255.472,10,0.387,0.0472
918,121,332.491,10,0.3676,0.0
393,11,73.208,15,0.7972,0.6176
184,191,705.555,16,0.3631,0.0249
876,198,193.863,14,0.6138,0.2695
953,33,318.012,4,0.4121,0.0
976,157,510.637,19,0.7419,0.1477
956,120,223.682,17,0.401,0.1281
873,97,59.857,15,0.4631,0.2951
455,147,271.421,12,0.9,0.3309
193,116,398.292,16,0.3117,0.011
618,65,606.142,15,0.3243,0.0
221,113,265.223,6,0.8138,0.026
474,28,640.51,10,0.4483,0.0278
657,51,393.401,1,0.4624,0.0
947,195,516.732,1,0.3054,0.0
290,38,22.204,11,0.6576,0.5907
252,120,644.976,16,0.5773,0.0316
735,60,154.075,16,0.8834,0.5609
7,93,234.963,17,0.3726,0.0757
567,50,377.27,8,0.9988,0.1257
746,114,691.098,11,0.3388,0.0
551,112,249.213,17,0.4543,0.1333
384,124,159.151,1,0.3979,0.0
829,62,691.743,13,0.8437,0.0446
372,116,582.19,8,0.4986,0.0024
711,146,477.831,7,0.3163,0.0156
465,144,295.233,12,0.6714,0.127
27,114,303.017,7,0.4671,0.0
531,60,684.507,12,0.7337,0.0214
50,107,50.116,14,0.6127,0.4579
931,108,545.521,11,0.36,0.0
602,191,433.028,12,0.9301,0.1286
373,76,697.289,8,0.4587,0.0377
487,65,402.273,2,0.3055,0.0
620,150,202.349,7,0.7077,0.0842
261,128,561.652,12,0.8793,0.0811
289,86,709.66,8,0.6449,0.0034
419,1,653.413,1,0.8946,0.0
259,141,212.565,11,0.3516,0.0021
758,148,249.699,11,0.4997,0.1059
104,187,543.593,18,0.7492,0.1609
827,101,430.898,19,0.8412,0.2405
349,104,8.855,12,0.3549,0.3332
562,42,102.569,2,0.7283,0.0154
158,92,62.012,16,0.8387,0.6574
386,1,129.095,10,0.3886,0.074
755,101,219.883,12,0.4033,0.0786
271,142,696.4,16,0.6553,0.0153
133,158,487.22,13,0.6028,0.0512
522,133,39.901,9,0.5977,0.4023
163,162,437.499,17,0.9073,0.2946
315,134,314.68,8,0.3459,0.0
451,156,543.032,13,0.815,0.106
565,88,636.486,12,0.8726,0.0376
640,121,47.421,17,0.5691,0.5167
677,128,705.561,18,0.7849,0.1454
845,115,42.163,5,0.7108,0.3691
67,115,527.443,18,0.4854,0.0704
363,157,650.303,12,0.6583,0.0245
2,48,541.362,6,0.3405,0.0114
10,64,108.993,13,0.8668,0.5892
213,104,150.151,20,0.3391,0.1572
599,130,30.128,13,0.5039,0.4007
895,103,94.806,4,0.5867,0.0709
774,40,44.401,10,0.6497,0.4717
647,165,39.093,5,0.6731,0.3946
779,110,404.939,6,0.7224,0.0149
172,87,55.686,15,0.9417,0.7984
840,176,306.332,3,0.6343,0.0
891,88,511.103,18,0.7567,0.1409
96,33,11.389,19,0.3624,0.3549
470,197,460.172,4,0.8891,0.0
831,77,545.294,7,0.5365,0.0201
477,179,386.634,7,0.7137,0.0269
841,104,342.688,2,0.9866,0.0
936,49,526.34,2,0.8303,0.0
475,76,381.643,15,0.5837,0.1296
60,183,366.929,10,0.616,0.0078
341,189,577.407,5,0.402,0.0108
216,28,603.121,11,0.7419,0.0307
475,198,265.577,5,0.687,0.0208
586,171,299.437,12,0.715,0.1347
464,130,576.647,4,0.4873,0.0
196,37,392.533,4,0.7973,0.0628
302,118,494.662,17,0.509,0.0743
680,86,54.588,6,0.613,0.3554
27,25,69.118,6,0.4045,0.1412
215,197,383.131,16,0.8006,0.2368
893,121,589.934,9,0.423,0.0369
100,20,228.252,3,0.7111,0.0138
415,69,691.675,16,0.8778,0.172
207,168,547.554,1,0.713,0.0321
105,89,562.942,9,0.7235,0.0289
423,99,600.587,8,0.9159,0.0467
522,29,183.604,14,0.9981,0.5762
177,23,238.169,12,0.4365,0.1096
78,196,85.712,12,0.6334,0.3818
135,191,274.166,18,0.5538,0.193
652,20,26.281,12,0.3489,0.2721
861,110,541.195,1,0.5568,0.0
181,137,577.94,2,0.7897,0.011
321,177,154.201,7,0.896,0.2536
344,112,352.982,1,0.8756,0.0228
361,174,483.999,18,0.3141,0.0481
245,25,534.758,16,0.5765,0.0388
56,3,698.011,15,0.964,0.1205
526,93,144.87,14,0.6873,0.3628
358,53,178.018,13,0.9861,0.579
343,152,614.866,7,0.5409,0.0394
265,68,70.445,1,0.5799,0.0369
930,82,565.942,3,0.6189,0.0299
611,107,96.439,10,0.8971,0.5831
419,193,334.687,6,0.503,0.0
206,15,426.619,20,0.6061,0.1352
802,111,552.988,17,0.8499,0.196
889,78,82.904,14,0.5315,0.3572
33,8,593.41,9,0.5854,0.0008
930,163,612.476,17,0.9164,0.1317
700,183,571.423,9,0.5466,0.0268
100,35,674.895,11,0.683,0.0
754,152,628.066,15,0.3474,0.0
108,141,553.061,8,0.9655,0.075
51,142,417.332,11,0.7633,0.1006
116,93,582.305,7,0.974,0.0506
460,65,702.252,4,0.8685,0.0
620,15,459.051,16,0.8344,0.1972
408,7,175.054,20,0.3946,0.1155
122,36,178.825,10,0.6406,0.2261
200,106,573.213,1,0.3107,0.0206
853,29,712.409,7,0.6931,0.0
963,138,151.819,18,0.9699,0.6693
755,124,698.476,14,0.5704,0.0304
104,69,193.534,6,0.5436,0.0212
820,18,297.512,20,0.5001,0.1019
692,104,653.916,3,0.7028,0.0
527,165,692.526,9,0.9332,0.0494
144,79,408.424,10,0.7121,0.0405
997,162,684.09,4,0.8278,0.0338
443,58,606.621,4,0.5577,0.0101
45,17,623.872,13,0.5592,0.0481
210,130,625.205,1,0.4659,0.0
402,178,278.406,9,0.3678,0.0
63,177,22.564,15,0.8849,0.8078
324,192,118.967,12,0.8088,0.5219
469,22,54.08,8,0.392,0.1929
949,9,174.906,20,0.6765,0.3899
87,114,40.284,10,0.7376,0.6217
577,191,199.759,10,0.9055,0.3307
916,200,424.257,13,0.3986,0.0197
807,56,101.993,7,0.3792,0.074
925,76,227.677,8,0.4803,0.081
171,133,161.766,20,0.4671,0.2508
802,183,68.926,5,0.403,0.0847
979,35,486.953,14,0.9141,0.23
327,196,643.032,16,0.9954,0.1897
499,164,515.657,7,0.7585,0.0278
531,14,492.792,7,0.83,0.0342
494,169,707.782,7,0.6672,0.0439
290,129,526.652,9,0.7372,0.0
971,196,34.39,13,0.8955,0.8052
957,42,157.528,16,0.9201,0.6459
381,199,459.154,8,0.5283,0.0
806,10,460.292,10,0.8582,0.0675
398,16,599.555,16,0.3112,0.008
795,90,114.782,1,0.3852,0.0315
585,132,706.485,4,0.5053,0.0085
471,34,371.971,3,0.6452,0.0
129,55,662.737,4,0.4627,0.0
655,78,381.362,18,0.9095,0.3355
322,26,134.985,5,0.6793,0.1181
217,36,253.058,20,0.5894,0.207
194,30,159.629,18,0.8558,0.6088
982,191,190.61,8,0.7939,0.2318
104,188,641.112,2,0.8277,0.0
799,126,272.035,5,0.5266,0.0352
867,137,131.932,13,0.5196,0.1719
32,28,262.788,10,0.51,0.0273
590,11,444.617,18,0.8533,0.263
578,76,145.038,8,0.5673,0.1486
359,197,37.181,4,0.386,0.1557
667,96,627.99,14,0.6511,0.0141
409,162,172.619,19,0.4475,0.1812
440,74,674.213,12,0.7039,0.0204
432,62,34.42,15,0.6675,0.5579
801,163,468.778,12,0.49,0.0
634,95,479.142,5,0.9481,0.0531
380,147,112.762,12,0.6082,0.2932
927,146,479.134,20,0.6725,0.1459
803,146,279.405,20,0.7999,0.3621
933,136,275.183,17,0.7464,0.287
731,162,631.847,11,0.328,0.0
392,93,685.762,2,0.6451,0.0
773,61,122.897,9,0.9316,0.4967
330,103,492.709,17,0.9223,0.2406
271,65,111.814,19,0.3904,0.2149
452,9,25.683,12,0.5083,0.4788
970,73,108.087,1,0.4926,0.0055
568,101,457.135,18,0.9412,0.293
384,105,523.172,17,0.9778,0.2042
462,69,365.313,12,0.6071,0.0425
292,146,685.223,9,0.7868,0.0579
659,58,550.322,16,0.4169,0.0313
351,130,116.784,7,0.7619,0.3137
555,54,150.111,17,0.3336,0.1243
370,198,429.381,7,0.3548,0.0
321,130,240.31,16,0.5756,0.2026
971,112,1.143,14,0.8998,0.8904
346,86,17.98,2,0.309,0.1197
71,152,294.127,1,0.5314,0.0
379,86,377.241,14,0.7441,0.1442
533,161,470.563,10,0.5146,0.0189
95,32,549.579,18,0.305,0.0
306,165,697.522,16,0.6716,0.0595
167,193,604.064,19,0.3862,0.0129
501,49,256.599,4,0.5207,0.0275
724,45,385.212,16,0.9295,0.2922
969,191,155.854,9,0.7154,0.2998
390,82,697.518,7,0.8123,0.0147
864,140,385.751,8,0.4111,0.0037
215,39,180.138,18,0.8236,0.5213
781,86,521.449,11,0.4184,0.0211
563,141,351.537,1,0.9136,0.0162
759,179,717.644,10,0.7829,0.0284
756,88,54.254,16,0.7695,0.6582
533,16,241.872,16,0.4541,0.1073
258,83,678.162,10,0.6022,0.0202
527,129,332.333,16,0.3278,0.0099
827,176,224.836,18,0.5422,0.1879
971,167,435.706,2,0.3159,0.0
928,152,478.603,11,0.3041,0.0
182,34,67.275,18,0.4266,0.2653
598,104,187.129,9,0.7739,0.2444
105,116,222.808,20,0.4634,0.1299
669,94,177.361,17,0.9302,0.573
993,185,275.98,4,0.687,0.0313
53,192,241.323,7,0.6142,0.0511
657,43,526.758,8,0.5965,0.0
946,192,431.433,10,0.6141,0.0286
848,170,309.305,14,0.447,0.0
393,141,144.403,17,0.5929,0.3289
104,77,303.15,12,0.3097,0.0277
924,153,130.358,1,0.5907,0.0234
922,118,685.569,18,0.5673,0.0222
579,180,125.53,7,0.3299,0.0708
979,143,618.318,8,0.7259,0.0146
5,193,443.41,17,0.8502,0.2612
617,84,583.883,17,0.4337,0.0077
39,17,639.82,18,0.6227,0.0938
936,99,578.967,19,0.9393,0.2305
681,200,424.498,4,0.9297,0.0169
914,132,192.602,4,0.4818,0.008
563,141,475.374,9,0.4542,0.0
84,126,3.985,20,0.4534,0.4837
27,119,272.087,7,0.7123,0.0648
336,13,617.805,7,0.8877,0.0
744,83,418.196,20,0.4705,0.0529
152,18,188.019,20,0.7499,0.4646
853,68,642.424,12,0.797,0.089
240,144,11.486,12,0.394,0.3336
497,161,635.765,8,0.3625,0.0112
204,45,546.927,17,0.362,0.0
466,131,105.818,18,0.6154,0.3546
453,46,45.76,6,0.4797,0.265
6,41,684.914,15,0.5497,0.0
568,192,48.73,11,0.9828,0.8317
787,122,701.121,15,0.5267,0.0268
937,40,303.143,9,0.5302,0.0265
331,29,254.846,13,0.8181,0.3107
881,10,468.207,13,0.959,0.2218
879,100,357.406,9,0.7516,0.0405
989,21,281.139,5,0.8386,0.0591
374,117,461.096,2,0.4596,0.0121
851,87,252.373,20,0.4312,0.122
566,128,25.217,13,0.9983,0.9602
59,42,593.828,9,0.9759,0.0638
271,30,370.783,9,0.5409,0.0783
673,21,494.569,9,0.8629,0.0975
161,20,414.338,10,0.4975,0.0615
435,15,442.411,9,0.3378,0.0198
775,52,158.027,19,0.7858,0.5348
150,161,672.988,10,0.6769,0.0047
497,122,322.636,15,0.3368,0.0765
215,51,662.51,10,0.5964,0.0
537,187,581.078,16,0.7101,0.1301
241,153,518.599,1,0.5763,0.0
966,156,331.555,16,0.3305,0.0
77,180,16.792,5,0.9557,0.8413
964,150,227.295,9,0.9496,0.3119
792,192,478.865,13,0.9207,0.1903
856,67,238.405,12,0.7882,0.3253
852,172,71.822,2,0.9334,0.1594
188,23,373.027,11,0.8989,0.226
932,61,111.648,3,0.6811,0.0893
595,179,220.826,5,0.6584,0.0622
963,27,361.626,10,0.7324,0.0494
879,101,84.163,13,0.4985,0.3036
580,69,81.464,11,0.3832,0.1997
375,21,151.659,8,0.9504,0.4652
118,48,426.304,2,0.6441,0.0
102,107,671.936,2,0.36,0.0
390,127,172.487,9,0.9619,0.4894
811,136,518.413,20,0.8659,0.1974
506,27,136.758,17,0.7525,0.512
482,64,457.753,9,0.9938,0.126
245,21,99.589,5,0.8747,0.3233
565,2,608.752,7,0.3557,0.0
639,79,534.735,10,0.8042,0.1153
983,125,490.283,13,0.3837,0.0296
730,75,11.049,12,0.8422,0.8023
608,9,602.297,10,0.4889,0.0
911,44,109.037,13,0.5441,0.3103
425,87,384.345,20,0.8825,0.3498
935,72,559.308,9,0.392,0.0
370,165,454.987,2,0.9606,0.0
128,120,589.788,18,0.3888,0.0239
418,200,510.519,17,0.3177,0.003
129,36,544.497,12,0.3179,0.047
119,75,215.464,1,0.8669,0.0217
882,18,273.267,18,0.6358,0.2289
795,5,361.295,4,0.6556,0.0233
222,185,422.243,20,0.8842,0.3204
838,99,498.157,4,0.6592,0.0
69,132,400.236,1,0.9699,0.0011
285,56,511.674,7,0.3028,0.0
707,11,108.965,10,0.4138,0.1673
304,179,284.448,18,0.8517,0.4208
731,132,657.623,1,0.9408,0.0
875,143,156.601,5,0.7943,0.197
67,107,103.864,14,0.5087,0.2905
24,81,536.389,11,0.8884,0.038
941,85,140.392,18,0.454,0.228
521,153,329.75,10,0.6071,0.0793
507,46,512.663,13,0.849,0.1056
464,69,349.35,5,0.583,0.0644
434,62,649.137,8,0.8774,0.0
691,105,632.328,10,0.7224,0.0331
580,194,362.373,13,0.9031,0.2325
164,185,691.831,17,0.4644,0.0
627,109,210.431,7,0.7449,0.1416
669,41,168.785,14,0.7636,0.3753
114,189,482.741,5,0.5902,0.0
377,63,412.617,8,0.6029,0.0005
791,72,181.171,2,0.9421,0.0
619,178,267.529,6,0.4551,0.0
137,53,168.163,16,0.367,0.1635
41,93,171.005,11,0.6612,0.2339
582,184,264.967,19,0.9162,0.4844
462,64,665.476,5,0.9836,0.0059
962,125,601.209,9,0.9285,0.0901
523,8,369.185,4,0.8399,0.0197
932,200,344.255,6,0.3761,0.0
215,84,23.149,1,0.7348,0.155
448,135,333.122,5,0.7557,0.0
140,101,449.307,1,0.6464,0.0031
575,87,560.696,14,0.8895,0.1067
189,82,256.627,20,0.9878,0.6081
493,4,662.0,1,0.9807,0.0
345,56,605.019,8,0.3143,0.0337
186,77,59.667,18,0.3251,0.2028
97,74,650.171,1,0.3373,0.0
513,55,160.826,15,0.5187,0.1948
948,129,664.827,12,0.8219,0.0621
199,166,454.274,17,0.7023,0.1757
405,179,296.877,10,0.6402,0.1039
225,195,314.527,2,0.8143,0.0
809,130,405.426,12,0.4797,0.0276
415,83,607.667,20,0.994,0.2737
975,130,602.666,11,0.4732,0.0
246,27,299.023,2,0.5605,0.001
81,164,611.375,3,0.8965,0.0222
583,107,340.071,10,0.8517,0.2021
652,34,300.928,15,0.4068,0.0726
991,86,175.521,5,0.3433,0.0
872,61,596.196,8,0.7579,0.0
885,70,446.636,20,0.7869,0.2647
635,11,310.689,20,0.9248,0.4308
360,4,477.08,18,0.321,0.0254
430,70,619.998,12,0.9081,0.0727
134,61,142.834,18,0.5362,0.2878
432,200,282.862,10,0.5533,0.0378
365,53,274.126,20,0.7513,0.36
36,66,55.198,8,0.902,0.6452
205,184,240.862,19,0.5893,0.2848
535,172,548.61,11,0.3047,0.0
370,12,182.778,19,0.7536,0.5016
994,18,583.953,10,0.6875,0.0326
479,19,687.805,18,0.98,0.1882
959,92,161.647,11,0.6696,0.2511
661,115,295.255,17,0.7413,0.2746
41,71,94.995,20,0.9116,0.7227
204,3,498.498,2,0.489,0.0001
706,41,347.443,9,0.31,0.0
546,123,424.078,1,0.8244,0.0393
302,75,560.77,6,0.7781,0.0235
523,25,558.961,1,0.9166,0.0249
903,131,371.744,9,0.4631,0.0409
389,123,635.33,7,0.6009,0.0
46,99,671.025,2,0.334,0.0
311,189,454.298,8,0.7989,0.0513
936,169,28.133,10,0.4336,0.3313
762,8,558.807,1,0.6878,0.0
838,181,642.234,19,0.6533,0.1349
912,10,401.001,7,0.5861,0.025
118,97,504.407,5,0.3341,0.0
283,181,256.674,2,0.7242,0.0076
60,197,361.764,2,0.6581,0.0117
5,5,574.738,14,0.4696,0.0
835,15,630.754,1,0.7635,0.0198
937,49,83.398,2,0.9803,0.1382
156,56,12.865,13,0.9515,0.891
723,56,269.299,7,0.922,0.1545
535,84,281.765,16,0.8262,0.3296
70,64,556.911,14,0.8605,0.1283
916,117,6.686,14,0.7991,0.7608
872,171,550.2,2,0.5867,0.01
568,110,386.387,13,0.4318,0.0329
708,67,502.585,19,0.83,0.1395
398,114,366.912,17,0.7314,0.2473
793,125,569.427,19,0.8653,0.2168
446,180,314.971,18,0.9675,0.451
990,190,249.332,19,0.5755,0.2018
64,56,458.475,7,0.9327,0.0674
173,184,320.278,6,0.3483,0.0
969,164,218.815,12,0.4789,0.0872
289,26,657.797,4,0.6271,0.0
311,112,520.895,14,0.9576,0.1801
792,31,142.153,20,0.9809,0.7187
190,99,533.006,7,0.6577,0.0
514,9,182.1,7,0.708,0.1637
287,60,310.801,13,0.6146,0.101
198,118,156.935,13,0.925,0.5332
965,61,82.018,14,0.8975,0.6715
200,3,287.626,9,0.4772,0.0288
95,78,399.881,1,0.3471,0.0
674,109,217.877,5,0.3512,0.0
868,153,54.465,2,0.9305,0.2783
128,28,180.114,4,0.8094,0.1017
708,96,177.25,15,0.4204,0.138
541,40,425.546,3,0.7918,0.027
831,31,203.506,2,0.5865,0.0312
127,25,384.552,5,0.7089,0.0
976,152,338.909,11,0.719,0.1611
620,184,192.144,1,0.7773,0.0
843,133,533.806,1,0.4981,0.0
362,76,480.832,18,0.9475,0.2982
944,190,489.956,17,0.9146,0.2601
627,100,312.462,5,0.3086,0.0492
127,106,228.291,12,0.7805,0.3041
923,127,425.538,16,0.6781,0.1644
796,131,690.565,5,0.6551,0.0316
301,99,312.734,11,0.3788,0.0022
546,96,479.171,18,0.6767,0.1447
389,64,318.771,2,0.8159,0.0
544,137,671.507,3,0.3102,0.0027
966,135,190.964,17,0.5967,0.274
899,88,330.319,19,0.7347,0.2827
216,143,355.683,14,0.404,0.0703
972,28,524.762,20,0.9919,0.3631
438,84,519.482,15,0.7817,0.1237
705,198,532.528,14,0.779,0.093
765,147,527.851,1,0.6161,0.0305
483,145,338.491,17,0.3593,0.0417
457,173,112.429,7,0.9317,0.4876
457,122,626.78,17,0.3395,0.0
863,133,234.217,1,0.8448,0.0009
387,97,79.874,10,0.4182,0.2209
280,166,93.159,13,0.803,0.5234
362,143,356.479,3,0.6422,0.0
195,105,306.959,8,0.6176,0.0106
392,26,477.907,2,0.9993,0.0033
115,162,440.737,10,0.9982,0.1416
90,66,77.783,3,0.3382,0.0239
724,72,214.011,5,0.9276,0.1599
78,25,645.355,11,0.3039,0.0
569,44,552.128,10,0.7206,0.0429
780,26,626.854,1,0.8742,0.0022
725,20,16.32,17,0.5252,0.4364
447,5,656.748,10,0.7913,0.0009
194,59,620.046,6,0.7236,0.015
931,152,325.913,6,0.6215,0.0314
836,173,485.147,3,0.8957,0.0
613,46,196.199,18,0.7784,0.431
87,85,474.354,16,0.8568,0.1489
36,167,575.216,2,0.3533,0.0
316,142,348.418,18,0.4451,0.0877
158,181,20.843,14,0.7199,0.6212
861,85,300.061,14,0.8772,0.2917
206,34,522.123,2,0.8398,0.0
283,29,506.853,6,0.6277,0.0068
976,142,350.395,11,0.8745,0.2109
819,6,709.718,14,0.9205,0.1342
219,93,84.715,7,0.715,0.3153
384,71,114.388,17,0.4047,0.2014
516,184,186.367,11,0.7241,0.2981
665,200,578.651,17,0.5196,0.0412
937,97,549.348,2,0.5505,0.0
872,117,556.502,6,0.9255,0.0096
978,76,633.389,11,0.9897,0.1129
41,156,319.174,16,0.7968,0.2812
237,59,229.713,11,0.5194,0.1143
564,149,432.475,6,0.4959,0.0247
50,181,295.403,17,0.3295,0.0015
356,35,377.403,1,0.3418,0.0
154,46,101.386,2,0.3523,0.0
933,76,285.697,8,0.7735,0.1103
64,166,340.56,3,0.4333,0.0
149,129,63.413,7,0.3573,0.1465
196,39,716.039,20,0.9934,0.202
149,74,27.687,9,0.7998,0.7184
569,129,662.091,10,0.7217,0.0512
365,193,58.203,8,0.6831,0.4607
913,91,618.765,15,0.9702,0.2076
261,15,394.96,8,0.7307,0.0392
538,21,141.763,6,0.3253,0.0
661,6,166.941,1,0.7126,0.0
626,26,253.482,13,0.6015,0.1606
797,83,571.799,16,0.9994,0.2156
202,57,106.372,9,0.6397,0.278
508,61,174.786,7,0.8481,0.2689
801,154,498.882,17,0.8729,0.2117
864,96,442.267,19,0.3363,0.0
618,146,303.283,9,0.9745,0.201
652,109,44.056,5,0.6637,0.4067
865,42,402.34,14,0.8807,0.1901
625,190,165.425,13,0.7487,0.3356
949,96,440.906,7,0.6157,0.0376
128,168,198.014,17,0.4917,0.2022
348,20,705.848,5,0.4316,0.0367
113,170,425.432,1,0.7985,0.0207
91,144,411.554,5,0.3543,0.0151
472,50,602.555,15,0.4704,0.0197
226,159,715.082,12,0.6678,0.0229
408,149,561.114,14,0.4538,0.0385
438,179,427.808,10,0.6849,0.029
621,42,621.806,3,0.5528,0.0
946,178,130.88,15,0.4885,0.2051
850,153,550.363,14,0.8011,0.1092
379,68,489.687,17,0.4698,0.0536
326,71,405.759,3,0.438,0.0121
771,51,624.131,1,0.4188,0.0
124,96,511.098,7,0.4419,0.0286
541,180,516.19,16,0.3088,0.0
424,168,655.059,3,0.8008,0.0
183,30,503.727,18,0.6958,0.1546
617,27,184.278,19,0.3334,0.1008
321,12,132.618,15,0.6378,0.3523
186,123,369.745,20,0.8845,0.4331
654,63,169.519,14,0.6355,0.2954
175,153,503.888,2,0.9999,0.001
673,153,606.83,19,0.3717,0.0041
163,40,210.462,16,0.7297,0.3348
435,139,657.745,18,0.6685,0.0702
808,153,537.897,3,0.71,0.0
229,198,711.467,8,0.6627,0.0
768,145,143.468,4,0.6937,0.0704
722,72,332.583,13,0.9368,0.3177
903,200,461.202,13,0.5551,0.0642
169,56,549.419,11,0.762,0.0054
716,162,656.636,4,0.4554,0.0073
937,76,641.769,3,0.5487,0.0
764,188,170.39,20,0.6763,0.464
188,157,304.468,5,0.7961,0.0267
823,120,517.32,20,0.9394,0.2699
108,43,95.7,11,0.7926,0.521
589,38,690.763,1,0.7825,0.0185
498,190,537.933,10,0.5994,0.0087
532,161,596.852,18,0.4658,0.0352
520,103,653.406,12,0.797,0.0746
32,176,128.536,19,0.5616,0.3724
509,157,304.223,16,0.9123,0.3967
937,78,469.376,18,0.9032,0.2551
437,166,592.261,17,0.3549,0.0
277,160,531.494,14,0.3269,0.0
995,96,87.942,6,0.6225,0.2578
99,4,465.061,13,0.457,0.0314
487,149,212.072,6,0.4676,0.0
513,68,292.975,13,0.5875,0.0697
478,73,715.848,13,0.847,0.0
922,143,113.502,16,0.4157,0.2158
422,163,75.602,8,0.9664,0.6342
974,18,294.879,6,0.7242,0.0337
67,165,622.24,20,0.8358,0.1759
734,59,117.209,7,0.4107,0.0644
593,114,58.026,13,0.405,0.2421
241,174,301.862,18,0.5214,0.1722
228,44,455.438,6,0.9264,0.0508
720,45,111.801,8,0.8858,0.4826
638,195,579.402,3,0.4862,0.0387
612,75,609.136,4,0.5914,0.0278
51,190,376.508,15,0.6499,0.1049
598,72,22.419,3,0.5272,0.3068
982,124,371.836,7,0.9651,0.0517
18,103,154.604,3,0.7756,0.0293
470,197,321.467,4,0.6019,0.0267
495,111,547.131,17,0.3055,0.0
897,101,39.654,6,0.3405,0.1628
283,94,0.609,10,0.6836,0.722
476,76,96.517,14,0.8289,0.5845
718,89,33.143,19,0.7316,0.6557
61,93,187.872,14,0.868,0.4487
802,153,291.371,9,0.8418,0.1599
823,10,561.5,3,0.8624,0.0
720,101,22.32,9,0.7264,0.6271
649,110,253.037,14,0.9038,0.4017
748,151,669.235,1,0.5361,0.0
782,134,415.206,13,0.4077,0.0088
904,87,595.356,1,0.8604,0.0019
429,22,348.388,17,0.5087,0.0666
457,75,70.464,20,0.461,0.3303
638,52,135.003,2,0.6896,0.0284
194,41,545.94,19,0.6931,0.094
857,145,622.225,6,0.3527,0.0125
771,96,336.896,2,0.737,0.0178
632,159,354.823,17,0.4595,0.1145
302,28,324.363,7,0.3933,0.0113
348,198,13.712,9,0.9753,0.8953
435,95,69.219,20,0.5041,0.3774
663,51,714.163,19,0.5881,0.028
779,73,30.729,11,0.4002,0.2946
672,169,251.583,14,0.9627,0.4096
930,142,497.449,6,0.3109,0.0
961,35,306.166,2,0.3066,0.0318
705,199,707.527,15,0.584,0.0533
371,27,24.055,10,0.3847,0.3133
600,56,629.745,19,0.4362,0.0
426,146,97.449,6,0.5013,0.1431
630,106,147.869,5,0.6284,0.084
813,90,380.615,16,0.923,0.308
370,186,627.512,11,0.5956,0.0409
506,159,298.431,3,0.8524,0.0
46,193,211.726,13,0.9725,0.4753
737,57,289.503,18,0.8908,0.4319
490,171,68.38,13,0.8972,0.6691
460,43,603.61,15,0.8594,0.1179
533,162,658.997,4,0.3802,0.0321
216,110,486.72,12,0.4196,0.0449
598,120,320.44,14,0.492,0.049
746,24,442.381,12,0.7723,0.0815
350,176,397.568,19,0.5933,0.1222
132,56,37.594,20,0.6518,0.4967
387,120,284.286,11,0.8689,0.2947
199,34,473.088,18,0.3231,0.0289
374,186,610.491,2,0.906,0.0
627,65,258.781,19,0.695,0.2732
114,153,589.966,3,0.714,0.0006
748,154,545.101,17,0.4963,0.043
225,111,669.139,9,0.4154,0.052
895,25,712.396,8,0.7004,0.0
733,56,30.526,17,0.8896,0.8238
273,123,315.26,4,0.829,0.0042
564,108,557.077,12,0.8598,0.0866
111,117,592.768,6,0.5362,0.0476
100,50,60.114,6,0.7401,0.4899
957,108,436.942,20,0.6957,0.2058
803,18,646.937,4,0.3622,0.0
155,97,163.869,20,0.6773,0.4328
283,19,250.425,1,0.3011,0.0012
198,133,284.593,5,0.8148,0.0515
396,114,284.37,8,0.9223,0.1818
292,171,404.648,5,0.9214,0.0098
329,93,44.25,6,0.5267,0.3073
530,33,561.127,14,0.7274,0.0595
190,48,88.91,2,0.8223,0.08
883,163,585.681,12,0.7483,0.0507
728,192,12.799,9,0.3096,0.2635
761,13,566.765,12,0.6673,0.0
170,136,256.115,7,0.6604,0.0753
709,97,472.39,19,0.8666,0.2511
837,52,129.414,7,0.8628,0.367
176,103,386.878,12,0.7612,0.1858
752,188,215.711,9,0.4085,0.0144
358,40,3.324,12,0.6917,0.6788
788,168,522.239,8,0.9202,0.0389
479,18,94.881,14,0.414,0.1961
803,145,676.617,5,0.9002,0.0
148,15,391.71,11,0.358,0.0093
390,13,1.705,18,0.9743,0.9476
274,8,680.372,12,0.9755,0.1283
249,161,96.038,5,0.9888,0.4483
309,115,600.521,15,0.5385,0.0
383,139,237.415,7,0.8975,0.1952
128,32,409.221,19,0.5403,0.1054
708,185,601.804,17,0.3707,0.0
551,162,36.589,19,0.6018,0.5259
830,98,489.802,17,0.8615,0.2194
706,180,107.405,14,0.3171,0.1697
150,29,515.947,14,0.6087,0.0216
70,59,116.127,6,0.722,0.2455
423,10,16.288,8,0.8709,0.761
482,33,112.338,18,0.4746,0.2659
241,169,450.718,13,0.3768,0.0
783,82,709.73,14,0.4419,0.0402
582,130,698.503,5,0.7286,0.0325
748,177,537.025,8,0.7326,0.0442
110,153,593.786,6,0.552,0.0
816,80,629.317,13,0.6622,0.0107
207,70,380.651,11,0.5611,0.0435
449,22,164.979,9,0.3635,0.0913
440,166,476.158,16,0.363,0.0372
821,197,102.376,17,0.6558,0.5089
277,101,599.383,19,0.9508,0.2308
241,100,296.999,7,0.6063,0.0327
340,170,192.241,10,0.6653,0.2177
361,69,607.368,9,0.866,0.0323
182,82,80.503,19,0.6815,0.5246
177,179,701.888,16,0.3381,0.0
232,76,684.321,19,0.5633,0.0177
468,186,438.523,5,0.3156,0.0578
344,33,512.876,11,0.9437,0.107
393,100,27.229,12,0.9858,0.9235
720,98,314.981,9,0.4564,0.0
241,62,636.982,9,0.6813,0.0104
910,193,8.79,17,0.3533,0.3064
752,97,209.601,8,0.4547,0.0359
175,176,255.088,9,0.3613,0.037
314,44,486.22,3,0.3028,0.0
184,70,507.632,13,0.7573,0.1364
273,96,47.404,1,0.6054,0.0315
366,113,157.002,15,0.7867,0.457
131,46,594.445,13,0.9788,0.1308
15,63,138.513,20,0.9271,0.6573
439,125,206.661,12,0.3252,0.0178
701,56,117.235,15,0.5862,0.3486
303,152,543.231,19,0.9549,0.2553
861,96,20.003,5,0.9737,0.8137
370,194,217.726,7,0.8065,0.1534
901,48,383.501,11,0.4772,0.0649
236,169,4.832,1,0.6015,0.4345
540,99,686.893,5,0.4975,0.0069
764,18,625.954,10,0.4777,0.0
60,142,466.244,5,0.4811,0.0
931,43,316.455,1,0.7824,0.0
365,28,112.243,15,0.7929,0.5324
498,107,398.844,6,0.6988,0.0
629,158,172.61,1,0.9584,0.0193
643,52,459.553,14,0.8327,0.1725
24,125,105.249,5,0.5943,0.1054
868,3,516.467,10,0.8763,0.0692
624,37,232.83,16,0.4696,0.158
999,151,361.676,7,0.5908,0.0145
472,3,116.934,12,0.3369,0.0698
614,72,184.891,16,0.9405,0.5937
442,102,324.427,15,0.4932,0.1046
890,14,330.161,7,0.372,0.0324
833,196,719.84,8,0.8409,0.0
909,102,241.836,4,0.9614,0.1479
505,68,61.21,4,0.8873,0.4413
792,196,377.675,6,0.5263,0.0018
359,112,232.054,19,0.9984,0.6073
461,136,632.06,20,0.4931,0.0555
761,19,151.81,18,0.4612,0.2543
82,32,616.15,6,0.4405,0.0
711,10,477.944,12,0.3104,0.0
16,103,135.758,8,0.7067,0.2403
581,168,292.075,6,0.8147,0.0264
478,181,354.805,4,0.7259,0.0108
469,115,375.934,20,0.6729,0.2336
495,11,286.21,13,0.749,0.2004
492,126,421.14,15,0.9098,0.2351
408,128,516.195,6,0.516,0.0
452,120,364.699,20,0.6332,0.2154
569,145,433.951,5,0.9319,0.0061
764,112,618.979,4,0.49,0.0
553,141,358.632,12,0.3331,0.0099
643,98,300.027,19,0.533,0.1442
837,31,178.757,16,0.7647,0.3894
990,16,95.017,20,0.3442,0.194
109,182,210.779,12,0.4375,0.0866
713,89,292.735,5,0.6017,0.0028
226,65,550.383,10,0.5626,0.0052
197,59,156.94,10,0.9457,0.431
794,11,505.694,20,0.6708,0.115
69,190,57.365,6,0.9218,0.6056
848,17,114.462,6,0.5801,0.1652
771,44,235.293,9,0.708,0.1325
995,92,338.537,10,0.6953,0.1374
668,72,130.678,12,0.4125,0.1317
873,8,81.106,4,0.3104,0.0022
119,66,407.611,17,0.4882,0.067
890,156,296.925,11,0.3361,0.0203
161,51,299.735,10,0.822,0.1809
315,174,222.068,10,0.8918,0.3149
129,73,267.613,19,0.5385,0.1947
402,3,132.942,16,0.4228,0.2199
749,22,195.185,12,0.4047,0.0513
269,163,390.665,10,0.6565,0.0343
823,82,376.289,5,0.6098,0.0056
607,197,652.315,3,0.9606,0.0212
629,158,599.512,19,0.9353,0.1833
939,7,5.609,19,0.9643,0.9555
432,63,165.815,6,0.757,0.2067
345,145,639.197,6,0.8941,0.0125
995,13,226.965,18,0.8651,0.4854
558,200,344.209,5,0.5086,0.0044
615,34,486.152,14,0.731,0.1082
297,160,391.445,19,0.6544,0.1934
216,169,4.003,19,0.6986,0.6701
170,102,149.122,14,0.6076,0.2593
224,161,72.766,3,0.4746,0.0709
196,177,121.121,18,0.8568,0.6188
747,147,106.532,4,0.4079,0.0737
58,142,448.589,6,0.489,0.0
630,78,293.023,4,0.8709,0.0492
950,59,48.384,2,0.9284,0.2889
766,174,59.708,4,0.9548,0.5029
403,45,684.281,9,0.9679,0.0532
60,83,111.851,1,0.4014,0.0
835,103,183.138,5,0.6777,0.0738
4,79,413.705,4,0.4254,0.0
682,75,135.123,15,0.6405,0.3575
671,120,142.622,14,0.8169,0.4552
192,66,52.727,5,0.9827,0.6053
740,198,706.201,18,0.9782,0.1831
176,36,436.553,2,0.7044,0.0014
226,78,381.651,4,0.5745,0.0
812,170,639.898,10,0.5516,0.0
980,96,428.189,19,0.6827,0.1968
265,142,189.788,6,0.3822,0.0198
922,130,340.29,20,0.5642,0.1674
914,67,344.118,6,0.3935,0.0017
770,149,286.918,13,0.3432,0.0
141,48,542.737,7,0.9726,0.0
300,150,79.417,12,0.5223,0.3096
678,26,115.055,7,0.6311,0.1968
1000,139,268.295,5,0.7872,0.0313
815,23,51.709,9,0.6569,0.4733
421,174,710.931,7,0.9296,0.0051
236,126,357.224,12,0.9367,0.2654
961,9,36.551,10,0.4945,0.347
277,22,437.881,11,0.5999,0.0294
343,38,562.505,3,0.4401,0.0
965,193,293.852,12,0.9518,0.2806
562,118,346.243,15,0.3421,0.0009
265,56,504.582,3,0.8645,0.0341
6,56,168.732,5,0.8817,0.1622
430,6,430.519,2,0.9151,0.0039
987,41,454.465,5,0.755,0.0
433,172,579.441,19,0.6611,0.0785
700,120,641.626,2,0.7225,0.0054
254,74,677.469,5,0.4339,0.0
776,5,91.392,3,0.4229,0.0406
776,69,587.805,17,0.8547,0.1763
609,77,486.472,12,0.6815,0.0718
772,24,267.239,2,0.9525,0.0
579,122,664.463,5,0.4873,0.0005
379,133,619.354,14,0.4978,0.0591
738,200,557.651,16,0.6573,0.0255
836,72,41.86,13,0.3552,0.2835
842,56,127.856,12,0.8198,0.4142
214,165,661.238,10,0.4168,0.0146
677,71,707.219,17,0.6936,0.0157
5,127,200.02,8,0.3691,0.0266
572,148,200.08,20,0.5864,0.3159
572,176,439.614,18,0.6911,0.1262
364,64,55.313,19,0.6712,0.6132
995,125,428.829,15,0.9826,0.2641
883,27,697.472,7,0.7692,0.0122
39,156,214.158,13,0.6732,0.2165
209,10,534.905,10,0.7574,0.0708
208,140,378.166,19,0.8177,0.3395
898,42,207.221,19,0.9683,0.5958
519,93,297.278,2,0.4031,0.0388
729,16,397.003,16,0.7999,0.2263
810,138,548.465,15,0.309,0.0
768,97,389.602,13,0.3044,0.0
90,133,666.138,20,0.7996,0.1217
141,70,84.645,2,0.688,0.0757
396,2,689.563,20,0.8597,0.1423
339,117,396.694,1,0.5644,0.0169
748,140,282.411,4,0.4069,0.0
157,133,55.219,13,0.7504,0.6321
372,53,213.651,17,0.6645,0.2854
237,144,315.594,19,0.5089,0.0895
189,109,674.719,2,0.626,0.0
173,43,544.748,17,0.6839,0.1089
196,23,42.983,14,0.4443,0.3318
565,66,236.419,9,0.8136,0.2123
411,5,354.086,13,0.7252,0.1683
436,144,612.136,8,0.3461,0.0
480,4,559.14,10,0.6504,0.0014
742,10,156.011,5,0.4889,0.0233
862,32,36.806,7,0.9221,0.7308
527,66,95.744,14,0.6154,0.3656
643,4,362.617,5,0.4005,0.0
739,126,65.167,16,0.7661,0.6004
691,27,180.201,7,0.4849,0.0141
135,161,591.46,19,0.9715,0.2427
983,112,289.705,2,0.3247,0.0102
165,17,717.227,8,0.3919,0.0
412,81,544.43,7,0.995,0.0015
653,29,191.109,12,0.9637,0.475
404,197,5.947,11,0.3427,0.3033
244,119,379.826,2,0.5653,0.0
924,162,508.363,11,0.9584,0.0802
72,75,338.437,11,0.4895,0.0592
246,30,652.73,12,0.9016,0.0533
993,47,553.041,11,0.6648,0.0496
730,84,374.834,15,0.8654,0.2746
87,155,14.116,15,0.7645,0.7671
755,87,243.869,3,0.8631,0.0231
970,186,356.227,13,0.5411,0.0492
98,73,180.544,18,0.9892,0.6642
415,47,603.191,10,0.5769,0.0
469,100,305.907,8,0.3267,0.0254
132,23,147.134,11,0.8376,0.4758
201,134,561.062,4,0.4524,0.0
174,21,438.16,10,0.3649,0.0
186,129,142.298,4,0.7796,0.1186
404,77,383.811,8,0.8458,0.0698
464,72,500.208,17,0.7432,0.1396
238,123,323.148,19,0.4717,0.0846
290,142,218.064,10,0.4468,0.0426
193,186,496.717,19,0.5192,0.1363
797,58,494.988,6,0.7816,0.0125
212,163,12.686,6,0.3415,0.1991
908,168,168.953,19,0.9028,0.5843
539,200,465.524,13,0.9741,0.1995
803,193,161.772,12,0.9195,0.5397
637,159,693.13,8,0.5964,0.0378
267,59,117.628,13,0.669,0.3832
602,139,538.841,19,0.6599,0.0813
275,157,718.793,5,0.718,0.0056
119,59,249.863,16,0.8984,0.4131
255,163,434.45,8,0.9059,0.0819
276,141,76.56,8,0.5176,0.264
136,99,447.902,7,0.3777,0.0
24,173,711.023,18,0.6891,0.0679
944,18,700.472,5,0.327,0.0187
514,137,296.774,9,0.7743,0.1438
403,158,590.936,18,0.7991,0.1027
930,9,595.238,10,0.77,0.0291
225,82,235.968,3,0.481,0.0
403,104,592.467,20,0.8197,0.1895
847,42,117.35,2,0.5049,0.025
633,176,704.804,18,0.5971,0.0497
400,126,622.27,8,0.7894,0.021
256,56,367.872,14,0.5172,0.0696
36,88,277.739,14,0.921,0.3898
86,23,681.11,6,0.5282,0.0
162,18,51.675,7,0.902,0.6252
787,150,359.091,3,0.9581,0.0083
640,197,350.858,5,0.5622,0.0343
434,56,274.863,2,0.3361,0.0131
783,49,81.536,2,0.4777,0.0314
161,137,181.369,9,0.8392,0.3009
211,103,707.854,17,0.3666,0.0057
393,28,581.821,8,0.9128,0.0311
918,134,603.645,15,0.719,0.0384
615,42,367.108,7,0.8579,0.0747
851,24,476.683,13,0.8314,0.1279
249,93,363.852,11,0.8271,0.1782
849,148,487.86,15,0.3171,0.0
73,105,621.766,14,0.8173,0.0729
228,130,175.047,17,0.7744,0.3987
524,48,684.668,12,0.7212,0.0365
51,99,657.844,6,0.8999,0.0259
859,143,302.18,2,0.6703,0.0096
868,106,703.318,16,0.6993,0.1001
542,48,635.476,5,0.6624,0.014
306,191,29.336,3,0.8211,0.478
99,14,30.801,9,0.9514,0.8494
619,183,509.391,19,0.7194,0.2037
538,145,564.352,7,0.5474,0.0183
760,23,179.43,12,0.6581,0.2369
603,52,359.341,10,0.962,0.1867
129,74,388.489,16,0.4284,0.0492
122,192,321.106,17,0.9344,0.3925
781,104,50.234,10,0.8822,0.723
160,52,157.996,9,0.558,0.1447
939,184,586.54,9,0.9144,0.0682
106,24,53.086,15,0.8243,0.7067
729,164,448.13,15,0.9639,0.2303
976,167,456.777,6,0.656,0.0031
442,78,688.695,7,0.8017,0.0308
57,9,710.971,15,0.5473,0.0113
877,178,680.458,12,0.5679,0.0174
188,194,389.981,15,0.4261,0.0378
528,76,30.558,1,0.7028,0.094
985,38,200.018,18,0.3026,0.1087
745,55,342.619,17,0.943,0.3683
47,28,28.647,18,0.532,0.4465
821,122,27.192,4,0.7357,0.5269
162,104,233.635,12,0.9819,0.4162
750,72,279.195,13,0.593,0.133
621,131,418.418,6,0.35,0.0107
288,125,671.691,18,0.5627,0.061
424,3,281.952,2,0.9863,0.0
118,82,35.101,14,0.9705,0.8678
987,173,389.061,12,0.7776,0.1294
239,160,258.054,10,0.7759,0.193
309,171,648.844,16,0.6382,0.0645
503,191,310.963,11,0.6534,0.1447
673,13,232.033,2,0.6872,0.0057
506,55,521.332,9,0.5775,0.0
506,92,355.395,19,0.8719,0.3624
583,103,399.894,1,0.9358,0.0145
858,158,109.913,2,0.9039,0.0788
396,145,270.451,16,0.4979,0.1475
833,142,33.902,3,0.4408,0.1346
787,32,543.635,20,0.983,0.2951
962,136,177.196,11,0.4099,0.0841
914,160,87.211,15,0.5613,0.3934
799,151,424.654,14,0.3352,0.0509
247,117,417.4,18,0.447,0.065
775,18,227.716,20,0.5991,0.2795
737,30,692.912,18,0.3428,0.0
290,149,457.758,14,0.7019,0.119
678,174,667.04,8,0.6013,0.0
253,166,216.779,7,0.6016,0.0974
524,86,397.522,8,0.8339,0.074
797,118,298.028,20,0.5767,0.2001
189,36,297.857,10,0.3479,0.0425
337,119,34.869,1,0.7784,0.124
796,40,158.528,2,0.788,0.003
454,160,625.98,12,0.6597,0.0315
961,158,611.971,1,0.3038,0.0
8,11,76.118,14,0.9642,0.7685
722,188,13.558,1,0.5128,0.1665
815,160,73.922,14,0.5143,0.3185
918,76,460.118,11,0.4294,0.0674
157,91,173.053,14,0.7458,0.3693
985,16,549.208,11,0.7167,0.0248
393,188,4.694,8,0.9219,0.8556
353,21,515.498,2,0.7378,0.0
356,185,638.258,12,0.4901,0.0243
639,131,32.738,4,0.8494,0.5301
660,184,624.591,18,0.5029,0.0
474,75,660.907,15,0.9273,0.1525
72,180,386.037,19,0.3744,0.0299
987,86,205.218,11,0.597,0.1505
223,71,405.445,19,0.9859,0.402
94,68,223.967,16,0.829,0.4401
598,191,671.945,17,0.5411,0.002
413,94,391.643,5,0.8217,0.0644
616,96,575.168,16,0.3106,0.0047
876,129,439.374,12,0.3125,0.0012
98,112,208.009,16,0.5834,0.2464
285,109,360.343,5,0.9709,0.0
517,76,633.582,6,0.6969,0.0084
788,33,275.977,20,0.3706,0.0833
601,199,246.088,9,0.7043,0.1853
383,99,688.652,19,0.9316,0.2415
611,195,240.857,5,0.702,0.0447
980,93,618.911,7,0.4982,0.0032
481,120,128.773,9,0.9812,0.5301
884,110,570.146,4,0.9588,0.001
780,194,443.21,9,0.6299,0.0145
302,23,86.981,3,0.8862,0.2517
250,104,46.509,3,0.5149,0.1814
771,31,215.132,4,0.4544,0.0339
208,174,473.54,8,0.6161,0.0438
337,107,259.602,13,0.9229,0.3871
236,185,195.594,8,0.8358,0.2664
607,56,419.151,4,0.9971,0.0304
295,33,685.863,20,0.8516,0.1221
659,126,88.173,4,0.8501,0.2817
935,30,464.276,13,0.8922,0.1538
830,75,656.973,9,0.3309,0.0
948,63,389.822,2,0.7995,0.0
25,45,694.232,16,0.3549,0.0176
456,27,430.685,3,0.6492,0.0
221,132,484.437,3,0.6345,0.0
918,152,569.826,1,0.8276,0.008
712,79,144.201,4,0.9582,0.1933
321,57,403.558,7,0.4206,0.0131
564,32,442.463,2,0.9527,0.0
606,136,86.946,4,0.7968,0.2668
496,162,328.241,2,0.7286,0.0
475,110,555.003,5,0.8175,0.0
56,87,29.788,4,0.4533,0.22
453,130,298.007,6,0.3432,0.0
349,184,105.344,16,0.45,0.2279
819,198,126.951,3,0.5472,0.0245
866,39,369.297,20,0.6004,0.1324
751,96,21.712,11,0.3844,0.3179
31,176,306.256,5,0.8293,0.0036
842,127,18.995,4,0.6863,0.4901
397,164,666.44,4,0.7628,0.0
417,200,635.785,16,0.3596,0.0186
946,21,152.774,4,0.6503,0.0609
868,123,47.846,12,0.9123,0.748
51,107,180.832,1,0.9023,0.0
360,57,20.928,9,0.7908,0.6974
750,131,529.181,17,0.7242,0.0903
539,21,413.417,17,0.9472,0.2927
258,100,391.793,11,0.375,0.022
525,83,613.494,6,0.3284,0.0
867,79,582.8,7,0.809,0.0121
224,123,294.69,7,0.5477,0.0
747,189,439.637,5,0.393,0.0217
735,190,318.381,14,0.9556,0.3673
886,141,449.475,4,0.3141,0.0247
298,67,109.522,20,0.8528,0.6818
216,194,216.408,3,0.582,0.0
548,200,181.73,13,0.5662,0.2515
532,170,120.993,14,0.5888,0.2574
410,175,298.257,14,0.5447,0.0917
780,164,523.216,14,0.3758,0.0
800,153,285.463,9,0.7967,0.1077
246,146,707.506,3,0.662,0.0
796,128,217.854,13,0.5779,0.196
231,130,682.679,5,0.6733,0.0029
408,78,139.762,5,0.6355,0.0611
28,178,231.297,17,0.4719,0.1334
341,127,118.557,3,0.4087,0.03
959,123,171.676,11,0.8598,0.3832
443,149,113.542,8,0.8002,0.3721
711,16,450.063,4,0.4347,0.0111
108,184,144.843,20,0.3854,0.1952
636,117,61.753,14,0.6849,0.5396
372,189,192.19,10,0.7567,0.2535
744,21,488.609,17,0.7098,0.0895
929,47,308.9,7,0.492,0.0181
532,190,112.856,7,0.8123,0.3172
103,139,46.152,1,0.4483,0.0024
477,130,525.271,16,0.6588,0.0612
124,81,507.107,20,0.4331,0.0327
450,112,332.567,17,0.5452,0.1529
62,110,380.215,1,0.6492,0.0066
641,40,173.535,7,0.7007,0.1873
311,114,349.7,20,0.3757,0.0349
202,104,524.732,19,0.5497,0.0751
18,63,555.618,5,0.6764,0.0
889,69,245.486,9,0.8584,0.2223
838,154,488.933,12,0.4809,0.0264
812,136,350.526,3,0.8532,0.0
59,94,532.452,8,0.9753,0.0528
350,121,497.517,16,0.753,0.1468
972,49,540.382,16,0.8169,0.134
579,100,119.134,4,0.8613,0.2238
129,113,232.267,11,0.9064,0.3404
142,51,191.156,5,0.3684,0.0
264,34,322.166,15,0.5209,0.1007
973,106,335.005,14,0.6544,0.1438
170,189,480.628,14,0.5345,0.0323
903,93,410.332,11,0.4545,0.0132
679,181,417.72,8,0.9402,0.1109
922,171,455.933,2,0.8388,0.0
827,149,196.844,16,0.4563,0.163
333,179,163.202,17,0.4687,0.2362
828,83,155.328,9,0.7427,0.2998
170,152,561.313,1,0.6265,0.0
291,29,70.48,12,0.5154,0.319
212,64,227.929,4,0.8845,0.0529
134,114,202.156,19,0.9536,0.6002
91,8,426.391,13,0.5538,0.0496
188,154,665.456,20,0.7521,0.1015
121,186,632.649,16,0.5348,0.0117
381,22,76.326,18,0.9683,0.7844
72,199,389.181,10,0.5833,0.0543
62,18,27.264,19,0.4452,0.3947
990,26,570.636,10,0.5791,0.0086
88,153,270.11,8,0.5229,0.0186
75,138,155.095,19,0.6565,0.4058
31,188,348.811,8,0.3653,0.0
133,86,313.557,7,0.7326,0.0396
528,115,679.081,11,0.8417,0.0576
828,30,24.378,11,0.4841,0.3898
735,139,684.014,11,0.4754,0.0085
581,200,169.13,13,0.5339,0.18
86,120,104.851,10,0.6593,0.3336
775,187,534.242,19,0.3721,0.0147
38,79,376.494,18,0.6868,0.2188
631,197,644.918,16,0.7624,0.0934
410,108,390.927,8,0.9853,0.1368
883,29,364.184,3,0.9756,0.0174
308,73,148.833,1,0.5225,0.0253
639,99,683.862,16,0.7666,0.1156
440,14,478.601,4,0.8129,0.0151
523,180,433.329,13,0.8826,0.16
939,48,568.945,9,0.36,0.0074
713,136,73.364,16,0.3907,0.2723
415,184,623.884,18,0.5088,0.0
448,87,360.597,2,0.4873,0.0415
705,122,577.692,10,0.8477,0.0672
347,104,513.238,19,0.8706,0.2469
168,153,325.182,8,0.6274,0.035
468,8,554.306,16,0.6329,0.0514
69,72,519.037,15,0.6631,0.1008
170,123,3.178,17,0.3224,0.2822
421,19,510.804,2,0.5782,0.055
797,172,366.573,18,0.3641,0.0583
782,127,604.499,1,0.3932,0.0135
261,1,583.039,2,0.7796,0.0096
422,3,123.282,4,0.681,0.0862
154,32,16.155,16,0.6047,0.5693
756,133,141.756,3,0.8313,0.0414
247,104,533.74,15,0.7068,0.0603
800,97,627.437,6,0.4839,0.0
843,113,504.563,14,0.7642,0.1091
690,99,590.913,14,0.5011,0.0039
331,69,423.02,8,0.3777,0.0
953,2,364.942,20,0.9688,0.4474
687,6,698.677,6,0.8835,0.0348
646,138,58.485,2,0.6832,0.077
857,149,303.664,13,0.367,0.0615
882,48,200.562,2,0.5978,0.0033
78,49,88.316,6,0.7031,0.2822
882,82,436.213,11,0.5327,0.0304
766,129,189.909,19,0.435,0.177
207,119,333.603,15,0.6551,0.1883
308,112,98.776,13,0.9208,0.6484
753,8,281.095,11,0.5223,0.0358
217,87,144.583,8,0.9105,0.3639
453,151,645.846,17,0.5659,0.0523
689,119,376.364,1,0.4969,0.0127
651,162,575.772,4,0.9051,0.0464
910,140,349.98,4,0.3657,0.0
112,180,30.996,13,0.8351,0.753
296,115,500.231,6,0.633,0.0243
985,114,34.909,2,0.3555,0.0537
569,112,284.732,4,0.7719,0.0124
249,53,394.023,14,0.5591,0.061
290,88,561.586,11,0.8298,0.0563
340,34,647.043,11,0.6601,0.0224
555,87,147.864,15,0.8635,0.5666
285,30,477.94,11,0.3166,0.0
622,99,338.83,18,0.6396,0.1783
446,191,552.728,12,0.65,0.0716
611,91,676.718,13,0.8987,0.0482
156,148,383.97,7,0.9008,0.0824
624,88,206.832,12,0.6359,0.138
925,182,575.027,4,0.493,0.0
136,43,379.486,5,0.6082,0.0
328,167,635.299,20,0.8076,0.185
694,145,407.79,18,0.3539,0.0
618,178,674.76,9,0.9841,0.0134
675,27,13.118,7,0.7464,0.6502
560,179,532.181,13,0.5986,0.0214
683,182,249.834,15,0.7159,0.2607
610,60,481.572,1,0.9254,0.0
75,125,678.519,15,0.5816,0.0298
752,118,470.989,1,0.4585,0.0
447,10,536.517,1,0.7676,0.011
52,106,114.217,10,0.3385,0.0638
410,132,123.188,14,0.563,0.241
436,42,413.08,7,0.4459,0.0
87,73,310.32,19,0.8264,0.3739
997,118,80.473,9,0.9012,0.5721
223,186,524.537,14,0.8637,0.1437
331,13,503.399,11,0.3717,0.0
441,188,66.389,10,0.3996,0.1853
833,164,35.509,6,0.9511,0.7488
743,170,273.056,9,0.7345,0.1473
771,10,455.896,8,0.4919,0.0
238,114,643.422,3,0.719,0.0
846,74,313.127,15,0.8106,0.2948
830,184,61.012,5,0.7713,0.3721
464,149,605.215,1,0.557,0.0
546,130,90.365,18,0.7328,0.5434
38,6,459.103,14,0.3616,0.0
761,176,297.98,8,0.94,0.1671
961,98,654.936,15,0.8606,0.0969
473,33,507.683,4,0.9169,0.0
541,175,0.603,8,0.4823,0.4843
500,181,268.702,8,0.4662,0.0252
83,100,130.232,10,0.6927,0.3595
620,133,204.501,9,0.5627,0.12
722,123,287.549,9,0.4386,0.0191
928,61,390.027,7,0.8582,0.0983
930,150,574.936,8,0.36,0.0
492,200,62.685,1,0.3185,0.0481
959,187,317.874,1,0.8801,0.0638
529,138,612.592,8,0.4527,0.022
643,73,311.454,14,0.9136,0.3274
602,182,374.133,18,0.6904,0.2211
999,186,560.707,19,0.7222,0.1621
738,2,513.428,6,0.3145,0.0
121,68,367.443,11,0.6091,0.0819
72,111,696.323,8,0.9398,0.0141
410,116,26.556,2,0.8216,0.3985
516,143,39.72,15,0.4802,0.3897
669,103,307.987,1,0.3285,0.0022
482,3,114.073,4,0.3994,0.0
515,34,156.278,18,0.856,0.596
922,153,108.484,17,0.6458,0.4327
335,139,498.659,12,0.6408,0.0638
494,131,303.603,11,0.9009,0.2746
558,89,600.689,15,0.6188,0.0245
469,55,180.651,11,0.6122,0.2549
969,62,449.055,15,0.3447,0.0619
963,138,154.071,3,0.8522,0.0453
514,101,10.921,20,0.6114,0.5904
451,27,496.177,2,0.9587,0.0054
589,80,105.202,15,0.4577,0.2262
181,165,499.697,17,0.4326,0.0165
426,120,497.438,1,0.3023,0.0604
217,174,481.23,5,0.7828,0.0
145,102,426.415,6,0.6769,0.0575
96,98,637.202,9,0.4982,0.0324
588,190,54.921,4,0.5316,0.1933
1,102,670.944,11,0.5121,0.0376
647,28,47.965,20,0.5684,0.5005
432,81,356.885,1,0.5146,0.0158
367,130,664.766,18,0.6054,0.0743
770,70,193.995,15,0.8922,0.4762
539,83,603.372,9,0.6716,0.0067
734,175,427.3,11,0.8436,0.09
710,88,620.123,4,0.7007,0.0196
33,61,35.444,19,0.4937,0.4071
216,22,400.5,1,0.9785,0.0
570,81,136.234,3,0.4288,0.0213
976,154,13.5,15,0.9648,0.9225
155,60,496.203,4,0.9553,0.0466
106,95,539.898,2,0.4291,0.0231
942,132,530.265,6,0.4134,0.036
967,186,523.559,12,0.5048,0.0129
168,163,576.058,7,0.7251,0.0153
402,58,338.37,17,0.6008,0.1762
627,33,250.581,19,0.8959,0.4244
196,135,555.208,9,0.9864,0.0345
327,51,480.018,12,0.6103,0.0392
396,79,144.405,12,0.3101,0.0204
642,21,313.693,6,0.9839,0.0885
309,155,131.573,10,0.5946,0.2524
413,33,560.921,5,0.6516,0.0105
290,77,178.311,20,0.7387,0.465
760,82,448.529,11,0.8341,0.0824
154,9,529.597,9,0.6367,0.0372
231,156,713.959,5,0.3271,0.0
250,124,312.146,3,0.7356,0.0174
906,109,628.235,2,0.6144,0.0189
945,36,478.503,7,0.6792,0.0645
501,11,6.579,13,0.4921,0.5161
157,12,282.025,19,0.3032,0.0585
757,126,284.068,14,0.3919,0.0385
493,150,86.57,4,0.7068,0.2021
850,160,314.986,2,0.752,0.0107
360,161,84.293,11,0.3871,0.1556
999,79,601.559,11,0.606,0.032
808,1,260.885,2,0.7402,0.0209
224,50,132.256,12,0.5983,0.2981
726,158,433.512,3,0.7891,0.0
287,153,617.53,13,0.9539,0.12
350,102,673.18,20,0.5284,0.0622
251,5,643.939,1,0.8551,0.0201
683,156,635.137,6,0.4661,0.0
263,164,250.923,16,0.7045,0.2783
639,46,364.151,15,0.9121,0.2915
583,161,267.657,11,0.9146,0.3175
751,128,664.067,19,0.5918,0.0104
994,178,67.288,9,0.8779,0.5924
9,126,399.333,14,0.6301,0.0819
991,18,178.149,9,0.753,0.2664
110,130,612.344,20,0.6723,0.1378
527,22,244.568,10,0.6922,0.1687
341,52,621.921,3,0.3474,0.0
640,175,668.227,18,0.8938,0.1535
722,194,124.231,9,0.5157,0.1461
860,96,543.185,14,0.3753,0.0
402,59,252.309,9,0.5529,0.0441
933,79,290.657,6,0.3566,0.0
323,49,197.917,5,0.3189,0.0
204,115,444.192,1,0.562,0.0514
380,85,247.409,2,0.6483,0.0106
529,12,533.373,8,0.9307,0.0255
669,123,560.625,16,0.5713,0.0435
833,129,284.798,4,0.8655,0.0723
225,134,3.913,14,0.7364,0.7467
304,190,48.046,13,0.6252,0.4849
939,141,197.508,14,0.3332,0.0433
440,136,686.812,13,0.8965,0.0854
242,43,283.846,18,0.7322,0.2857
986,93,535.977,7,0.452,0.0296
449,87,674.008,14,0.494,0.0724
986,193,246.338,18,0.8211,0.415
920,95,404.348,14,0.8723,0.2225
907,138,613.745,20,0.8085,0.1371
582,109,442.847,17,0.4456,0.0783
799,12,81.243,10,0.3514,0.1483
961,188,554.211,16,0.6061,0.0134
270,135,650.995,10,0.6776,0.0218
38,47,553.634,19,0.6782,0.1134
321,12,541.952,2,0.6858,0.0042
637,188,544.224,20,0.7966,0.1823
548,62,441.222,18,0.6975,0.1646
81,4,178.799,6,0.4658,0.0062
561,124,655.848,3,0.3277,0.0031
175,4,93.249,12,0.636,0.4032
506,44,595.739,13,0.4326,0.0012
576,179,259.07,8,0.5863,0.0416
637,8,485.314,13,0.4601,0.052
413,151,579.767,11,0.6382,0.0496
409,124,575.085,7,0.4636,0.0
679,62,116.442,10,0.5106,0.1878
750,58,440.056,2,0.4332,0.0016
808,95,154.878,11,0.7166,0.3241
334,107,81.159,14,0.7789,0.5877
425,179,370.007,20,0.6771,0.2102
331,53,711.026,7,0.9983,0.0
528,119,706.807,2,0.5982,0.0075
128,138,413.062,4,0.4288,0.0
431,3,556.079,18,0.8775,0.2178
189,180,180.143,19,0.6178,0.3404
533,199,161.929,16,0.566,0.3142
851,18,508.843,10,0.6768,0.0637
986,53,566.027,20,0.3947,0.0379
447,158,534.252,15,0.9388,0.185
57,162,75.693,5,0.8757,0.4062
228,32,256.838,7,0.9498,0.2177
105,184,32.288,19,0.6326,0.5768
760,66,566.144,3,0.5321,0.0
985,59,224.802,15,0.3982,0.0877
554,72,309.694,1,0.7655,0.0
177,135,417.01,14,0.4647,0.0253
22,42,0.898,7,0.5125,0.5116
977,109,255.289,1,0.3102,0.0
317,16,523.78,2,0.9733,0.0
113,30,206.324,4,0.8903,0.1271
178,154,410.959,20,0.8011,0.2708
256,77,703.575,20,0.8297,0.1577
656,159,85.513,5,0.8821,0.3551
892,148,193.499,7,0.4547,0.0032
276,200,492.614,3,0.6273,0.0
688,28,431.033,11,0.6067,0.0183
65,187,704.173,17,0.3304,0.0
11,179,25.397,11,0.7294,0.6163
55,87,632.217,16,0.3909,0.026
924,28,352.008,20,0.6999,0.2274
582,27,163.754,20,0.8241,0.4909
806,103,362.671,7,0.3708,0.0044
22,3,297.075,5,0.4216,0.0
23,20,129.531,10,0.9095,0.5408
849,107,158.355,1,0.8083,0.0
103,113,207.818,10,0.8482,0.3373
156,173,397.807,15,0.4085,0.0212
519,195,60.29,4,0.7796,0.3334
607,54,64.424,17,0.3963,0.2809
229,67,239.191,18,0.5917,0.2011
445,40,509.396,8,0.329,0.0283
675,45,704.391,7,0.5291,0.0
443,88,9.136,19,0.9774,0.9187
383,199,700.099,17,0.787,0.1019
72,179,494.107,16,0.3262,0.001
452,183,648.759,7,0.8371,0.0
803,91,386.395,9,0.5723,0.0353
627,132,333.585,14,0.5038,0.0577
894,145,565.422,15,0.4343,0.0294
127,49,397.024,5,0.5947,0.0
12,93,646.154,1,0.4811,0.0113
549,111,643.059,2,0.9435,0.0
179,75,382.163,7,0.7908,0.0066
594,95,413.324,10,0.9388,0.1715
904,89,328.79,4,0.3245,0.0
338,13,496.528,1,0.3298,0.0
550,154,491.455,7,0.7395,0.004
682,181,468.602,18,0.7309,0.1486
151,151,45.361,5,0.8028,0.5238
898,187,693.798,14,0.6964,0.0194
203,87,241.966,15,0.3246,0.038
809,12,177.653,13,0.7818,0.391
660,54,152.35,17,0.8806,0.5775
141,171,50.35,6,0.7912,0.5339
725,28,329.34,4,0.8746,0.0436
197,110,30.407,4,0.6103,0.3399
600,1,116.271,9,0.3729,0.0971
960,65,4.295,11,0.9284,0.9528
954,23,126.183,12,0.8351,0.4728
872,23,716.579,18,0.6761,0.0294
495,33,390.076,3,0.3991,0.0171
560,108,48.813,13,0.419,0.2696
301,138,406.404,8,0.4353,0.053
921,58,432.769,14,0.4077,0.0087
478,164,394.589,4,0.8743,0.0
772,79,242.243,1,0.6122,0.0
360,148,473.385,12,0.5037,0.0551
741,106,103.107,7,0.535,0.1379
225,145,158.476,19,0.4878,0.2306
734,196,716.201,15,0.6712,0.0282
46,199,299.515,10,0.6127,0.0159
105,118,106.836,8,0.9294,0.4986
353,193,156.65,14,0.4216,0.1348
483,141,521.513,10,0.8996,0.0587
712,54,84.142,15,0.519,0.3489
360,188,255.188,15,0.9838,0.4985
19,30,236.781,20,0.7834,0.4209
326,94,164.532,7,0.9489,0.3091
440,31,343.585,13,0.9311,0.2627
544,157,79.737,10,0.6415,0.409
645,180,329.0,4,0.6001,0.06
248,164,23.97,5,0.4221,0.2861
611,21,698.661,1,0.5425,0.0116
632,55,435.707,6,0.5118,0.0
777,69,54.513,3,0.5443,0.1378
523,24,137.727,4,0.4247,0.0
811,107,530.375,3,0.4478,0.014
222,7,526.938,1,0.8664,0.0
712,123,263.106,11,0.8557,0.2373
46,115,107.301,19,0.903,0.6845
103,120,386.1,9,0.4259,0.0162
865,183,199.368,11,0.9667,0.4475
476,158,70.154,13,0.475,0.2971
621,52,249.446,12,0.4359,0.068
604,115,540.854,2,0.3926,0.0
695,161,255.304,9,0.3955,0.0
246,171,29.841,17,0.4905,0.4002
179,129,87.126,5,0.9865,0.439
43,17,429.571,3,0.8043,0.0001
865,87,376.189,13,0.6737,0.0752
224,172,486.064,14,0.5432,0.0434
576,15,411.874,15,0.7133,0.1038
455,119,358.256,14,0.629,0.1335
163,109,342.349,6,0.926,0.0773
414,45,692.326,12,0.4889,0.0
84,69,620.918,18,0.4327,0.027
177,196,275.981,4,0.4928,0.0
140,120,470.673,14,0.824,0.1787
825,188,15.201,13,0.6883,0.6378
568,95,15.574,6,0.8061,0.6629
926,170,229.713,19,0.6445,0.2837
436,124,543.555,4,0.5847,0.0
202,183,666.367,17,0.4781,0.0023
609,66,491.901,12,0.8643,0.1328
930,77,508.747,3,0.5479,0.0254
533,9,23.609,9,0.3289,0.2477
18,46,669.75,7,0.5088,0.0
304,28,62.948,9,0.4096,0.2098
925,37,681.8,16,0.6909,0.0509
519,62,102.458,13,0.6498,0.3722
952,175,24.52,4,0.6357,0.4612
510,76,406.017,15,0.4759,0.0465
13,166,82.27,15,0.3714,0.1806
874,163,21.232,2,0.3843,0.1183
764,197,481.002,19,0.5488,0.0857
716,102,531.676,1,0.7392,0.0417
971,170,211.272,6,0.312,0.0157
197,84,384.359,6,0.3052,0.0
906,127,422.159,2,0.3916,0.0165
233,163,116.23,14,0.6549,0.3898
971,29,317.126,10,0.5331,0.0057
192,12,458.799,17,0.6103,0.0631
551,33,637.756,7,0.5144,0.0
790,145,301.871,18,0.7806,0.2941
79,95,503.67,11,0.5124,0.0
67,57,361.459,1,0.444,0.0113
850,154,509.248,7,0.8344,0.0456
61,4,568.175,8,0.9756,0.0146
614,35,382.232,11,0.6931,0.0822
939,94,44.464,15,0.3403,0.2666
615,184,630.353,4,0.8611,0.0224
482,150,432.915,17,0.6001,0.0944
418,137,432.663,4,0.7849,0.0
639,143,367.06,20,0.7083,0.2785
572,63,125.672,8,0.6505,0.2721
502,90,350.302,19,0.5576,0.1781
154,178,386.745,2,0.4453,0.0
663,146,276.619,5,0.5697,0.0044
740,120,107.78,20,0.4129,0.212
709,17,548.929,4,0.7704,0.0069
76,147,329.016,7,0.3617,0.0
703,74,504.626,12,0.8008,0.0899
730,78,34.302,4,0.8589,0.5089
184,135,363.4,7,0.7301,0.0274
849,79,53.584,15,0.8767,0.7729
524,115,528.281,10,0.5408,0.0131
473,3,418.502,9,0.6499,0.0
723,38,325.276,14,0.6519,0.1647
510,108,700.46,20,0.746,0.1369
545,192,235.069,17,0.6291,0.2137
313,153,304.769,2,0.3417,0.0058
928,84,531.153,13,0.6605,0.0426
970,194,378.274,10,0.3192,0.0144
131,56,474.306,9,0.6055,0.0336
734,179,702.933,5,0.3226,0.0
24,81,501.039,6,0.6371,0.0044
369,18,108.935,15,0.5601,0.3713
970,1,151.125,20,0.6567,0.5077
175,197,626.362,11,0.6713,0.0397
377,129,35.017,5,0.8556,0.6159
220,30,366.853,5,0.9597,0.026
729,199,652.335,4,0.4731,0.0
464,9,558.996,11,0.9386,0.1008
594,67,83.722,15,0.5631,0.3771
943,150,533.265,16,0.4148,0.0
522,11,275.398,13,0.7213,0.198
735,182,648.974,20,0.5743,0.0493
98,136,412.626,18,0.5243,0.0768
216,190,395.342,5,0.7366,0.0185
947,168,6.768,19,0.787,0.818
860,165,180.128,2,0.6129,0.0169
657,46,297.477,15,0.4943,0.1055
379,41,521.359,12,0.8504,0.1213
200,49,374.676,1,0.753,0.0361
852,31,613.902,7,0.7409,0.0783
786,133,25.215,18,0.9434,0.8952
242,12,232.819,15,0.9977,0.5295
590,86,430.466,12,0.3325,0.0139
619,117,474.475,16,0.4782,0.0469
478,108,361.983,4,0.8674,0.0
927,98,287.474,4,0.3704,0.0038
125,45,51.984,13,0.3198,0.1732
258,22,501.446,9,0.5309,0.0332
96,198,650.731,5,0.8514,0.0822
693,93,582.459,1,0.5874,0.0095
645,119,505.035,9,0.4497,0.0256
988,114,456.779,15,0.4192,0.0527
543,74,555.983,8,0.6856,0.0
151,145,559.358,11,0.5461,0.0325
451,76,5.494,4,0.7406,0.6976
89,83,257.972,20,0.8549,0.4199
671,161,625.065,17,0.3028,0.0
675,64,612.639,7,0.5271,0.0
858,140,511.313,10,0.6824,0.0
340,134,222.876,14,0.7732,0.2967
311,7,574.598,3,0.5129,0.0
72,137,167.104,12,0.6317,0.288
416,161,161.739,5,0.3738,0.0
476,55,385.96,12,0.3681,0.017
755,183,411.58,10,0.9027,0.1324
754,4,253.281,9,0.6773,0.1168
141,36,434.916,13,0.624,0.0553
286,190,510.706,8,0.6062,0.0
512,172,130.167,16,0.9673,0.7002
336,152,208.159,5,0.5957,0.0
26,121,504.034,1,0.4824,0.0257
846,41,667.657,14,0.367,0.0
732,98,636.856,12,0.8625,0.0719
521,114,93.781,15,0.9614,0.75
318,18,410.417,8,0.9505,0.1329
843,119,576.226,14,0.4186,0.0
36,18,171.256,1,0.7509,0.0
447,26,463.276,20,0.6724,0.1207
801,35,308.186,18,0.5856,0.1828
953,39,477.335,7,0.8699,0.0841
252,17,23.6,7,0.9293,0.7856
651,192,225.67,4,0.3952,0.0
190,161,221.622,20,0.3037,0.0783
116,102,301.735,2,0.4367,0.0
354,74,82.91,17,0.8667,0.7057
886,39,314.647,3,0.9414,0.0079
690,190,390.108,20,0.7763,0.297
490,160,19.681,6,0.3123,0.19
283,151,217.008,9,0.7049,0.1719
142,95,128.061,2,0.5941,0.0
271,6,699.971,6,0.8469,0.0
153,128,94.191,19,0.8268,0.6469
188,98,451.925,12,0.4391,0.0124
688,60,289.633,7,0.5216,0.0437
133,64,207.235,18,0.4512,0.1642
48,12,615.007,19,0.6698,0.0865
543,175,478.311,9,0.3573,0.0
287,33,446.807,8,0.7158,0.0315
455,163,67.887,17,0.6351,0.5121
140,195,186.828,11,0.6924,0.2323
210,10,199.436,6,0.8869,0.2553
442,125,313.036,12,0.6413,0.0838
691,14,663.496,8,0.8509,0.0
415,167,290.928,8,0.9549,0.1838
542,102,236.511,14,0.3637,0.0759
522,5,51.539,8,0.3539,0.2022
269,155,277.477,11,0.4291,0.0287
280,154,38.171,14,0.809,0.6813
426,185,263.265,19,0.7455,0.321
33,97,696.821,19,0.7219,0.1108
686,187,400.586,18,0.7713,0.2012
615,134,150.782,15,0.6208,0.3236
307,106,215.789,10,0.5034,0.0941
374,72,411.406,9,0.4297,0.0138
329,59,14.376,2,0.9576,0.6808
652,125,647.741,16,0.4737,0.0
760,148,416.47,19,0.5388,0.099
109,8,354.698,13,0.8049,0.2116
414,83,515.83,19,0.8256,0.2004
14,10,144.588,11,0.6696,0.3115
453,80,16.072,3,0.6625,0.4693
249,160,443.152,18,0.9767,0.3567
336,139,115.622,9,0.6237,0.2383
457,25,9.307,11,0.9291,0.889
324,144,668.856,13,0.9906,0.1564
395,3,567.767,9,0.3443,0.0
765,3,82.668,9,0.7594,0.4678
811,183,645.424,14,0.9744,0.135
6,7,49.119,7,0.6108,0.3657
378,54,578.251,9,0.5659,0.0258
847,27,298.712,3,0.5621,0.0
531,117,373.331,6,0.8332,0.0643
206,105,481.362,15,0.7689,0.1529
594,168,71.559,11,0.6074,0.3543
145,198,653.631,8,0.7094,0.0259
22,150,103.85,19,0.7193,0.5267
633,94,677.97,5,0.5043,0.0
516,10,66.322,11,0.3043,0.1199
757,185,124.26,2,0.3026,0.0
345,113,41.911,20,0.6144,0.5417
855,44,286.706,17,0.7805,0.3654
422,109,425.628,17,0.9455,0.3132
739,79,450.241,6,0.8875,0.0126
101,71,596.619,10,0.5422,0.005
98,91,380.669,10,0.6776,0.0623
783,151,367.525,7,0.6144,0.0312
834,33,235.162,1,0.4448,0.0
943,193,468.97,13,0.4453,0.0
325,13,654.187,1,0.8896,0.0023
23,30,256.139,20,0.3872,0.09
980,136,256.897,3,0.3491,0.0
602,30,247.522,9,0.4933,0.0417
248,156,164.124,7,0.6423,0.1711
764,147,408.248,5,0.333,0.0
904,86,76.461,20,0.5384,0.3974
285,91,601.137,3,0.8809,0.0
770,200,99.613,17,0.5591,0.3266
788,160,125.643,11,0.7158,0.3746
502,127,49.839,14,0.9731,0.834
633,29,274.879,9,0.7925,0.2156
270,118,545.626,1,0.7763,0.0177
930,8,655.313,11,0.9801,0.0983
984,51,312.965,1,0.3654,0.0
982,140,169.681,10,0.9555,0.4745
738,82,522.609,12,0.4066,0.0185
43,199,495.619,12,0.3248,0.0
367,188,490.943,15,0.6258,0.099
445,19,319.543,7,0.9193,0.1133
960,177,407.232,20,0.5193,0.0789
547,173,45.085,10,0.3636,0.2143
537,22,180.384,14,0.3133,0.041
147,78,667.437,9,0.574,0.0111
794,190,30.561,8,0.9893,0.8323
337,4,217.501,11,0.7747,0.3104
92,12,163.571,17,0.6559,0.399
988,103,94.207,9,0.4437,0.1724
191,191,665.571,2,0.9652,0.0143
17,56,91.082,14,0.3295,0.187
78,155,352.603,7,0.3243,0.0
453,139,604.527,15,0.5089,0.0144
103,30,3.286,17,0.6183,0.6255
843,58,78.586,9,0.9227,0.6207
513,125,246.493,19,0.7983,0.4123
324,97,106.637,15,0.5769,0.3369
4,48,131.924,14,0.7552,0.4244
480,41,425.837,19,0.8073,0.2286
152,112,123.269,18,0.431,0.252
979,166,460.151,16,0.5369,0.0675
292,83,659.216,20,0.4689,0.0478
475,186,165.574,16,0.881,0.5176
19,134,153.239,18,0.9213,0.6386
131,81,8.698,15,0.9263,0.9178
208,142,11.052,10,0.7146,0.6539
52,90,285.873,8,0.5487,0.0244
726,152,352.366,17,0.6556,0.2123
946,197,132.032,20,0.9154,0.6728
986,158,232.89,12,0.7769,0.2923
266,29,101.453,4,0.8831,0.2462
789,15,490.657,17,0.3615,0.0492
505,162,283.22,6,0.6711,0.0265
46,170,528.853,15,0.8696,0.1569
91,114,396.45,5,0.6716,0.017
548,49,271.967,18,0.5138,0.2211
424,177,451.171,10,0.5463,0.0056
9,90,5.658,8,0.3462,0.3194
931,59,497.217,15,0.9166,0.2351
731,74,267.469,15,0.7875,0.3104
503,60,370.018,6,0.9316,0.0619
987,57,377.093,2,0.4139,0.0541
972,66,402.278,20,0.4636,0.1096
974,135,505.867,20,0.6804,0.2008
259,4,80.11,14,0.365,0.1764
881,73,352.319,3,0.7355,0.0245
505,34,60.329,19,0.5267,0.413
727,130,168.973,10,0.4178,0.0766
860,199,136.676,13,0.5383,0.2402
164,158,431.271,14,0.9599,0.2721
449,50,436.587,12,0.7271,0.0934
129,103,598.332,5,0.7352,0.0
280,4,375.962,20,0.8326,0.3063
414,83,536.296,11,0.8817,0.0611
856,56,640.192,19,0.7068,0.099
863,101,96.579,3,0.6182,0.0883
390,82,519.237,14,0.3684,0.0352
330,137,236.45,4,0.8421,0.0592
531,110,200.567,3,0.47,0.0091
912,188,693.366,18,0.4124,0.0391
977,14,149.046,3,0.9543,0.0759
227,189,658.521,1,0.7655,0.015
187,159,593.164,1,0.7144,0.0127
707,143,632.676,8,0.7836,0.0
302,166,422.115,3,0.5475,0.0
200,11,421.196,2,0.9192,0.0001
32,43,290.158,11,0.6489,0.1375
404,1,288.962,5,0.6806,0.0
392,160,612.555,9,0.5365,0.0
564,71,279.49,3,0.9852,0.019
201,73,350.678,14,0.6443,0.1545
715,123,717.405,9,0.3249,0.0119
681,85,255.429,18,0.9284,0.5026
463,128,592.355,17,0.5913,0.0449
182,188,199.944,8,0.711,0.203
507,67,18.54,7,0.486,0.3983
675,179,427.471,18,0.3227,0.0021
373,107,345.389,8,0.3658,0.0
264,76,566.511,18,0.5002,0.0336
507,184,3.488,2,0.8831,0.807
356,98,51.268,14,0.9941,0.8106
401,26,619.039,9,0.3778,0.0
349,58,346.458,17,0.7511,0.2547
304,170,364.836,2,0.9554,0.0
717,104,162.464,19,0.517,0.2628
461,113,666.7,20,0.949,0.1923
467,137,658.426,10,0.6265,0.0
654,39,372.261,14,0.5423,0.0631
362,19,157.224,11,0.8709,0.4449
102,89,707.618,13,0.3712,0.0
853,184,642.622,11,0.6416,0.0
56,26,375.655,14,0.4428,0.0516
572,144,451.194,10,0.623,0.0298
266,196,316.841,20,0.6689,0.2655
214,20,148.759,19,0.737,0.521
42,27,490.804,16,0.3993,0.0279
901,174,481.942,2,0.8632,0.0119
430,22,394.301,5,0.943,0.0111
343,149,586.494,8,0.9196,0.0326
742,160,325.596,3,0.7018,0.0
39,63,619.93,19,0.772,0.1079
565,59,156.645,6,0.9346,0.2991
495,105,692.519,16,0.375,0.0
554,102,148.055,19,0.7948,0.5136
124,173,115.706,6,0.6979,0.2238
953,119,434.645,15,0.8026,0.1645
239,194,67.471,14,0.4373,0.2699
679,48,121.327,13,0.5082,0.2437
748,57,525.04,1,0.9417,0.0
344,49,222.215,11,0.3653,0.0129
131,131,576.187,11,0.9479,0.126
297,7,112.42,1,0.8045,0.0509
807,173,277.724,19,0.4799,0.1349
907,155,278.434,16,0.7859,0.3082
937,198,346.145,13,0.9297,0.2828
227,192,295.777,8,0.4411,0.0
607,15,278.792,19,0.784,0.3885
152,150,236.811,9,0.9727,0.3388
711,101,11.401,2,0.4766,0.2779
416,148,444.137,20,0.9409,0.3437
714,175,341.177,11,0.3904,0.0238
686,117,269.077,12,0.8092,0.2845
993,1,152.613,14,0.3336,0.0965
489,173,641.855,4,0.6703,0.0143
342,88,171.665,1,0.3383,0.0106
527,92,663.105,10,0.9838,0.0646
163,117,156.821,18,0.8874,0.5992
112,183,699.441,20,0.9032,0.1999
520,106,302.581,6,0.9477,0.1116
826,42,383.79,20,0.8042,0.2926
534,147,215.494,18,0.5032,0.2459
782,127,676.241,17,0.9999,0.1512
178,14,203.81,6,0.545,0.063
450,107,525.887,15,0.9093,0.1706
614,158,15.243,20,0.8256,0.7536
348,177,402.498,12,0.7447,0.0633
15,57,534.064,18,0.7704,0.1503
74,105,339.293,6,0.3001,0.0515
928,165,463.367,18,0.7013,0.198
606,117,553.117,4,0.3664,0.0
265,84,360.421,14,0.9993,0.3269
259,37,157.417,8,0.4475,0.0621
40,9,285.977,9,0.8942,0.2089
945,139,526.295,15,0.8538,0.2027
109,193,195.551,10,0.7695,0.2911
760,121,455.249,17,0.7032,0.1605
241,157,107.196,12,0.5996,0.3291
336,136,669.846,11,0.8339,0.0
274,70,434.346,6,0.5719,0.0
825,105,337.421,13,0.8285,0.2056
33,55,584.391,6,0.4281,0.0
353,45,574.065,15,0.8732,0.0993
280,118,70.524,10,0.839,0.6155
273,130,221.432,11,0.8334,0.2991
193,198,330.446,11,0.586,0.0481
913,48,245.519,1,0.7915,0.0
379,59,228.798,16,0.6568,0.2836
419,34,253.901,20,0.4884,0.164
386,190,102.704,15,0.6286,0.3624
981,157,86.421,4,0.5802,0.1117
340,67,187.794,13,0.4133,0.1433
342,194,50.924,4,0.3106,0.0821
328,141,367.603,14,0.7581,0.1806
327,96,110.682,9,0.8188,0.4473
90,77,49.115,18,0.5168,0.4037
605,114,602.826,12,0.9979,0.1158
26,18,423.213,2,0.4537,0.0
226,35,646.87,18,0.7264,0.0754
203,188,708.051,12,0.8713,0.0641
292,42,427.546,18,0.8041,0.2706
757,33,573.206,2,0.5775,0.0088
600,172,115.29,5,0.8999,0.3338
991,189,502.976,3,0.8212,0.0
352,164,395.904,6,0.4791,0.0136
929,21,487.165,10,0.8166,0.0764
45,168,75.849,14,0.5314,0.3281
505,54,673.819,8,0.4843,0.0
799,3,300.882,10,0.5656,0.095
532,185,558.688,15,0.5796,0.0505
934,54,713.245,9,0.3097,0.0
315,132,628.848,17,0.4842,0.066
34,15,224.772,3,0.7787,0.0148
774,38,289.722,16,0.5614,0.1843
69,177,467.207,17,0.7429,0.1494
765,119,387.608,12,0.7585,0.1296
734,200,295.711,6,0.9852,0.1597
845,37,470.6,1,0.5989,0.0
479,179,654.906,20,0.7143,0.165
896,175,223.182,1,0.8023,0.0
170,185,92.839,2,0.7733,0.0802
435,10,486.702,4,0.6716,0.0138
122,21,424.714,4,0.856,0.0
767,106,652.071,6,0.7585,0.0
715,24,534.843,5,0.7682,0.0
807,13,286.215,10,0.5001,0.0411
765,163,456.18,18,0.8552,0.266
309,140,620.973,8,0.6946,0.0
69,169,250.507,3,0.8913,0.0044
930,188,10.448,4,0.41,0.2984
493,29,451.152,17,0.5727,0.0779
95,167,19.153,2,0.7904,0.4684
928,9,675.017,20,0.9354,0.1965
995,75,121.519,1,0.9063,0.0
446,60,269.783,1,0.7276,0.0
771,48,681.351,2,0.8165,0.0208
37,144,58.01,19,0.5876,0.4559
94,25,3.624,1,0.4204,0.3138
277,162,75.067,18,0.641,0.4917
657,175,709.955,1,0.9683,0.0478
134,134,699.659,15,0.5618,0.0215
35,17,277.219,9,0.67,0.1132
669,120,535.006,5,0.9601,0.0
771,126,530.004,14,0.3709,0.0
740,75,72.318,15,0.3364,0.2327
800,74,169.669,9,0.734,0.2746
803,94,640.123,3,0.5438,0.0
603,200,119.719,6,0.7651,0.2743
520,1,375.255,1,0.5766,0.0185
857,102,176.168,13,0.6574,0.3188
349,64,401.704,8,0.976,0.093
98,110,141.904,13,0.6272,0.2999
752,1,155.731,11,0.7746,0.349
276,184,34.172,15,0.9977,0.9126
979,92,712.928,10,0.5788,0.0
415,194,81.872,6,0.3064,0.0658
852,31,299.538,13,0.7925,0.2012
43,117,300.933,20,0.7494,0.3289
660,136,218.959,14,0.5483,0.1321
449,160,571.776,4,0.8121,0.0297
463,2,243.469,6,0.8353,0.1038
266,127,450.511,20,0.4612,0.0562
972,30,391.189,15,0.4355,0.0566
393,86,622.169,13,0.777,0.0649
851,11,590.118,15,0.5985,0.0388
426,12,157.313,6,0.3877,0.0082
49,154,540.205,19,0.3783,0.0114
880,144,570.753,4,0.3047,0.0
186,180,661.854,19,0.3561,0.0
271,141,693.535,5,0.771,0.009
862,120,530.749,7,0.9563,0.0017
894,24,324.225,13,0.8569,0.2494
917,154,211.292,10,0.6369,0.1656
426,47,622.625,20,0.7863,0.1597
757,22,659.241,18,0.7133,0.0264
328,147,70.695,18,0.4624,0.3079
741,118,399.335,12,0.5796,0.0735
503,30,93.455,20,0.6348,0.4816
52,110,181.512,15,0.4902,0.1764
418,139,276.21,7,0.9581,0.1591
468,100,224.383,12,0.4948,0.0976
258,144,515.661,8,0.7862,0.0353
375,101,57.316,6,0.5297,0.2406
503,71,442.11,15,0.635,0.1044
50,45,418.828,9,0.7941,0.0928
152,52,566.887,6,0.8331,0.0
767,162,70.06,18,0.464,0.3412
352,75,239.809,7,0.6837,0.0717
609,144,502.066,15,0.7468,0.1064
566,72,512.559,6,0.3245,0.0148
552,106,324.006,8,0.8304,0.1573
414,122,332.743,9,0.7377,0.0861
484,96,694.788,10,0.748,0.0751
824,149,235.221,16,0.4424,0.0972
966,185,108.508,8,0.6448,0.2949
257,173,686.07,1,0.6981,0.026
670,185,583.013,4,0.5424,0.0313
970,6,171.067,1,0.779,0.0
8,152,617.296,19,0.3275,0.0182
785,146,182.031,1,0.6546,0.0046
497,83,595.848,19,0.3417,0.0038
968,63,452.751,13,0.6065,0.0537
579,11,347.716,1,0.9243,0.0
839,168,668.248,8,0.6146,0.0004
167,169,582.84,16,0.987,0.2018
143,16,93.981,10,0.8281,0.5104
927,117,508.157,17,0.9627,0.2337
527,111,568.547,10,0.9128,0.0606
559,35,389.841,8,0.8997,0.1013
170,110,199.131,5,0.531,0.001
227,163,169.203,14,0.8759,0.501
819,66,701.398,16,0.5357,0.0206
304,146,314.773,14,0.8933,0.3045
585,195,373.795,4,0.6284,0.0158
317,91,430.88,8,0.3058,0.0245
264,22,72.904,14,0.9398,0.7349
167,60,58.992,5,0.7877,0.4046
930,28,143.06,15,0.7807,0.4848
941,71,47.504,19,0.9136,0.8001
116,129,646.951,6,0.9731,0.0
354,41,107.003,8,0.8365,0.4472
564,103,163.517,15,0.699,0.3517
384,200,387.095,15,0.4249,0.0467
722,53,645.319,5,0.8022,0.0
261,176,35.778,10,0.6511,0.5239
59,61,155.894,11,0.668,0.2762
337,123,516.634,17,0.7576,0.1627
598,32,374.05,15,0.8311,0.1947
181,54,428.256,3,0.4825,0.0
816,174,12.698,3,0.5221,0.403
13,118,624.166,19,0.4686,0.0228
68,114,416.904,14,0.8285,0.1565
509,103,600.828,18,0.6249,0.0775
513,49,693.914,3,0.7168,0.0
295,186,527.29,11,0.6724,0.0167
259,79,22.812,2,0.8935,0.5663
70,3,512.445,10,0.7075,0.0231
663,182,405.917,7,0.986,0.0352
380,10,74.997,7,0.7178,0.3768
119,178,195.072,5,0.6517,0.0337
400,54,121.981,3,0.3434,0.0
938,14,665.923,3,0.5965,0.0164
262,45,572.706,11,0.5349,0.0404
895,131,504.764,6,0.7075,0.0135
259,110,549.709,7,0.5444,0.0
186,31,433.097,16,0.5165,0.0465
261,61,615.864,9,0.9993,0.0523
324,43,164.984,18,0.5241,0.2739
121,131,180.738,13,0.8958,0.4165
588,173,426.264,19,0.8667,0.2936
334,52,583.392,15,0.5271,0.0501
719,180,601.85,20,0.5662,0.028
491,82,702.914,15,0.8189,0.0979
443,17,548.964,13,0.5701,0.0658
471,65,167.959,8,0.329,0.0081
157,175,166.453,14,0.6523,0.2709
713,162,321.101,9,0.6717,0.0575
105,146,468.283,7,0.5329,0.0112
722,80,369.598,1,0.3374,0.0618
1000,156,49.047,18,0.6065,0.4832
764,143,347.228,6,0.9735,0.0632
456,159,588.403,7,0.9509,0.0208
315,112,173.407,16,0.8841,0.5334
873,102,457.406,15,0.559,0.057
258,194,194.563,14,0.4284,0.069
483,190,400.304,16,0.9827,0.3093
771,108,504.854,20,0.9014,0.3008
923,41,149.596,20,0.4367,0.2459
921,82,532.604,10,0.598,0.0
88,101,487.255,1,0.7214,0.0303
899,136,225.531,3,0.7261,0.0
115,64,644.434,6,0.7516,0.0084
585,10,562.08,11,0.9653,0.0979
930,165,375.455,10,0.4082,0.0175
655,190,59.992,13,0.9263,0.7185
948,17,317.527,16,0.4936,0.1124
345,64,237.827,15,0.6861,0.2539
315,87,189.329,15,0.6876,0.3004
327,153,463.551,17,0.7884,0.1748
356,155,663.685,2,0.5456,0.0181
683,69,105.946,8,0.3805,0.0873
453,63,534.108,18,0.8917,0.2306
738,82,447.824,3,0.4263,0.0169
417,49,480.43,9,0.4678,0.0
308,88,608.611,16,0.3555,0.0
191,53,270.639,18,0.6566,0.3172
552,13,417.489,17,0.724,0.1423
899,143,199.675,18,0.665,0.2782
859,158,204.99,2,0.3592,0.0
254,58,369.807,19,0.8863,0.3467
478,81,5.752,10,0.3435,0.3383
706,81,179.019,16,0.9872,0.5985
613,5,109.597,6,0.5615,0.1635
68,110,86.745,16,0.6991,0.4935
592,92,277.24,3,0.7823,0.018
39,189,75.588,11,0.6686,0.4629
117,75,111.511,1,0.8892,0.0
654,159,481.641,12,0.8474,0.1385
103,79,469.141,20,0.7061,0.1474
340,38,680.441,11,0.3108,0.0012
589,70,662.637,1,0.7472,0.0042
656,177,629.3,11,0.8525,0.0548
446,52,497.642,5,0.87,0.013
95,169,192.311,5,0.681,0.0692
800,134,128.684,12,0.5396,0.1597
950,150,683.606,7,0.5511,0.0042
889,151,690.953,8,0.5567,0.0
749,104,363.441,4,0.7855,0.0
403,121,395.084,13,0.7901,0.1786
877,14,4.366,15,0.7158,0.7158
489,140,107.407,18,0.8364,0.6573
137,143,393.343,9,0.6359,0.0454
851,21,131.3,1,0.674,0.0
321,104,344.946,5,0.9072,0.0047
939,102,572.442,20,0.6503,0.1329
369,62,576.66,16,0.5097,0.0
870,14,620.463,11,0.5929,0.0
538,2,170.095,18,0.478,0.2103
468,42,311.25,6,0.4572,0.033
297,47,451.515,1,0.7258,0.0007
836,43,418.591,14,0.3114,0.0
61,122,719.333,18,0.5175,0.001
469,85,199.284,3,0.7487,0.0271
369,23,51.829,1,0.4492,0.0
544,17,279.567,15,0.9985,0.4221
255,132,373.211,15,0.7394,0.1609
665,187,279.119,1,0.7404,0.0
386,164,230.283,18,0.6734,0.2893
189,152,185.598,20,0.8365,0.5498
197,64,308.075,5,0.7868,0.0616
697,141,496.381,17,0.8863,0.2005
262,17,107.609,19,0.4794,0.2853
308,35,623.252,9,0.5991,0.0
627,28,461.787,15,0.6748,0.085
330,37,77.753,10,0.5487,0.3163
389,72,17.422,20,0.4835,0.4758
245,9,37.451,2,0.3121,0.0557
346,163,65.52,4,0.5603,0.1658
693,144,463.526,5,0.6195,0.0
534,127,677.446,3,0.8613,0.0
998,36,96.412,2,0.7799,0.0154
772,174,205.077,14,0.538,0.1975
17,2,623.48,12,0.8158,0.0406
379,199,364.332,11,0.4083,0.0162
290,146,307.822,15,0.5091,0.1318
588,41,340.99,17,0.5316,0.0825
266,40,73.256,6,0.3191,0.0562
967,139,158.495,9,0.9102,0.4074
300,162,692.671,14,0.5993,0.0
522,94,463.444,1,0.5138,0.0194
123,13,206.482,11,0.8201,0.3451
910,99,681.85,10,0.6728,0.026
912,96,286.498,6,0.9193,0.122
794,66,101.852,14,0.7765,0.5271
352,181,695.045,7,0.9261,0.0188
59,69,479.638,7,0.8049,0.0526
711,49,542.151,15,0.8465,0.1694
430,136,16.697,11,0.601,0.5506
991,124,204.223,4,0.3734,0.0
699,125,680.735,13,0.6379,0.0
539,101,112.401,7,0.6792,0.2866
987,64,628.967,15,0.4756,0.0536
801,52,554.852,10,0.4609,0.0
459,24,272.843,5,0.5586,0.0377
19,38,638.497,2,0.5939,0.0
93,116,664.388,6,0.7348,0.0188
444,82,624.211,14,0.5043,0.0224
563,148,293.682,14,0.3484,0.0118
31,161,422.944,17,0.5331,0.1252
127,112,220.76,8,0.4558,0.0299
705,21,94.001,19,0.7329,0.5763
752,1,649.57,16,0.5639,0.0746
30,46,706.442,7,0.7084,0.0
508,57,42.653,6,0.5525,0.3451
81,15,495.327,12,0.7018,0.0593
724,156,683.484,16,0.3025,0.0089
835,74,437.897,10,0.716,0.0316
870,149,34.385,4,0.3351,0.1183
599,42,11.23,16,0.8358,0.8114
629,3,363.202,10,0.9368,0.189
927,28,676.79,1,0.6718,0.0289
613,95,201.144,4,0.317,0.0073
447,96,252.56,12,0.5147,0.0679
755,88,573.218,11,0.374,0.0145
591,192,577.296,4,0.3498,0.0
843,131,679.448,15,0.7478,0.0645
525,147,603.924,13,0.7668,0.0647
870,25,427.826,11,0.7356,0.0989
45,94,675.934,2,0.4062,0.0049
37,125,442.574,4,0.4251,0.015
100,117,433.336,4,0.5107,0.0037
557,190,11.654,19,0.5862,0.6187
709,96,328.201,5,0.4607,0.0
217,75,31.403,1,0.9231,0.2103
156,189,647.165,6,0.3189,0.0155
861,68,8.034,15,0.6383,0.6056
751,115,221.388,5,0.9643,0.1623
649,6,716.45,15,0.9907,0.1026
489,34,572.549,1,0.5273,0.0042
421,12,545.643,18,0.7414,0.1468
21,84,513.418,11,0.8632,0.0633
189,187,37.368,18,0.4593,0.3906
897,15,207.86,15,0.6883,0.2489
340,196,574.987,4,0.9787,0.0034
705,174,644.85,14,0.9256,0.1464
704,2,252.365,19,0.9197,0.4828
310,4,187.15,10,0.7258,0.2465
205,181,170.227,4,0.7362,0.0455
692,118,394.832,12,0.4626,0.0416
94,35,210.225,12,0.8667,0.3939
495,191,15.852,16,0.8386,0.8121
889,113,281.645,4,0.6015,0.0237
712,128,398.911,14,0.8999,0.2241
765,136,456.838,8,0.4715,0.0009
84,41,247.256,5,0.8933,0.0603
200,72,226.345,16,0.7376,0.3092
276,26,204.749,11,0.3317,0.0275
293,106,448.983,19,0.5486,0.1211
195,198,204.568,5,0.7807,0.0667
973,126,660.176,7,0.8068,0.0144
165,139,203.174,19,0.5578,0.2294
709,39,569.578,9,0.4601,0.0
587,109,230.546,8,0.4219,0.0592
611,199,457.196,17,0.9844,0.3441
215,18,503.442,3,0.5751,0.0
308,41,125.962,12,0.5834,0.2675
607,144,273.886,8,0.4178,0.0183
300,3,92.295,18,0.563,0.3603
695,42,367.917,3,0.9852,0.0184
40,189,654.828,7,0.6502,0.0
73,4,429.492,4,0.795,0.0
729,86,505.344,4,0.959,0.0
617,66,204.157,6,0.9471,0.2234
44,80,337.388,11,0.9164,0.2587
900,52,533.49,10,0.9356,0.0606
5,56,94.971,10,0.7278,0.4188
956,153,88.069,18,0.9072,0.7387
730,6,161.981,18,0.8553,0.5493
989,26,170.877,5,0.9942,0.232
949,53,692.945,2,0.9165,0.0197
314,166,114.619,14,0.6766,0.3615
757,79,76.159,1,0.3017,0.0
211,7,99.563,13,0.9955,0.7233
472,105,146.494,4,0.674,0.0687
241,126,265.794,4,0.9603,0.0334
487,92,142.352,14,0.5954,0.3138
873,18,63.672,16,0.7549,0.6126
437,176,98.797,7,0.9153,0.3977
93,172,568.666,8,0.409,0.0149
325,183,374.694,2,0.5555,0.0
787,193,537.161,18,0.9127,0.2552
522,64,127.635,18,0.6474,0.4431
561,85,220.072,4,0.761,0.039
432,192,707.269,16,0.6804,0.026
293,90,62.138,19,0.6278,0.5277
599,173,316.123,18,0.5511,0.1828
634,130,213.307,9,0.9737,0.3613
899,186,5.777,3,0.8071,0.7293
618,3,397.989,11,0.9666,0.2268
996,142,396.229,7,0.9035,0.045
827,161,231.071,7,0.3308,0.0076
79,40,340.29,13,0.9063,0.2609
393,148,282.506,12,0.3622,0.0384
385,40,334.496,2,0.9587,0.0
4,181,610.671,13,0.6639,0.0305
181,182,514.204,20,0.5105,0.0768
763,1,202.136,4,0.7666,0.0838
353,102,172.85,20,0.9343,0.6515
148,77,522.294,3,0.9938,0.0212
288,179,162.038,11,0.4562,0.145
275,65,653.508,2,0.8192,0.0
175,145,599.711,20,0.4501,0.0332
102,24,182.187,16,0.3283,0.0747
765,43,577.179,19,0.4158,0.0201
825,198,138.175,1,0.8375,0.0
497,77,18.387,13,0.3857,0.327
616,154,692.026,17,0.8102,0.0929
920,194,548.292,2,0.9676,0.0
843,194,352.352,19,0.8141,0.2537
33,4,607.189,3,0.4882,0.0009
953,47,55.053,3,0.9149,0.4355
67,143,532.702,6,0.8575,0.0245
27,186,688.576,19,0.7224,0.0856
404,196,589.476,17,0.9807,0.1916
746,145,311.091,9,0.4246,0.0
81,21,249.671,11,0.3057,0.0
293,149,642.593,1,0.4834,0.01
263,55,210.239,17,0.5043,0.1615
398,162,674.994,2,0.4202,0.0279
987,110,230.632,15,0.6854,0.2109
332,37,90.448,8,0.3747,0.093
209,169,170.223,17,0.7349,0.4412
123,198,374.268,1,0.3868,0.0
199,102,94.831,6,0.5767,0.1509
134,163,273.879,14,0.6251,0.1544
574,12,652.263,15,0.4123,0.0
421,55,68.052,1,0.9759,0.0422
498,26,442.665,2,0.368,0.0
833,57,291.009,8,0.4393,0.0425
581,76,466.344,14,0.5691,0.0684
156,87,352.773,13,0.8721,0.2236
377,65,631.289,10,0.6816,0.0
313,109,290.097,12,0.5498,0.0643
827,44,366.314,7,0.632,0.0371
308,70,94.134,12,0.8973,0.6413
139,169,353.276,14,0.6081,0.0907
737,113,83.049,5,0.4636,0.114
429,6,420.062,1,0.4456,0.0
96,66,308.01,6,0.8893,0.0765
690,166,564.135,16,0.4749,0.0
211,37,301.594,17,0.6739,0.2325
869,185,454.213,11,0.7883,0.0763
833,60,42.945,18,0.4074,0.3109
370,127,511.358,9,0.3137,0.0
556,96,689.374,15,0.9925,0.0978
568,126,322.677,11,0.8699,0.2125
654,160,7.586,1,0.9626,0.7204
70,30,434.824,6,0.6965,0.0105
325,71,104.955,14,0.457,0.2562
171,114,337.203,13,0.6654,0.1204
698,53,23.852,15,0.8336,0.7755
70,76,319.103,5,0.7186,0.0263
517,178,629.693,4,0.6323,0.0154
728,46,97.911,19,0.6911,0.5296
949,38,359.045,8,0.4563,0.0
289,117,183.161,16,0.5718,0.2287
8,20,188.312,2,0.6175,0.0132
724,1,463.357,18,0.8323,0.2386
2,174,538.885,18,0.6733,0.1049
67,56,628.829,15,0.6142,0.1012
991,25,200.698,6,0.967,0.2311
863,132,51.424,2,0.447,0.0479
708,97,318.722,5,0.8668,0.0067
836,92,421.113,11,0.3029,0.0251
76,88,532.628,20,0.5744,0.0855
89,30,544.494,15,0.4354,0.0151
301,172,621.873,10,0.6364,0.0583
24,1,22.923,13,0.6449,0.5712
889,97,706.328,15,0.5733,0.0466
57,55,696.124,14,0.3382,0.0283
545,129,26.076,3,0.4618,0.206
854,110,225.916,11,0.4828,0.0461
735,77,551.308,18,0.6251,0.0652
235,107,344.788,13,0.5965,0.1212
471,46,3.84,8,0.4412,0.4118
549,27,255.718,12,0.7258,0.1823
768,182,417.047,15,0.6287,0.1031
427,123,633.358,2,0.4547,0.0
286,131,597.146,4,0.3542,0.0
796,200,681.377,12,0.3858,0.0
887,181,337.174,2,0.3491,0.0245
489,117,574.858,10,0.33,0.0316
29,159,72.979,16,0.3677,0.1852
501,106,373.53,11,0.5378,0.0439
890,48,659.98,17,0.6722,0.0732
990,125,604.051,2,0.6306,0.0
402,183,472.211,10,0.931,0.0923
151,176,107.852,19,0.9335,0.7656
573,102,131.507,13,0.4285,0.1286
831,190,488.79,17,0.9069,0.257
946,40,234.746,9,0.6946,0.1563
52,9,237.538,2,0.8166,0.0616
291,81,610.365,7,0.8536,0.0402
478,41,15.226,18,0.5816,0.508
99,192,282.917,5,0.5973,0.0
887,24,171.9,17,0.8284,0.4807
113,107,19.999,13,0.8761,0.8162
666,155,156.324,16,0.6074,0.267
919,23,133.066,19,0.4728,0.2637
686,10,363.469,19,0.7686,0.2789
764,111,313.62,11,0.8456,0.1965
264,181,339.888,14,0.8355,0.278
828,4,632.157,3,0.5733,0.0145
419,5,356.241,3,0.4276,0.0297
62,186,460.264,19,0.6503,0.2031
367,121,466.364,4,0.498,0.0
350,141,372.391,2,0.5206,0.0129
522,56,219.785,2,0.7795,0.0
265,63,650.323,1,0.5262,0.0178
463,95,315.767,9,0.8622,0.1481
428,43,411.427,2,0.5751,0.0
327,89,402.804,4,0.4191,0.0
697,191,595.986,18,0.6165,0.0788
306,150,385.16,1,0.5452,0.0428
766,174,329.242,3,0.5241,0.0
251,100,331.514,11,0.4397,0.0
865,158,561.673,5,0.4678,0.0172
366,85,237.917,7,0.8279,0.1819
41,124,673.125,10,0.8352,0.0937
150,147,609.632,4,0.5961,0.0
807,165,100.041,15,0.5024,0.2858
873,186,228.753,15,0.7369,0.3263
212,22,652.093,1,0.7621,0.0
603,159,200.788,12,0.6853,0.2299
575,142,229.055,7,0.8279,0.1822
134,148,156.96,12,0.5945,0.2036
452,3,39.637,14,0.7545,0.6201
694,98,344.749,8,0.6589,0.0063
968,193,543.617,13,0.5233,0.0006
848,181,475.368,16,0.3918,0.008
98,47,20.376,17,0.4325,0.3788
238,98,377.074,4,0.6436,0.0
437,173,238.143,12,0.4399,0.0862
151,187,462.267,9,0.9739,0.1039
571,67,292.012,19,0.553,0.1535
9,161,705.991,8,0.4085,0.0
114,167,596.57,5,0.953,0.0
48,31,504.417,16,0.8874,0.25
296,7,371.522,8,0.4759,0.0146
763,10,425.806,4,0.7677,0.045
178,30,318.617,11,0.8054,0.128
988,149,572.256,20,0.6459,0.0783
270,78,653.974,6,0.7118,0.0
45,138,719.349,4,0.8902,0.0
336,18,431.358,10,0.6432,0.0509
749,121,491.117,9,0.6197,0.039
107,150,288.201,6,0.8185,0.0894
72,196,6.596,13,0.9606,0.9636
850,64,506.479,1,0.9459,0.0
593,110,672.538,9,0.7315,0.0
344,97,619.0,3,0.6819,0.0
757,70,632.668,18,0.7385,0.1406
845,128,289.83,12,0.34,0.0371
360,113,513.9,13,0.923,0.1452
562,167,459.85,13,0.3257,0.0048
11,6,389.703,14,0.3506,0.0384
307,45,109.59,14,0.3276,0.1035
596,116,414.531,18,0.8103,0.2546
198,115,215.336,13,0.4963,0.1188
992,181,506.732,3,0.5862,0.0318
972,135,680.321,8,0.4738,0.0
258,1,524.05,9,0.9456,0.09
397,98,187.231,19,0.9968,0.6356
190,170,335.246,9,0.6079,0.0198
504,175,406.921,18,0.8717,0.2652
124,161,522.967,16,0.4769,0.0519
391,96,106.876,8,0.7541,0.3766
556,22,378.664,17,0.3929,0.0704
612,43,619.368,10,0.9047,0.068
597,170,20.35,9,0.6014,0.5175
222,69,523.994,3,0.8072,0.0
793,153,633.974,3,0.7485,0.0257
692,8,573.052,12,0.8471,0.0965
754,99,670.958,16,0.5646,0.0056
468,191,563.66,17,0.7218,0.0924
893,50,373.218,16,0.728,0.1957
390,7,343.654,10,0.4394,0.0173
806,58,23.409,6,0.4308,0.3152
204,13,13.882,9,0.7968,0.752
248,123,460.598,4,0.4632,0.0
527,39,198.652,11,0.7387,0.2397
556,50,221.455,3,0.9725,0.0
747,118,581.184,16,0.4896,0.0222
298,66,80.56,3,0.9143,0.3141
873,131,204.719,9,0.6676,0.1562
330,187,493.385,6,0.7115,0.0053
535,187,22.492,13,0.4877,0.4271
932,146,374.488,15,0.948,0.3168
540,194,61.989,8,0.7979,0.5019
682,148,548.512,6,0.7967,0.0
909,14,457.082,19,0.8993,0.2888
975,192,438.353,17,0.3775,0.0613
500,114,159.715,17,0.3704,0.1588
417,2,521.921,7,0.3578,0.0
197,125,217.558,1,0.9173,0.0335
538,49,411.201,15,0.9315,0.3169
919,107,66.715,5,0.6,0.2486
488,132,69.634,5,0.7663,0.3443
349,6,140.076,16,0.8941,0.5963
108,88,155.916,3,0.552,0.0502
390,12,91.468,17,0.4843,0.2766
237,23,85.58,5,0.9773,0.4608
977,43,632.963,7,0.4347,0.0102
528,157,399.559,13,0.651,0.0823
137,83,448.156,14,0.7122,0.0673
68,10,207.588,14,0.5632,0.1592
851,150,40.423,11,0.6444,0.4738
932,109,697.173,13,0.865,0.0542
764,29,39.373,8,0.8038,0.6678
124,113,592.38,9,0.8567,0.0695
99,50,479.03,3,0.4978,0.0009
198,128,293.711,12,0.4857,0.0757
752,190,537.677,7,0.4752,0.005
766,64,550.725,19,0.6747,0.1078
838,150,632.431,20,0.413,0.0179
97,5,392.574,2,0.9757,0.0
154,82,154.262,13,0.8744,0.465
901,178,412.47,2,0.9886,0.0009
929,15,71.957,8,0.4715,0.1929
726,186,271.197,10,0.753,0.155
107,19,439.659,6,0.935,0.0472
69,97,181.733,17,0.609,0.2532
56,37,622.927,1,0.6392,0.0
692,5,702.769,18,0.3284,0.002
846,70,55.117,20,0.9701,0.8321
632,117,148.64,15,0.8193,0.4788
263,145,340.832,20,0.9766,0.4933
758,64,27.799,5,0.4559,0.2673
60,99,67.361,13,0.8407,0.6314
829,37,648.511,16,0.446,0.0297
892,146,33.259,7,0.4063,0.2062
719,34,178.565,5,0.9416,0.1574
880,173,305.304,8,0.3897,0.0
587,36,15.22,1,0.7704,0.3211
469,133,583.722,11,0.5911,0.0
323,67,597.691,4,0.9511,0.0474
922,200,284.465,7,0.6613,0.0
698,57,145.684,20,0.7484,0.5092
191,190,642.552,2,0.8333,0.0
957,168,488.721,15,0.5461,0.0469
60,94,377.419,5,0.9579,0.0215
588,100,282.83,3,0.352,0.0
191,71,388.51,11,0.3903,0.0
665,86,180.024,7,0.7668,0.2191
413,94,323.987,14,0.6044,0.0896
438,30,494.003,18,0.5395,0.0607
672,65,296.473,15,0.8294,0.367
757,176,493.325,15,0.837,0.1824
381,196,532.013,13,0.9088,0.1082
998,11,542.796,5,0.4213,0.0318
499,147,410.024,10,0.8678,0.129
161,48,133.167,20,0.7721,0.5276
7,131,504.553,11,0.897,0.1264
203,125,589.973,12,0.7167,0.0741
692,176,68.341,13,0.9176,0.7042
540,141,645.148,11,0.8428,0.0348
338,165,677.766,3,0.9519,0.0
482,161,481.296,12,0.7536,0.096
839,130,80.411,4,0.5886,0.1639
572,83,470.831,15,0.5779,0.076
59,68,256.691,18,0.5845,0.1872
50,70,218.973,6,0.7751,0.1562
483,72,26.952,6,0.5346,0.356
405,58,522.018,1,0.3074,0.0066
851,63,408.226,7,0.3691,0.0
583,114,324.846,14,0.857,0.251
757,55,280.161,4,0.9462,0.0494
586,70,296.828,10,0.3502,0.0121
346,142,326.502,17,0.5278,0.1334
658,66,344.053,17,0.6688,0.1886
622,22,70.781,1,0.8372,0.0305
721,4,274.141,19,0.7883,0.4129
190,154,46.574,17,0.9924,0.88
642,190,558.782,13,0.7093,0.0157
286,137,376.251,17,0.5945,0.1493
791,13,575.751,12,0.9365,0.1325
799,113,309.396,9,0.5082,0.0
625,55,110.654,13,0.4475,0.1719
947,65,216.045,18,0.4898,0.1638
538,185,168.763,2,0.5171,0.0
26,165,317.011,15,0.6356,0.1502
607,148,568.121,8,0.5025,0.0
778,101,84.417,18,0.8964,0.7184
102,116,288.372,14,0.9939,0.4509
105,184,66.544,2,0.9754,0.2878
274,133,282.153,11,0.7776,0.1653
845,116,419.625,17,0.7904,0.2179
528,20,50.127,16,0.3361,0.2554
977,200,48.449,14,0.6408,0.5426
873,162,526.102,3,0.7214,0.0
555,73,293.695,20,0.9399,0.4902
680,51,253.32,13,0.3606,0.0609
332,194,494.307,17,0.6582,0.0835
91,192,61.487,17,0.6025,0.4536
399,85,619.065,20,0.4056,0.0402
593,47,558.419,14,0.9716,0.1639
183,160,280.849,11,0.9435,0.3207
222,126,337.735,2,0.4016,0.0427
15,181,286.656,3,0.4724,0.0057
735,110,565.473,14,0.7001,0.0547
900,111,21.361,19,0.479,0.4508
828,29,483.564,18,0.7752,0.1938
380,121,218.183,18,0.8601,0.4659
594,73,561.384,3,0.5931,0.0025
961,42,708.422,9,0.9706,0.0528
592,157,201.225,13,0.4054,0.0893
296,70,321.29,13,0.4427,0.0212
339,43,394.492,10,0.806,0.1254
728,193,396.98,19,0.6758,0.1813
447,193,113.153,5,0.7363,0.1968
838,99,420.146,17,0.6774,0.1075
865,60,521.355,9,0.9081,0.0976
36,33,679.728,13,0.5669,0.0259
724,126,522.411,9,0.3424,0.0
370,123,434.579,8,0.7793,0.0585
520,124,168.324,12,0.6578,0.2985
265,154,70.954,11,0.7288,0.5262
369,95,456.904,15,0.4646,0.0218
331,137,450.319,2,0.8526,0.0
51,132,604.419,2,0.3442,0.0
783,160,321.47,8,0.4382,0.0186
144,149,124.285,5,0.3056,0.0
376,8,162.191,15,0.7828,0.4854
194,124,343.269,13,0.8362,0.2326
161,196,225.022,3,0.6784,0.0337
374,112,130.202,3,0.4253,0.0
919,106,78.099,17,0.3338,0.1921
945,122,297.186,14,0.5049,0.073
382,112,243.344,18,0.5701,0.1671
506,81,695.016,14,0.6318,0.0391
986,199,616.689,9,0.8336,0.0588
235,15,132.522,7,0.9602,0.4818
945,163,542.538,17,0.8624,0.192
106,32,346.002,20,0.5459,0.1355
226,42,666.828,9,0.3136,0.0227
339,122,438.104,10,0.9821,0.1355
38,128,147.273,8,0.776,0.2741
816,186,141.499,20,0.525,0.2977
856,59,696.472,3,0.9518,0.0
384,6,661.2,4,0.3637,0.0
837,52,347.917,17,0.5404,0.1497
773,109,406.255,19,0.6492,0.1427
802,72,394.137,6,0.4962,0.0164
803,51,549.822,12,0.3804,0.0
574,183,341.893,6,0.3873,0.0
111,113,88.732,20,0.7641,0.6088
924,135,233.822,2,0.9768,0.0096
609,150,409.375,12,0.9895,0.2143
902,82,253.098,12,0.6319,0.1796
960,148,585.848,19,0.8356,0.1827
188,193,682.518,12,0.447,0.0
403,145,174.618,7,0.785,0.2316
193,60,640.241,10,0.6191,0.0102
51,156,515.451,13,0.7517,0.0795
967,48,422.814,17,0.3222,0.0194
924,15,94.316,1,0.8341,0.0
932,89,296.179,15,0.6913,0.19
884,102,716.656,12,0.6842,0.0225
649,94,466.989,4,0.4558,0.0
523,53,426.216,8,0.5508,0.0273
992,55,26.127,12,0.3357,0.2243
553,185,231.379,17,0.5428,0.1869
643,59,351.728,17,0.4911,0.1191
212,157,462.178,10,0.8471,0.0655
747,52,617.195,14,0.3945,0.004
820,22,330.08,11,0.4153,0.0
679,13,197.969,14,0.8605,0.3952
499,49,202.882,20,0.7104,0.4072
198,169,99.655,2,0.7536,0.0466
34,92,105.215,18,0.3904,0.211
628,140,220.177,4,0.7559,0.0438
684,193,552.058,19,0.7518,0.1294
773,10,297.812,9,0.6283,0.0398
951,22,618.958,4,0.9712,0.0059
498,185,683.416,1,0.4902,0.037
830,114,54.765,18,0.7031,0.595
717,124,511.937,15,0.3907,0.0
278,69,61.849,9,0.5706,0.4189
846,166,52.108,19,0.4856,0.3529
54,130,198.916,18,0.7871,0.3927
599,52,73.603,4,0.8338,0.3765
941,130,477.508,11,0.9015,0.1009
659,1,515.748,13,0.4737,0.0021
938,49,460.451,14,0.754,0.1515
57,41,414.469,11,0.6546,0.1012
533,158,562.602,6,0.6747,0.0
781,148,556.37,5,0.4574,0.0185
643,19,626.649,4,0.7959,0.0455
881,182,499.254,10,0.7362,0.0141
463,164,256.552,12,0.9346,0.3676
683,87,378.008,19,0.7203,0.2183
420,43,353.487,3,0.7861,0.0
873,85,78.11,10,0.5413,0.32
120,118,584.549,13,0.4315,0.0355
255,127,657.298,9,0.9629,0.0568
97,70,708.782,1,0.7223,0.0144
703,21,178.913,14,0.6349,0.2676
233,122,69.313,4,0.999,0.4929
318,142,80.395,15,0.4854,0.3204
837,54,579.192,6,0.7942,0.0636
361,128,455.038,14,0.4577,0.0
146,114,544.528,4,0.6081,0.0
21,101,651.789,13,0.5655,0.0093
227,2,163.301,3,0.828,0.0655
915,62,262.459,6,0.6272,0.0715
549,75,570.611,16,0.5424,0.0606
995,167,187.132,6,0.5044,0.031
216,166,364.596,9,0.8867,0.1482
352,175,319.563,9,0.4459,0.0133
164,93,428.822,6,0.6215,0.0115
399,66,711.512,12,0.5964,0.0353
564,100,75.123,7,0.6299,0.2433
809,159,349.2,11,0.7671,0.13
369,125,690.491,16,0.9207,0.1062
772,121,250.797,16,0.4104,0.0615
627,87,533.36,5,0.8016,0.0
292,140,669.11,14,0.4,0.0
913,174,173.617,16,0.3047,0.1012
435,134,59.053,12,0.3055,0.22
151,81,54.961,15,0.9272,0.7913
963,168,53.019,9,0.8924,0.7183
914,189,252.7,2,0.5282,0.0
50,160,91.311,12,0.7543,0.5288
903,176,291.916,19,0.405,0.0718
948,54,543.095,10,0.8279,0.0395
830,85,215.074,12,0.9989,0.4771
255,50,345.441,14,0.9613,0.3753
632,74,92.142,17,0.7438,0.5779
539,147,502.919,10,0.6129,0.0569
621,136,229.067,7,0.5565,0.0124
617,1,97.795,13,0.4936,0.2342
640,152,687.385,14,0.3599,0.0
515,39,554.243,14,0.4467,0.0482
691,38,469.85,13,0.6911,0.0957
527,109,520.698,20,0.4903,0.0091
17,49,306.642,6,0.8079,0.051
36,193,215.149,7,0.8375,0.1648
959,30,360.24,18,0.6336,0.1666
910,31,594.273,4,0.9339,0.0581
586,153,693.949,17,0.8707,0.1187
175,58,436.0,5,0.3544,0.0
782,143,271.291,14,0.8617,0.3083
144,137,517.249,18,0.8808,0.2473
378,38,502.04,18,0.5426,0.0607
330,116,178.551,13,0.6451,0.2443
13,108,313.852,5,0.3491,0.0165
808,19,96.923,7,0.4861,0.1393
510,153,289.939,15,0.966,0.4145
317,172,549.298,13,0.9531,0.1247
508,190,226.353,6,0.778,0.055
1,18,455.967,12,0.3128,0.0222
437,36,236.244,19,0.3167,0.0718
520,166,106.341,2,0.7165,0.0401
340,61,533.928,12,0.4612,0.0047
831,126,424.51,12,0.7562,0.0935
250,70,594.417,17,0.3671,0.0093
138,44,489.007,6,0.9912,0.0492
528,125,588.47,4,0.3803,0.0096
888,42,111.985,9,0.5357,0.1858
376,28,442.693,7,0.3684,0.0243
47,107,264.829,18,0.5688,0.195
970,39,537.611,16,0.5355,0.04
445,39,417.872,8,0.752,0.0278
173,157,39.483,8,0.9015,0.7061
616,106,384.386,1,0.8672,0.0052
320,109,536.018,2,0.813,0.0
938,29,189.576,12,0.9985,0.5061
294,33,471.432,14,0.3305,0.0
551,79,605.546,16,0.8527,0.129
544,78,47.388,3,0.3912,0.0796
243,91,416.387,4,0.7257,0.0
500,27,639.129,12,0.8678,0.1094
110,180,91.459,2,0.763,0.0619
644,73,194.224,17,0.3802,0.123
759,164,450.852,9,0.4287,0.0268
951,81,421.54,12,0.9209,0.2337
326,95,571.349,16,0.9375,0.1958
286,23,453.104,11,0.8225,0.0795
549,136,414.82,2,0.5055,0.0
693,12,325.607,5,0.4753,0.0129
993,150,56.8,7,0.3505,0.1248
26,177,425.788,4,0.6275,0.0415
239,73,113.192,11,0.5762,0.2559
263,178,717.014,1,0.4715,0.0
256,140,56.981,3,0.7551,0.2382
464,1,54.978,17,0.445,0.3874
873,41,566.984,3,0.3622,0.0401
31,129,73.288,1,0.6026,0.0
816,141,291.952,9,0.8089,0.1439
618,19,667.836,18,0.4288,0.0019
616,137,567.381,5,0.7115,0.0
679,163,168.03,8,0.3612,0.0292
116,19,181.116,16,0.4881,0.2025
747,176,426.638,19,0.8844,0.309
249,107,350.493,6,0.4028,0.0
517,124,84.499,4,0.7663,0.2332
677,11,114.647,5,0.31,0.004
604,123,578.184,17,0.6843,0.0913
324,91,248.577,7,0.4697,0.0561
397,75,575.389,18,0.4557,0.0154
477,157,137.081,10,0.653,0.2533
42,50,431.792,9,0.9914,0.1094
727,12,363.926,15,0.464,0.0996
100,100,235.334,20,0.6863,0.3824
459,149,438.371,15,0.5654,0.0646
655,27,90.103,5,0.7864,0.3057
81,197,616.729,7,0.9507,0.0139
996,135,535.364,3,0.5956,0.0
378,187,206.977,12,0.9361,0.4339
16,95,417.919,20,0.9418,0.337
659,25,649.611,7,0.91,0.0
558,36,304.348,6,0.4736,0.0
641,101,261.924,19,0.791,0.4095
752,118,575.342,1,0.5369,0.0016
476,147,1.353,5,0.4325,0.397
827,160,494.346,8,0.623,0.0374
371,153,155.772,19,0.6369,0.3694
546,118,500.011,20,0.7525,0.1636
159,4,315.57,18,0.5248,0.1461
620,106,15.102,17,0.3561,0.325
262,164,629.53,1,0.5027,0.0
697,170,393.735,2,0.873,0.004
802,167,226.136,18,0.9046,0.4899
859,3,506.582,8,0.3487,0.0
930,88,357.329,4,0.4422,0.0
123,124,25.646,11,0.342,0.2117
138,50,468.359,19,0.6499,0.1278
927,82,698.078,16,0.4212,0.0124
381,20,160.214,9,0.8448,0.3303
27,39,621.375,4,0.8753,0.0
287,2,447.306,16,0.6483,0.1085
837,196,56.548,2,0.6258,0.1069
355,172,525.717,3,0.6754,0.0154
77,81,318.152,15,0.4679,0.0553
723,1,571.592,4,0.7849,0.0
195,68,457.919,1,0.7734,0.0
353,87,2.504,20,0.4,0.3784
4,34,91.371,11,0.515,0.2958
602,133,254.08,16,0.6342,0.1988
446,200,347.194,15,0.938,0.3647
868,169,671.166,17,0.4139,0.0
335,172,591.909,14,0.3508,0.0198
205,167,577.262,15,0.3932,0.0125
166,14,388.725,11,0.4641,0.0609
201,111,67.315,4,0.7272,0.2164
452,114,537.109,16,0.3215,0.0
88,21,62.772,10,0.3236,0.1858
403,30,66.297,12,0.9225,0.7213
855,114,184.034,7,0.3834,0.0356
768,144,664.285,17,0.5294,0.0033
638,42,540.067,16,0.5524,0.0164
894,97,55.652,12,0.8563,0.7134
781,16,661.656,4,0.9385,0.0
653,23,564.138,9,0.84,0.1186
864,117,434.821,6,0.6509,0.01
125,112,91.849,12,0.6789,0.444
819,151,230.828,2,0.607,0.0266
296,183,216.841,9,0.9862,0.3687
734,38,461.014,20,0.9727,0.3827
914,69,423.472,5,0.8327,0.045
497,172,199.975,10,0.9166,0.3685
89,11,224.336,10,0.6885,0.1629
371,166,373.519,18,0.694,0.2243
407,190,608.77,19,0.8213,0.2023
937,20,91.319,17,0.5456,0.3442
943,29,522.669,12,0.763,0.1131
569,137,716.888,9,0.596,0.0
951,96,539.933,15,0.9453,0.1948
437,198,318.21,2,0.549,0.0
412,109,526.94,14,0.7453,0.0446
837,132,619.764,7,0.3137,0.0
668,48,553.436,10,0.7074,0.0396
523,65,9.679,13,0.8429,0.8097
457,36,95.11,9,0.8831,0.5832
706,30,77.589,6,0.9142,0.4767
754,23,23.399,4,0.6536,0.45
491,179,514.599,9,0.7106,0.0067
32,14,192.875,1,0.5226,0.0
102,104,519.948,18,0.9675,0.2627
145,102,479.758,18,0.7426,0.156
463,12,377.238,14,0.4793,0.0423
615,169,43.464,6,0.9243,0.635
804,101,220.168,16,0.746,0.3717
233,26,20.009,12,0.7792,0.7431
787,26,655.26,6,0.3885,0.0032
667,141,222.562,10,0.3146,0.0117
52,124,68.816,2,0.7112,0.0879
352,83,2.312,3,0.4178,0.4107
303,82,440.483,8,0.7819,0.0162
887,8,447.287,1,0.7227,0.0137
922,7,716.349,18,0.5283,0.0136
820,108,208.154,19,0.6052,0.2734
529,73,33.975,7,0.8805,0.6965
493,51,561.266,8,0.7759,0.0217
312,76,219.647,16,0.517,0.135
773,122,238.409,7,0.6511,0.0497
87,59,653.615,16,0.6179,0.0236
272,70,414.479,2,0.3338,0.0067
136,57,288.552,11,0.5509,0.0299
495,134,684.426,1,0.3854,0.023
300,11,191.377,15,0.4194,0.1564
198,184,15.953,15,0.5361,0.4731
377,111,166.615,10,0.997,0.497
861,49,32.249,18,0.7164,0.6703
559,152,293.874,14,0.5168,0.0929
824,188,598.452,6,0.415,0.0
914,12,702.142,12,0.567,0.03
903,41,504.381,9,0.4927,0.0353
352,29,666.84,14,0.9113,0.0891
878,15,294.439,13,0.6686,0.1478
910,148,218.299,16,0.9543,0.5375
960,39,111.465,4,0.5277,0.0426
352,77,360.884,1,0.3901,0.0
229,163,235.732,8,0.8969,0.2132
585,123,77.873,2,0.7475,0.0599
932,136,671.013,10,0.784,0.0
901,20,89.505,8,0.4083,0.1704
572,195,532.743,13,0.5197,0.0
150,17,49.48,14,0.3407,0.2223
423,142,379.76,20,0.4911,0.0512
715,128,486.02,1,0.771,0.0394
561,83,169.248,10,0.8654,0.3845
346,168,54.93,16,0.955,0.8598
343,179,427.426,6,0.5423,0.0
60,15,434.292,18,0.4819,0.1197
289,192,224.971,14,0.8955,0.3946
670,49,271.171,10,0.5516,0.0851
242,159,33.313,3,0.5872,0.2054
994,165,213.32,12,0.4523,0.0764
83,112,635.532,1,0.337,0.0
589,173,123.746,7,0.4348,0.0799
497,166,337.263,8,0.4289,0.0
834,105,487.476,2,0.8194,0.0102
888,36,578.174,2,0.7475,0.0
544,87,58.887,18,0.3459,0.2694
631,181,426.326,10,0.3117,0.0129
699,41,451.835,2,0.6311,0.0
521,200,142.516,7,0.6971,0.2165
185,37,22.696,12,0.7699,0.6936
429,134,608.022,18,0.5119,0.0
242,129,317.13,9,0.6934,0.1215
465,40,44.231,4,0.7237,0.3575
616,95,416.392,10,0.3215,0.0042
210,29,271.689,14,0.9936,0.4499
250,73,58.205,3,0.9615,0.4152
823,192,207.077,13,0.5633,0.1929
378,11,235.655,7,0.7155,0.1225
199,175,414.144,20,0.5657,0.1278
714,136,290.698,9,0.8873,0.1708
717,150,77.481,12,0.3633,0.1758
827,57,457.624,15,0.4222,0.0502
760,190,524.871,17,0.8087,0.1615
992,51,365.504,2,0.4716,0.0
575,101,46.081,8,0.9907,0.8061
287,8,74.77,1,0.8847,0.0145
863,178,680.173,2,0.8806,0.022
265,141,136.748,10,0.4174,0.0928
292,33,221.742,9,0.4398,0.0554
829,133,495.166,15,0.868,0.1714
882,37,570.226,14,0.5964,0.0191
340,89,655.978,19,0.8215,0.1548
730,103,284.836,6,0.7378,0.0307
923,187,714.454,11,0.9092,0.0028
799,67,75.249,3,0.8581,0.2719
5,3,595.191,9,0.7688,0.0068
665,87,196.28,3,0.7445,0.0262
170,186,674.737,19,0.8587,0.1594
847,160,625.887,11,0.6471,0.0336
68,12,548.954,2,0.6655,0.0225
994,11,434.896,7,0.9587,0.0766
178,152,154.801,16,0.8557,0.5497
421,145,332.855,16,0.917,0.379
235,112,25.528,15,0.7717,0.6904
814,18,510.916,13,0.5627,0.0152
394,57,83.875,20,0.9476,0.8029
745,170,186.338,19,0.4764,0.1594
68,28,176.813,9,0.5224,0.0773
453,41,567.429,20,0.4586,0.0
912,91,288.766,14,0.8001,0.301
927,147,385.102,1,0.7107,0.0271
209,166,150.601,15,0.7018,0.4072
395,119,240.886,5,0.791,0.0636
410,99,368.811,18,0.8798,0.322
566,78,140.23,5,0.4827,0.0372
538,9,496.82,10,0.834,0.0792
106,54,323.748,18,0.6649,0.2327
763,43,708.236,16,0.9238,0.0976
226,12,177.879,3,0.3279,0.018
315,150,285.465,20,0.4641,0.1558
841,71,665.795,9,0.4258,0.0207
690,102,637.975,11,0.3391,0.0
397,41,348.86,2,0.7679,0.0186
913,119,89.426,1,0.8532,0.0089
395,28,294.618,10,0.6682,0.1454
566,136,423.084,8,0.8837,0.0698
246,148,183.418,1,0.7469,0.0276
184,63,138.02,2,0.7518,0.053
492,43,382.869,15,0.463,0.0668
564,157,127.149,12,0.9759,0.607
806,45,629.728,11,0.6459,0.0281
391,36,53.916,12,0.9741,0.7836
896,69,710.935,20,0.5822,0.0317
608,194,387.55,10,0.6155,0.0737
71,93,708.173,20,0.7955,0.1257
740,53,541.216,6,0.8623,0.0076
575,103,110.51,16,0.4639,0.2908
390,70,164.141,13,0.996,0.6224
468,133,77.448,6,0.3273,0.0364
302,88,525.077,3,0.3351,0.0028
615,118,121.85,3,0.3803,0.0
567,88,514.64,14,0.6948,0.0706
448,97,618.909,4,0.7457,0.0264
286,90,296.729,13,0.9298,0.3514
399,79,476.116,14,0.6144,0.0216
498,193,644.593,15,0.8488,0.1311
472,54,542.374,3,0.7292,0.0
310,162,94.582,3,0.5899,0.0746
582,142,210.963,6,0.7015,0.1042
227,106,385.891,10,0.4503,0.0316
501,64,190.642,2,0.8345,0.0
122,97,364.512,10,0.6793,0.0837
473,170,686.062,2,0.8766,0.0215
784,37,326.554,3,0.5569,0.0
818,118,188.771,8,0.4337,0.0336
695,153,105.963,12,0.639,0.3343
746,127,648.84,9,0.6441,0.0513
66,29,165.836,15,0.5232,0.1871
342,102,139.81,4,0.7231,0.0734
655,37,397.043,2,0.5098,0.006
801,186,332.701,19,0.7149,0.2329
583,71,277.986,9,0.6727,0.1444
854,85,416.84,13,0.3151,0.0
274,172,410.188,15,0.7668,0.1783
154,86,49.716,6,0.5869,0.3491
87,39,299.034,2,0.8616,0.0
583,179,519.25,17,0.8079,0.1473
666,130,275.118,14,0.8535,0.3301
286,121,718.316,12,0.4843,0.0
784,16,169.86,18,0.8227,0.5208
740,90,357.634,9,0.7609,0.081
361,92,485.392,1,0.944,0.0028
239,53,394.687,16,0.7563,0.2114
743,113,28.613,17,0.3787,0.2929
672,50,370.083,8,0.6772,0.0395
171,95,695.844,4,0.7481,0.0
256,161,293.095,17,0.9442,0.4186
486,148,84.091,2,0.4971,0.035
512,56,15.795,1,0.5528,0.1267
166,42,297.125,17,0.8764,0.3479
949,2,133.821,5,0.7268,0.1738
389,70,601.066,16,0.6119,0.0122
382,4,685.649,11,0.8055,0.0749
61,26,677.211,19,0.3209,0.0
876,196,269.974,17,0.5704,0.2168
236,172,327.698,10,0.5904,0.0813
987,112,227.2,15,0.3595,0.0222
497,155,93.353,4,0.9754,0.3608
875,98,402.728,19,0.9849,0.3664
180,121,134.475,19,0.719,0.4565
166,184,43.244,6,0.5339,0.2925
802,16,611.667,11,0.7547,0.0
820,71,575.032,19,0.9489,0.2333
544,24,666.96,7,0.9116,0.0056
33,159,236.068,3,0.526,0.0
944,165,626.983,20,0.7981,0.1198
394,145,287.186,4,0.4078,0.0
936,122,52.865,4,0.7711,0.3819
871,96,329.917,10,0.4655,0.0423
852,5,398.949,10,0.8676,0.1903
689,155,311.391,5,0.7882,0.057
674,179,565.621,18,0.3078,0.0
533,194,253.64,1,0.6931,0.0
25,69,663.203,19,0.6168,0.0675
388,41,53.861,13,0.957,0.8308
731,131,518.833,6,0.6839,0.0471
813,4,668.9,9,0.3784,0.0
560,13,398.5,2,0.8554,0.0248
710,165,632.709,19,0.9146,0.1683
22,192,498.273,15,0.6881,0.085
469,81,10.954,20,0.9128,0.9146
508,102,483.461,1,0.5177,0.0
893,109,472.896,19,0.5044,0.0526
312,28,0.52,17,0.9197,0.9664
230,45,294.891,11,0.5922,0.1301
353,60,28.416,13,0.9959,0.9204
171,169,211.313,7,0.9548,0.2094
559,88,710.346,11,0.6757,0.0
643,145,677.034,20,0.8491,0.1645
802,39,493.256,17,0.8598,0.2224
972,191,264.45,8,0.5494,0.0513
74,177,285.747,12,0.623,0.1009
248,96,27.995,8,0.9322,0.7957
301,46,243.896,7,0.6557,0.0974
250,196,564.865,13,0.5107,0.0107
828,162,374.174,9,0.3895,0.0
140,103,343.47,13,0.5985,0.0972
30,54,66.045,20,0.6149,0.5035
861,125,661.721,3,0.6455,0.0
962,75,204.171,9,0.8278,0.2719
227,135,275.999,4,0.9844,0.0485
333,167,238.446,2,0.5726,0.0
504,98,237.024,1,0.867,0.0
526,10,431.714,8,0.741,0.0608
991,113,451.65,2,0.8949,0.0
405,172,431.165,15,0.5979,0.1312
13,45,49.784,7,0.6253,0.3425
423,192,698.082,5,0.5113,0.0106
557,73,514.214,19,0.7902,0.2045
517,137,635.623,13,0.4959,0.0
513,141,115.382,16,0.5865,0.3501
923,37,671.152,16,0.6611,0.0
808,8,519.749,5,0.8748,0.0075
252,190,360.765,13,0.7541,0.1516
356,141,17.144,3,0.6758,0.484
668,127,182.667,11,0.3539,0.0645
411,61,603.974,20,0.3479,0.0043
429,22,273.321,5,0.5505,0.0
168,55,488.52,15,0.317,0.0
255,110,526.306,2,0.4575,0.0
741,139,558.58,11,0.9656,0.1155
843,64,275.602,3,0.4515,0.0071
785,43,655.125,20,0.8596,0.1194
308,50,210.738,9,0.7613,0.2568
137,193,602.048,20,0.3878,0.0227
160,127,306.095,19,0.4428,0.0848
394,199,169.028,3,0.321,0.0
518,2,247.612,11,0.3212,0.0062
893,92,575.786,13,0.9212,0.1539
899,92,442.899,9,0.9858,0.1431
3,81,98.84,14,0.9502,0.6946
708,79,89.694,9,0.5484,0.2824
299,16,494.941,18,0.3516,0.0329
198,7,172.815,13,0.8349,0.425
556,156,150.63,10,0.4995,0.1696
34,89,539.767,18,0.4362,0.0568
335,33,232.649,14,0.6215,0.2332
553,70,49.646,6,0.3565,0.1494
273,187,306.169,8,0.3173,0.0151
594,94,410.024,2,0.6529,0.0
461,199,433.271,9,0.7403,0.0007
800,33,42.595,12,0.7271,0.5999
182,25,326.836,12,0.3177,0.0031
58,113,259.205,16,0.3609,0.0458
530,137,323.509,5,0.43,0.0
257,197,30.501,8,0.5337,0.4149
707,94,213.189,16,0.81,0.4035
94,41,463.468,15,0.3176,0.0
576,109,91.097,10,0.4312,0.1617
990,62,690.659,16,0.8209,0.0646
94,36,715.619,18,0.5723,0.0236
302,18,259.838,9,0.6182,0.0879
845,145,490.447,16,0.3722,0.024
534,129,457.63,5,0.508,0.0
175,34,120.775,12,0.5377,0.2499
214,112,279.806,5,0.9705,0.049
765,178,706.075,14,0.689,0.0219
861,164,92.362,8,0.3931,0.126
361,91,414.34,17,0.8241,0.2345
474,12,431.611,19,0.9502,0.2993
783,127,121.035,7,0.3252,0.0236
177,104,385.611,1,0.6659,0.039
207,185,660.614,15,0.5831,0.0507
775,111,83.715,19,0.7351,0.6337
187,148,137.02,19,0.3751,0.17
771,106,184.425,5,0.4062,0.0
498,109,540.83,1,0.6871,0.0
991,64,415.832,2,0.641,0.004
33,81,362.802,10,0.789,0.1085
946,60,570.39,6,0.8033,0.0233
226,93,704.363,3,0.8758,0.0135
36,191,141.492,4,0.8254,0.1023
725,69,584.77,8,0.9623,0.0623
533,93,266.779,2,0.7188,0.0044
838,190,105.541,17,0.8401,0.657
109,31,185.066,20,0.9399,0.6489
81,51,287.794,4,0.6337,0.0334
568,99,647.446,12,0.383,0.0
883,82,344.716,1,0.8873,0.0
406,69,442.491,2,0.3828,0.0329
798,156,24.412,6,0.5336,0.4072
907,100,46.553,17,0.8486,0.7843
870,73,675.63,16,0.4471,0.0
509,96,603.67,15,0.4492,0.0196
699,178,352.796,3,0.8795,0.0048
526,197,144.687,5,0.5382,0.0414
675,49,29.406,12,0.6568,0.5213
568,9,702.263,8,0.4834,0.0
526,7,4.581,15,0.5556,0.5234
437,90,171.488,12,0.8478,0.4516
653,126,492.568,12,0.9031,0.145
752,11,675.318,12,0.6285,0.003
920,102,84.724,19,0.6505,0.519
614,80,557.315,12,0.7769,0.0871
101,187,239.207,16,0.4983,0.1472
588,121,489.557,10,0.8297,0.0713
316,85,70.028,2,0.962,0.1878
27,118,622.736,11,0.42,0.0074
73,28,509.348,18,0.5568,0.0637
592,96,688.056,16,0.3928,0.0345
945,66,361.991,11,0.3769,0.022
506,37,639.194,20,0.7126,0.1028
446,79,389.317,20,0.4957,0.1298
89,128,369.452,19,0.4828,0.0767
676,117,68.572,20,0.5761,0.4397
56,193,586.295,7,0.7838,0.0128
842,55,297.08,4,0.5062,0.018
817,140,432.218,9,0.6716,0.0457
992,111,468.673,5,0.8647,0.0562
285,175,557.977,4,0.35,0.0159
162,182,414.46,14,0.4275,0.0
300,142,446.526,3,0.6697,0.0067
800,85,375.183,2,0.492,0.0035
219,107,442.238,4,0.9585,0.0
888,131,320.123,9,0.3495,0.0016
155,162,559.128,14,0.5303,0.0
49,46,583.66,20,0.3037,0.0136
220,175,372.559,13,0.3038,0.0041
755,161,105.999,11,0.3475,0.086
603,18,269.232,6,0.5864,0.013
355,54,604.836,7,0.5335,0.0316
657,48,660.101,13,0.5962,0.0207
649,116,192.645,4,0.556,0.0083
555,42,677.623,2,0.3525,0.0
515,61,199.595,16,0.7242,0.3691
102,38,661.632,20,0.5298,0.0606
260,14,673.546,19,0.6753,0.0948
528,92,363.727,14,0.8608,0.2616
136,64,684.422,19,0.9374,0.216
476,101,395.701,16,0.9111,0.2864
117,43,273.112,2,0.5563,0.0
788,58,583.41,8,0.4235,0.01
104,179,78.582,2,0.6916,0.0684
93,162,156.383,6,0.9104,0.2708
638,54,153.933,20,0.864,0.5982
221,33,448.082,17,0.6196,0.1559
352,195,510.534,20,0.8425,0.2478
315,137,603.028,10,0.4298,0.0206
217,99,647.951,5,0.3178,0.0
762,140,630.097,8,0.9394,0.0589
692,45,491.195,4,0.9646,0.0069
239,86,658.718,20,0.8084,0.1524
687,79,198.754,12,0.5362,0.1427
714,145,522.336,1,0.3587,0.0
540,37,55.662,7,0.3244,0.0785
579,98,90.602,10,0.317,0.0769
935,167,163.195,15,0.5054,0.2943
454,40,74.376,18,0.4887,0.3821
386,24,695.297,5,0.4807,0.0041
540,165,335.963,15,0.9199,0.3437
836,175,652.874,17,0.4214,0.0474
710,87,343.437,16,0.3826,0.0428
76,10,503.917,6,0.5832,0.0
460,109,231.974,7,0.8458,0.1975
740,60,684.504,3,0.6307,0.0017
224,118,25.607,12,0.7661,0.688
989,28,502.283,7,0.7567,0.0141
809,162,684.298,9,0.4069,0.0
847,138,567.573,1,0.8187,0.0202
82,130,595.956,19,0.3844,0.0168
580,103,215.748,13,0.7989,0.3422
528,45,325.605,5,0.9464,0.0328
627,188,98.482,2,0.381,0.0602
851,54,271.324,8,0.3885,0.0435
354,74,6.569,3,0.9917,0.9302
534,186,560.825,4,0.98,0.0429
680,9,686.192,16,0.6408,0.0435
754,26,504.761,2,0.4052,0.026
771,153,583.509,11,0.7468,0.0604
337,74,369.941,16,0.6687,0.1623
999,116,138.405,12,0.5722,0.2458
10,117,519.127,3,0.8117,0.0003
493,166,215.835,6,0.4673,0.0243
609,125,331.128,4,0.8447,0.0
62,86,648.531,20,0.7548,0.1427
452,110,268.828,14,0.3814,0.0771
596,148,208.701,20,0.5991,0.2765
608,76,23.304,3,0.6626,0.3945
120,35,505.198,8,0.6348,0.0
278,98,155.351,8,0.6279,0.1648
245,200,460.56,16,0.8536,0.1814
640,23,264.272,2,0.6786,0.0
329,35,567.233,17,0.4571,0.048
572,200,640.779,10,0.7103,0.0
732,166,170.088,19,0.5042,0.2361
798,24,570.568,7,0.4367,0.0191
184,43,110.45,18,0.9963,0.7807
904,139,101.897,18,0.743,0.5561
166,157,308.767,9,0.5316,0.05
22,147,233.985,18,0.4899,0.1676
45,173,710.76,8,0.59,0.0
202,102,578.963,14,0.8413,0.1111
874,176,641.025,19,0.8342,0.1394
208,120,98.35,4,0.6941,0.18
694,96,514.195,9,0.8745,0.0417
419,128,435.283,2,0.6698,0.0256
40,86,71.903,11,0.8577,0.6274
445,122,571.541,6,0.8611,0.0213
29,167,614.796,2,0.6938,0.0167
477,192,658.19,19,0.4282,0.0496
559,116,676.701,6,0.8144,0.0256
522,2,78.07,15,0.8837,0.6832
283,125,635.223,4,0.672,0.0189
767,51,680.687,6,0.7957,0.0147
597,48,497.526,2,0.6422,0.0245
255,177,132.781,15,0.3045,0.0956
435,90,288.903,8,0.8468,0.1832
109,159,65.334,19,0.6162,0.4955
924,74,3.555,11,0.9748,0.9252
754,122,662.485,4,0.32,0.0051
288,134,700.097,16,0.9081,0.1037
675,179,661.931,18,0.3957,0.0008
680,40,183.226,13,0.3563,0.0688
610,113,447.389,14,0.5839,0.0748
55,82,360.032,17,0.4271,0.0472
879,93,357.406,3,0.7589,0.0414
956,170,308.686,5,0.7244,0.0254
975,28,677.679,16,0.8855,0.1174
981,110,569.545,16,0.8951,0.1982
929,78,609.822,4,0.5047,0.0098
740,180,25.402,2,0.8409,0.415
57,44,296.898,11,0.9585,0.2714
466,47,430.745,6,0.5244,0.0474
246,19,474.45,4,0.5507,0.0026
220,88,644.366,9,0.407,0.0015
831,3,120.659,6,0.9971,0.4644
813,101,65.281,20,0.9676,0.843
523,45,643.157,17,0.7962,0.1036
737,81,365.013,2,0.3166,0.0029
130,122,388.466,20,0.6591,0.1868
222,137,640.855,6,0.9109,0.0071
861,13,539.988,4,0.3623,0.0051
452,30,526.278,4,0.5942,0.0132
547,64,134.347,8,0.365,0.0505
463,104,447.605,9,0.927,0.1004
203,177,324.326,19,0.7443,0.2896
827,28,440.144,7,0.7341,0.0826
759,14,414.7,14,0.5217,0.0625
684,126,19.408,2,0.5855,0.2308
354,196,247.918,17,0.8298,0.3969
644,167,329.889,10,0.3623,0.0
954,114,360.41,12,0.7881,0.1543
650,4,72.068,10,0.6479,0.4019
495,116,646.999,15,0.592,0.0
271,92,241.04,13,0.7434,0.3097
523,90,352.639,8,0.3123,0.0056
372,99,478.052,17,0.6719,0.1443
612,113,517.879,3,0.6972,0.0
46,145,272.491,20,0.3783,0.0844
191,39,93.397,13,0.382,0.1934
787,15,149.665,3,0.5695,0.0
381,11,119.255,10,0.9455,0.6248
433,82,176.157,7,0.7267,0.2032
544,102,434.824,2,0.6914,0.0062
439,158,385.978,20,0.9818,0.4189
759,87,121.83,18,0.6772,0.4528
246,107,490.851,12,0.3183,0.0
759,196,46.336,3,0.8857,0.4385
210,150,654.962,8,0.9697,0.0668
371,139,407.874,15,0.9793,0.2727
588,73,425.305,9,0.4479,0.0
886,31,206.201,11,0.6803,0.1943
233,185,368.623,17,0.5845,0.154
588,111,307.192,4,0.6087,0.0169
65,16,684.562,18,0.5248,0.0117
76,97,55.341,20,0.3194,0.2228
768,19,330.56,6,0.4408,0.0072
719,197,569.997,19,0.3617,0.0
377,106,392.323,7,0.6401,0.0
623,157,407.174,15,0.4278,0.0189
381,95,656.12,14,0.6511,0.0109
278,4,270.811,19,0.4401,0.1117
432,128,1.985,2,0.7771,0.7173
312,131,666.521,12,0.9434,0.0855
816,46,24.286,17,0.7083,0.6499
412,144,574.232,2,0.3727,0.0162
321,46,100.938,1,0.4104,0.0074
537,139,15.382,2,0.8726,0.5572
759,150,255.685,10,0.5913,0.0868
274,28,622.189,12,0.777,0.061
940,59,27.077,16,0.7737,0.7376
464,33,189.498,9,0.4492,0.0937
661,146,201.276,19,0.5048,0.2435
958,48,68.714,3,0.8038,0.2487
432,129,67.096,13,0.3083,0.1821
200,84,653.936,10,0.6428,0.0567
748,17,500.765,11,0.3942,0.0248
7,177,224.363,11,0.6579,0.1893
458,143,171.972,14,0.6417,0.3036
980,53,31.353,15,0.6876,0.5587
415,176,258.647,17,0.547,0.1609
685,142,217.166,8,0.4605,0.0
526,164,660.339,1,0.6291,0.0
215,36,159.156,4,0.6262,0.0232
318,2,292.003,13,0.6268,0.1011
524,13,491.209,4,0.6736,0.012
105,108,231.589,16,0.6384,0.2309
415,158,562.995,1,0.5391,0.0
415,183,523.041,19,0.5004,0.061
835,193,26.02,20,0.8139,0.7244
124,120,616.27,8,0.6803,0.0243
843,127,262.326,18,0.3768,0.0767
411,59,69.468,19,0.4447,0.3286
652,1,502.96,17,0.627,0.0685
557,39,538.072,13,0.3223,0.0284
300,12,51.591,5,0.3881,0.1288
931,137,255.146,7,0.3952,0.013
225,101,644.798,8,0.9078,0.0126
37,155,482.161,20,0.567,0.0603
751,30,384.657,13,0.9031,0.2326
622,183,363.209,2,0.5562,0.0153
891,144,438.256,4,0.7949,0.0
458,182,470.349,18,0.6654,0.1059
17,130,50.028,10,0.4603,0.2823
21,68,240.92,11,0.9316,0.3636
434,126,379.426,19,0.9131,0.3878
250,121,525.981,12,0.8239,0.1134
923,37,534.926,9,0.7648,0.0549
119,21,436.164,17,0.6102,0.0795
881,131,422.505,7,0.3932,0.0113
217,19,265.097,19,0.5943,0.2286
120,21,601.067,2,0.8079,0.0
275,15,659.85,18,0.6358,0.0127
145,125,609.425,3,0.9879,0.0
402,186,627.847,10,0.7406,0.0657
331,100,654.389,5,0.4129,0.0086
530,31,145.885,15,0.3548,0.1084
538,103,370.234,10,0.4504,0.0
1,97,385.102,16,0.6785,0.171
125,119,349.763,12,0.9768,0.3228
162,87,610.987,7,0.9917,0.0404
195,107,234.366,15,0.8345,0.3527
94,65,116.565,7,0.4695,0.0832
315,182,197.859,5,0.9949,0.1609
550,108,103.48,17,0.957,0.7871
309,63,291.746,20,0.7562,0.3452
330,1,84.546,11,0.311,0.1292
470,136,63.511,20,0.475,0.3688
549,77,324.998,5,0.64,0.0201
331,50,433.021,1,0.5084,0.0
222,96,437.698,18,0.7289,0.1567
410,98,66.9,17,0.6994,0.5242
25,161,699.548,10,0.9879,0.0513
493,109,88.096,18,0.6061,0.4208
942,141,475.703,18,0.3206,0.0
398,130,639.877,8,0.3351,0.0026
109,170,637.089,4,0.4107,0.0
708,2,368.977,13,0.4758,0.009
127,76,200.127,18,0.769,0.4489
194,144,596.152,12,0.7744,0.0874
147,29,441.258,9,0.8901,0.1285
884,89,569.658,5,0.3034,0.0
982,81,288.294,6,0.7749,0.0566
570,162,657.712,16,0.693,0.0862
618,193,669.342,8,0.4796,0.0
646,22,531.021,11,0.7192,0.0386
611,43,678.677,13,0.4026,0.0124
545,155,326.792,7,0.3144,0.0
987,35,140.417,7,0.6314,0.1955
734,100,472.423,15,0.7463,0.1311
89,189,470.596,13,0.6858,0.0456
392,196,354.006,16,0.8527,0.2793
975,190,188.015,11,0.4649,0.078
404,27,449.715,1,0.5395,0.0262
205,30,130.571,14,0.712,0.4327
869,36,542.499,1,0.5714,0.0189
624,154,652.951,7,0.8434,0.0271
563,36,120.384,15,0.3087,0.1271
421,86,590.685,6,0.839,0.0644
125,164,143.301,18,0.8694,0.5874
384,99,360.555,14,0.7905,0.2039
438,189,669.093,19,0.6847,0.0807
932,100,60.01,11,0.4711,0.2978
308,76,65.087,10,0.4022,0.2133
150,194,690.302,3,0.9245,0.0389
428,110,114.792,18,0.9998,0.8049
998,37,246.603,14,0.4154,0.0773
483,127,330.746,17,0.5675,0.1584
380,155,5.318,6,0.4602,0.3877
667,168,135.824,5,0.4435,0.0499
649,2,596.538,8,0.7922,0.0638
300,22,373.815,10,0.9551,0.1097
968,126,283.91,18,0.5788,0.2073
593,149,491.177,6,0.8885,0.0439
58,131,234.171,5,0.9121,0.1053
408,77,316.028,3,0.7816,0.0224
923,151,715.486,9,0.8453,0.0082
394,116,557.599,3,0.3627,0.0458
568,186,399.084,2,0.8538,0.0266
613,74,379.493,8,0.4048,0.0138
705,151,607.954,10,0.807,0.0033
873,29,432.824,9,0.9691,0.1067
150,147,244.611,19,0.4992,0.1166
517,147,301.101,19,0.6361,0.2259
534,51,132.449,12,0.63,0.3132
153,13,690.875,19,0.4327,0.0076
674,199,469.762,18,0.3132,0.0036
119,16,287.271,1,0.8341,0.0
457,94,259.439,11,0.9237,0.2986
331,1,653.081,7,0.4878,0.0
155,84,259.747,2,0.7707,0.0086
823,165,544.704,14,0.7284,0.0374
245,101,601.589,11,0.5272,0.0463
256,48,655.101,13,0.4912,0.0
855,79,268.911,5,0.9092,0.0617
878,19,551.153,17,0.5782,0.0793
35,119,235.691,9,0.998,0.3643
278,1,679.722,5,0.8823,0.0473
709,70,8.53,5,0.8841,0.8515
779,13,410.752,6,0.4524,0.0
1000,48,367.41,3,0.5904,0.0115
555,14,631.949,18,0.3853,0.0337
8,186,156.137,5,0.5634,0.0781
874,155,63.304,15,0.9986,0.8014
162,186,609.513,9,0.7427,0.0
121,137,252.398,3,0.5349,0.0
675,100,234.279,17,0.5045,0.1826
604,35,76.271,17,0.4496,0.286
60,193,662.482,16,0.3774,0.0196
170,184,455.913,8,0.4186,0.0
590,84,498.526,1,0.5564,0.0213
256,46,646.566,16,0.6,0.0443
685,78,607.653,16,0.5676,0.0459
412,79,325.58,18,0.4067,0.0191
589,184,115.456,1,0.496,0.0
475,14,484.23,17,0.6109,0.1075
366,127,468.69,2,0.3589,0.0
343,154,34.374,1,0.3351,0.0
698,153,647.619,16,0.8558,0.0852
515,39,241.705,15,0.4398,0.0538
595,83,309.007,8,0.5123,0.0352
578,69,370.166,15,0.3702,0.0749
208,82,656.698,7,0.4292,0.0
914,18,123.167,3,0.8856,0.1403
564,17,265.772,8,0.9468,0.2136
719,5,361.214,18,0.5885,0.1402
882,194,714.171,11,0.4489,0.0083
925,84,316.901,15,0.7865,0.2203
667,46,287.248,13,0.4428,0.059
788,160,673.252,14,0.7767,0.1046
472,99,476.446,14,0.78,0.1355
738,73,118.192,3,0.8599,0.1325
322,23,126.989,2,0.478,0.0073
712,78,464.184,3,0.5245,0.0
86,130,336.546,4,0.4763,0.0221
915,125,6.953,14,0.7475,0.7586
245,79,323.262,9,0.9832,0.2096
657,123,676.611,8,0.594,0.0
12,154,538.239,18,0.5357,0.0786
156,187,402.415,10,0.706,0.0647
987,106,140.944,16,0.5475,0.2763
834,46,241.993,13,0.3783,0.0744
223,26,717.582,4,0.6465,0.0
131,32,474.689,8,0.7102,0.0518
815,3,199.289,6,0.6027,0.0948
991,112,531.484,15,0.8353,0.1725
169,43,66.237,8,0.7744,0.5092
664,46,267.134,12,0.6217,0.1423
284,145,165.36,18,0.9646,0.6405
745,64,645.178,8,0.7109,0.0
419,166,529.437,20,0.552,0.1094
126,28,358.451,5,0.5625,0.0063
325,69,293.912,2,0.3153,0.0
539,11,618.253,4,0.7701,0.0166
799,108,141.113,10,0.8216,0.4397
22,25,54.292,1,0.4561,0.009
958,49,613.349,8,0.8378,0.0458
650,148,616.749,7,0.7743,0.0369
876,177,175.393,7,0.3382,0.0198
931,110,141.007,4,0.486,0.0184
154,194,519.481,10,1.0,0.14
94,152,103.666,6,0.3056,0.0377
777,151,447.994,15,0.9442,0.2609
188,199,505.038,12,0.8721,0.1165
148,18,448.015,12,0.8093,0.1261
469,47,307.675,16,0.6896,0.2055
914,88,587.74,9,0.4777,0.0
796,124,669.623,4,0.4145,0.056
518,199,508.257,15,0.34,0.0049
197,20,301.935,19,0.6931,0.2865
337,46,716.907,9,0.9163,0.0177
689,60,323.855,15,0.4067,0.0797
158,135,84.152,14,0.4679,0.2842
525,191,131.868,1,0.4043,0.0
12,188,250.846,4,0.736,0.0
326,150,123.618,14,0.8338,0.5223
248,155,560.481,7,0.8887,0.0418
682,84,10.649,6,0.4657,0.3436
915,122,292.533,12,0.7904,0.1977
147,35,632.37,12,0.6152,0.0
798,102,85.212,19,0.9926,0.7667
656,59,414.992,20,0.792,0.273
970,186,672.404,1,0.3719,0.0
912,74,52.014,10,0.513,0.3445
101,79,252.128,15,0.7741,0.3412
744,81,27.598,7,0.7888,0.6338
593,181,491.339,10,0.5745,0.0159
114,187,300.891,14,0.5083,0.0717
258,87,682.098,15,0.479,0.0165
927,200,497.883,19,0.5262,0.0664
543,152,433.596,3,0.3611,0.0
339,170,655.477,9,0.5552,0.0
321,184,93.792,12,0.414,0.222
838,67,564.189,18,0.4543,0.0592
284,111,525.595,9,0.4615,0.0058
159,58,484.904,2,0.4206,0.0
574,62,459.596,7,0.6518,0.0323
993,93,89.986,19,0.7641,0.5573
184,11,586.204,1,0.909,0.0
256,44,457.493,19,0.6666,0.1493
470,162,555.575,11,0.3368,0.0387
200,34,630.847,5,0.5303,0.0
651,125,390.775,7,0.6712,0.0368
254,154,688.979,8,0.8018,0.0
129,53,79.07,19,0.4593,0.3211
262,92,3.405,17,0.8291,0.8464
931,176,237.894,16,0.8144,0.3709
935,168,156.308,1,0.8241,0.0
506,185,398.822,2,0.7657,0.0367
401,126,202.173,18,0.4626,0.1593
820,178,495.615,7,0.7104,0.0223
195,80,680.664,4,0.4934,0.0
654,121,553.98,6,0.9414,0.0142
681,134,302.871,14,0.3365,0.0
711,196,709.569,14,0.7739,0.0117
218,74,555.366,6,0.9097,0.0012
717,175,583.929,12,0.5344,0.0417
612,102,147.817,17,0.4775,0.2302
876,21,494.724,8,0.3782,0.0196
175,132,51.322,3,0.6627,0.198
614,197,169.805,5,0.4322,0.0694
830,91,12.327,20,0.7124,0.7112
279,110,507.917,9,0.7007,0.0
744,186,15.571,15,0.3908,0.3383
100,185,323.683,6,0.7842,0.0063
719,81,467.36,18,0.9421,0.2576
607,153,219.944,4,0.9518,0.0956
193,127,264.758,3,0.4043,0.0
67,130,625.14,17,0.8762,0.1556
746,145,649.067,13,0.8234,0.0474
242,66,618.335,20,0.9729,0.2724
498,61,540.078,11,0.4725,0.0091
61,6,200.182,16,0.7033,0.2995
964,172,54.23,11,0.6751,0.4916
549,56,352.116,2,0.88,0.0034
932,135,665.601,8,0.353,0.0017
161,138,161.217,19,0.6657,0.3889
206,141,151.271,19,0.6153,0.3895
611,173,561.457,10,0.9889,0.1202
605,174,426.436,18,0.8747,0.2547
791,1,291.394,6,0.9689,0.0848
929,169,621.191,7,0.7867,0.0
822,42,419.629,16,0.4672,0.0397
141,130,662.633,2,0.7643,0.005
310,135,265.384,1,0.8842,0.045
914,11,320.012,5,0.5065,0.0
549,57,53.961,1,0.7083,0.0294
868,183,265.053,12,0.3711,0.0249
564,29,129.804,16,0.4025,0.1852
50,47,24.123,13,0.5788,0.5046
473,17,184.521,4,0.6633,0.0149
825,34,353.506,17,0.5999,0.1448
656,128,178.474,10,0.326,0.0761
133,169,78.989,7,0.8646,0.5002
211,119,325.379,11,0.5074,0.0862
855,57,106.876,4,0.9394,0.2844
980,172,62.372,20,0.4662,0.3825
753,74,691.351,10,0.7651,0.0031
99,63,342.951,7,0.6199,0.0351
620,102,577.775,14,0.3144,0.0297
830,28,123.379,7,0.7266,0.2853
641,72,332.585,16,0.3222,0.0664
595,160,65.201,10,0.3377,0.2212
468,122,296.791,18,0.763,0.2727
245,198,595.095,10,0.6481,0.0
281,156,642.832,13,0.9176,0.0611
746,73,373.925,11,0.6171,0.1104
70,154,206.566,20,0.9909,0.6266
85,174,528.231,18,0.3145,0.0
397,127,460.209,10,0.9454,0.1374
775,153,339.008,15,0.4537,0.0558
658,101,342.524,5,0.4326,0.0095
590,183,355.368,18,0.64,0.162
535,48,244.585,13,0.7565,0.3045
111,85,373.899,8,0.7371,0.025
332,51,41.781,18,0.5475,0.4562
80,21,410.747,16,0.7304,0.1755
759,124,357.519,4,0.6157,0.0179
751,24,303.095,20,0.4458,0.1177
259,46,233.613,6,0.3258,0.0
293,153,447.871,2,0.7573,0.0
318,49,349.44,7,0.7199,0.0836
890,173,73.054,9,0.6526,0.356
489,10,269.919,2,0.6163,0.0209
763,92,55.546,12,0.6529,0.4549
449,14,273.312,9,0.379,0.0249
699,12,383.873,12,0.777,0.1635
529,159,281.845,10,0.9022,0.2117
279,14,246.303,11,0.3801,0.0494
877,179,202.787,4,0.8393,0.0516
709,120,275.185,17,0.5931,0.1322
770,97,50.369,13,0.8518,0.7247
949,184,715.612,5,0.653,0.0
249,78,400.067,3,0.4551,0.0
92,80,458.228,20,0.5876,0.0787
583,82,132.27,11,0.3855,0.0871
327,131,664.89,17,0.3121,0.0368
436,170,411.453,10,0.3214,0.0459
235,109,298.642,6,0.9721,0.0939
399,57,513.657,6,0.993,0.0225
394,178,219.48,1,0.3276,0.0064
351,120,672.974,11,0.4329,0.0
743,167,122.322,15,0.6412,0.393
593,87,599.923,3,0.7514,0.0353
475,40,695.975,1,0.4207,0.0
113,189,354.309,4,0.4488,0.0339
571,136,631.257,10,0.6599,0.0
176,62,51.989,11,0.3346,0.1782
315,170,447.014,12,0.6735,0.1296
415,2,256.809,17,0.9181,0.509
142,187,262.622,20,0.9909,0.5362
390,116,324.536,18,0.6786,0.2451
267,118,429.881,7,0.5592,0.0
850,3,443.722,10,0.8382,0.1051
860,36,200.717,15,0.9313,0.5017
5,145,276.749,6,0.6382,0.0466
603,112,180.034,20,0.8917,0.5937
641,26,455.613,3,0.5989,0.006
378,134,73.914,10,0.6151,0.3678
470,150,305.262,16,0.7044,0.2839
790,55,704.522,3,0.6026,0.0
378,138,711.926,20,0.4759,0.0045
65,195,373.175,3,0.912,0.0423
373,97,178.547,6,0.9681,0.2429
254,46,420.325,8,0.6814,0.0528
383,193,351.948,13,0.8523,0.219
231,183,31.069,7,0.4592,0.2856
150,92,712.154,12,0.7856,0.0622
986,86,235.897,7,0.5157,0.0415
129,167,287.782,7,0.4205,0.0089
707,1,370.007,10,0.6411,0.0626
718,63,633.926,6,0.3215,0.0173
618,109,575.467,11,0.504,0.0
912,131,148.393,9,0.4569,0.1288
5,126,515.983,6,0.6476,0.0
302,75,629.749,9,0.6473,0.0
185,174,514.413,9,0.7768,0.055
577,130,100.643,10,0.3851,0.1552
636,109,388.237,14,0.6088,0.0778
898,188,603.842,6,0.3314,0.0211
380,19,141.246,12,0.8606,0.4785
236,142,387.978,9,0.925,0.0916
925,186,482.242,16,0.9935,0.2647
673,133,457.649,13,0.6635,0.0379
765,114,77.202,6,0.8942,0.4907
445,73,200.129,5,0.6214,0.0493
448,55,397.76,8,0.4421,0.0147
390,110,150.705,8,0.8873,0.3328
750,180,240.606,12,0.3326,0.0378
211,93,299.147,5,0.7158,0.036
976,25,10.302,19,0.9555,0.9665
176,97,367.749,17,0.4899,0.0637
461,20,716.227,13,0.4767,0.0
315,188,294.249,14,0.3734,0.0156
643,108,197.858,6,0.6523,0.0841
681,43,182.53,12,0.746,0.3181
919,125,371.168,1,0.6573,0.0
790,108,328.6,3,0.5367,0.0
249,103,620.698,11,0.6006,0.0269
207,119,460.437,2,0.8836,0.0134
887,186,287.33,20,0.9607,0.5083
488,172,278.045,15,0.528,0.1806
98,53,394.204,14,0.7459,0.1213
825,48,182.798,18,0.8773,0.5282
649,199,304.737,9,0.7438,0.0862
26,129,205.586,18,0.9221,0.5311
783,4,371.378,2,0.7648,0.0
608,106,393.78,17,0.4729,0.0693
615,24,609.779,3,0.7222,0.0006
865,6,181.222,3,0.691,0.0883
496,38,651.45,15,0.5371,0.0
462,51,385.626,15,0.3569,0.0087
618,16,523.457,7,0.8826,0.0417
198,168,440.598,4,0.8546,0.0
152,88,596.993,6,0.32,0.018
844,111,477.629,10,0.8078,0.1038
216,174,8.467,5,0.759,0.6832
505,168,281.303,19,0.5547,0.1651
270,165,675.653,18,0.8528,0.1237
231,40,325.32,9,0.8802,0.1674
598,149,596.523,7,0.9028,0.0212
803,200,625.717,4,0.354,0.015
442,2,239.79,4,0.5644,0.0
139,174,617.633,2,0.3212,0.0228
245,174,272.064,8,0.8114,0.1383
165,169,18.747,18,0.5952,0.6168
883,80,500.126,15,0.8246,0.1277
320,40,590.698,2,0.8559,0.0353
374,147,325.432,9,0.3463,0.0
72,125,125.268,7,0.9607,0.4104
447,146,443.197,16,0.6479,0.1086
914,52,531.676,11,0.977,0.0948
410,36,471.641,14,0.3954,0.0203
652,181,256.493,2,0.5454,0.0247
182,104,265.513,8,0.6208,0.0549
143,171,395.576,8,0.958,0.0907
732,186,139.647,18,0.3735,0.1816
66,92,609.324,16,0.6837,0.0415
449,53,74.119,2,0.393,0.0
317,180,350.572,4,0.4565,0.0224
17,144,618.866,15,0.7253,0.0725
532,134,381.416,8,0.4962,0.0078
965,192,548.003,11,0.5007,0.0
70,50,172.876,8,0.769,0.2549
816,73,321.046,7,0.8658,0.1141
540,8,513.547,3,0.3238,0.0
724,78,639.654,9,0.4572,0.0731
97,90,463.171,16,0.6687,0.0753
870,91,175.171,12,0.9366,0.4726
12,31,105.758,4,0.5596,0.0662
907,162,605.988,6,0.5021,0.0
658,98,399.129,15,0.3659,0.0
338,88,132.796,13,0.4467,0.157
8,173,349.944,20,0.648,0.2007
611,98,91.389,11,0.5057,0.235
88,179,76.171,20,0.7157,0.6021
609,45,662.423,16,0.5113,0.0255
774,171,392.359,18,0.4669,0.0898
268,198,179.593,4,0.7511,0.0538
239,151,634.571,8,0.8082,0.0303
222,179,719.197,8,0.9437,0.0227
225,149,636.683,3,0.6959,0.0189
114,121,538.392,11,0.9633,0.0897
250,153,692.707,2,0.4514,0.0295
660,193,142.52,15,0.6701,0.3758
303,122,632.001,6,0.6231,0.0014
781,138,258.613,7,0.785,0.1451
820,16,23.695,5,0.4621,0.2944
761,192,23.796,7,0.3912,0.2632
540,156,135.647,10,0.607,0.2723
317,33,561.342,18,0.7766,0.1359
930,58,645.655,3,0.8026,0.0
206,46,92.569,3,0.7718,0.1081
465,64,608.753,7,0.7534,0.0
454,178,544.062,15,0.4119,0.0357
746,93,38.075,16,0.8542,0.7666
547,84,526.735,17,0.6922,0.08
800,156,28.114,14,0.3478,0.2586
920,75,189.428,6,0.4786,0.0072
391,178,382.489,14,0.4862,0.0557
875,151,654.712,9,0.393,0.0118
170,52,76.301,14,0.3988,0.2104
917,127,251.106,11,0.9239,0.3035
178,97,415.592,19,0.6148,0.0977
851,69,533.078,16,0.59,0.0922
391,182,659.122,20,0.8671,0.171
965,80,337.838,18,0.5548,0.1494
130,24,605.527,10,0.5226,0.0
466,82,444.447,8,0.4439,0.0
902,104,147.317,6,0.3613,0.0
48,26,417.513,7,0.4392,0.0175
266,149,226.292,4,0.873,0.0779
84,46,506.771,8,0.6947,0.0357
322,19,205.227,18,0.7119,0.3451
391,108,189.616,4,0.5573,0.0186
619,33,680.689,18,0.6441,0.0253
258,157,654.309,2,0.7612,0.0031
159,14,325.531,4,0.5915,0.0212
170,84,551.254,18,0.5318,0.0384
939,11,707.094,11,0.476,0.0
954,77,64.266,7,0.4481,0.1668
222,187,436.636,4,0.6994,0.0
196,131,182.891,1,0.3506,0.0
55,108,576.111,5,0.412,0.0
960,32,73.465,3,0.7141,0.195
707,63,568.049,14,0.8648,0.1045
761,77,144.838,19,0.4855,0.2518
291,116,328.606,6,0.3066,0.0205
641,42,586.044,2,0.7678,0.0076
60,200,49.04,20,0.3282,0.3049
677,131,668.318,14,0.5324,0.0296
580,63,156.882,8,0.6148,0.1547
332,23,360.774,16,0.8291,0.2312
711,120,529.023,14,0.841,0.159
647,90,89.356,15,0.5921,0.3779
439,135,438.492,4,0.9116,0.0
187,120,371.451,7,0.5676,0.0
24,129,422.008,11,0.6321,0.0222
938,167,477.165,13,0.5775,0.035
282,106,303.142,12,0.7334,0.1615
302,145,215.464,6,0.5824,0.0493
682,72,132.783,8,0.9521,0.5157
256,189,676.158,9,0.8884,0.0277
376,82,289.29,2,0.5726,0.0436
712,136,203.56,17,0.3168,0.0575
596,200,38.307,13,0.6822,0.5641
657,70,540.993,13,0.4696,0.0
5,21,380.213,16,0.5241,0.1096
452,47,137.899,10,0.6212,0.2247
476,49,643.282,12,0.8633,0.0843
633,12,672.355,14,0.8235,0.0107
152,109,634.147,13,0.6903,0.019
160,56,404.119,15,0.8097,0.2054
763,20,269.075,2,0.515,0.0
674,28,116.977,19,0.645,0.4121
812,55,271.927,11,0.3498,0.0231
271,74,440.957,16,0.3367,0.0295
998,195,163.505,1,0.4124,0.0
273,141,334.321,10,0.8257,0.165
651,143,412.84,10,0.9455,0.18
163,139,526.767,5,0.732,0.0261
919,161,66.227,18,0.3284,0.2063
333,64,624.304,10,0.7362,0.0137
803,20,328.646,18,0.4927,0.1209
332,102,419.199,9,0.9153,0.1054
791,1,677.058,12,0.8116,0.0758
455,44,121.361,12,0.5531,0.316
63,151,636.888,13,0.6084,0.0
191,101,579.288,13,0.803,0.088
684,139,715.703,17,0.9499,0.1475
194,103,283.294,5,0.5088,0.0
276,109,91.766,15,0.8394,0.6293
542,61,10.7,17,0.7817,0.7523
254,44,570.773,17,0.4676,0.0441
129,52,98.781,9,0.4749,0.2037
625,160,220.676,9,0.4493,0.0505
689,196,710.873,16,0.4215,0.0285
734,17,318.587,11,0.5174,0.019
944,108,166.853,1,0.3904,0.0
125,95,542.452,16,0.4762,0.0537
427,113,195.883,16,0.5527,0.2406
234,47,382.57,11,0.6895,0.08
902,2,113.7,11,0.6053,0.3079
540,41,332.069,11,0.5225,0.0268
99,37,78.65,9,0.3815,0.1854
693,11,556.742,14,0.6926,0.0867
43,72,263.218,3,0.8881,0.0176
275,137,229.879,6,0.7303,0.0917
722,194,715.529,18,0.6968,0.0765
507,132,597.471,17,0.5682,0.0587
762,36,399.049,2,0.6718,0.0
572,73,679.861,4,0.7696,0.017
844,61,152.601,3,0.5034,0.0568
563,43,413.123,20,0.9674,0.4194
57,199,668.957,17,0.3153,0.0
72,132,410.404,12,0.5347,0.0287
777,97,222.099,14,0.9875,0.5113
39,88,584.487,13,0.8675,0.138
377,64,100.374,17,0.339,0.1754
17,84,109.864,19,0.5524,0.3124
304,127,526.544,20,0.7813,0.1667
596,186,50.384,7,0.6857,0.4177
174,100,36.929,7,0.954,0.7737
467,37,273.244,3,0.8523,0.0
997,192,286.794,17,0.7617,0.3296
71,63,338.413,9,0.7236,0.1255
64,17,533.457,1,0.9989,0.0218
272,109,409.79,17,0.6515,0.0884
828,159,513.898,19,0.3035,0.0
406,52,36.399,18,0.8197,0.7331
640,56,227.648,13,0.6668,0.2098
34,58,695.83,18,0.8899,0.1227
736,162,308.277,19,0.6153,0.185
68,192,160.583,11,0.4138,0.0974
712,170,714.306,12,0.7592,0.0159
148,46,296.443,7,0.9405,0.1362
859,170,344.984,13,0.3634,0.0352
297,62,161.522,20,0.4271,0.1375
184,174,472.746,19,0.4599,0.0079
337,199,149.602,17,0.3985,0.1466
1,144,439.34,7,0.694,0.0057
166,192,545.478,16,0.3535,0.0
599,29,469.9,7,0.9892,0.0588
301,131,65.53,1,0.4182,0.0
354,11,57.897,18,0.3348,0.2623
808,131,606.572,7,0.5339,0.0
124,69,651.33,20,0.6333,0.0767
396,194,98.108,11,0.8776,0.568
187,100,270.644,14,0.7317,0.2419
483,153,471.101,12,0.9885,0.1807
332,61,601.629,9,0.5799,0.0267
47,15,654.515,19,0.3655,0.0165
71,149,503.202,3,0.9376,0.0
853,45,106.608,4,0.7019,0.1749
57,145,553.329,13,0.6576,0.0569
783,93,618.568,20,0.6157,0.0671
917,195,253.265,17,0.4314,0.1216
466,71,356.043,15,0.5575,0.0788
313,81,120.212,3,0.5279,0.027
777,149,219.602,2,0.55,0.0
983,158,626.321,6,0.4931,0.0194
121,26,64.426,15,0.6504,0.5032
965,149,549.063,3,0.8256,0.0
944,99,70.75,8,0.972,0.6786
143,198,211.04,7,0.3822,0.0
55,127,419.546,4,0.9139,0.028
715,155,2.884,12,0.5412,0.5121
78,69,486.431,5,0.6631,0.044
601,57,228.002,3,0.381,0.0
65,158,539.096,9,0.3961,0.0
691,4,702.183,10,0.8708,0.0865
232,117,300.164,5,0.6596,0.032
97,194,22.082,1,0.4689,0.04
67,199,611.277,2,0.9464,0.0065
189,144,198.059,17,0.9038,0.5536
541,100,107.43,17,0.5651,0.2773
77,163,633.093,14,0.4415,0.0104
803,3,167.805,6,0.5484,0.0657
605,159,436.003,13,0.785,0.1335
298,38,183.241,19,0.5287,0.2074
987,148,513.114,17,0.6328,0.0801
659,70,467.273,15,0.9646,0.2133
672,151,366.847,3,0.9598,0.0137
174,121,399.84,9,0.6176,0.0165
711,186,164.002,20,0.9297,0.6483
560,158,16.276,16,0.5699,0.5291
985,183,576.61,1,0.6373,0.0051
478,31,640.352,18,0.4487,0.0043
679,76,560.177,9,0.4729,0.0019
342,88,509.852,4,0.7866,0.0052
41,7,340.049,1,0.8454,0.0341
128,5,420.618,9,0.6995,0.0502
868,8,498.126,19,0.7481,0.1915
739,154,19.371,13,0.5178,0.4776
365,90,305.331,10,0.9308,0.2367
698,151,162.162,11,0.7845,0.3741
5,167,262.721,6,0.9089,0.1337
38,8,539.572,1,0.8406,0.0
508,170,261.956,9,0.628,0.1064
625,46,532.279,4,0.7713,0.0267
938,81,699.733,20,0.3976,0.0209
760,193,664.874,6,0.5558,0.0
258,61,596.048,5,0.7194,0.0
816,188,614.227,10,0.4213,0.0
492,102,283.934,7,0.8749,0.1347
827,3,526.874,13,0.5647,0.0488
174,167,480.416,1,0.9423,0.0
27,9,707.691,20,0.8786,0.1535
58,128,414.139,5,0.4892,0.0
991,92,309.717,14,0.3065,0.0201
81,28,602.913,18,0.3468,0.0
940,103,539.818,1,0.3557,0.0
728,73,90.338,10,0.5042,0.2418
147,20,429.524,12,0.3147,0.0
865,112,426.665,2,0.6263,0.0071
145,9,454.954,14,0.7082,0.1006
144,108,677.908,17,0.8482,0.1258
576,46,433.665,3,0.9235,0.0
289,167,626.479,17,0.3187,0.0012
291,191,258.355,10,0.9888,0.3204
196,187,41.784,20,0.7005,0.6205
608,188,270.473,6,0.7563,0.0628
27,21,383.756,2,0.4575,0.0
246,102,600.075,14,0.6325,0.0285
554,45,455.115,9,0.541,0.0041
487,20,318.664,13,0.5827,0.0932
700,79,332.817,18,0.5567,0.0901
217,86,717.595,18,0.415,0.0393
648,60,102.197,3,0.5305,0.0296
760,23,148.369,2,0.8175,0.0325
389,82,450.39,8,0.4902,0.0
257,32,505.161,3,0.8197,0.0042
556,9,284.688,19,0.6256,0.2255
579,91,23.619,11,0.9808,0.855
95,14,376.088,2,0.5526,0.0386
566,194,104.367,12,0.9747,0.7056
155,168,40.827,15,0.3352,0.2489
569,186,248.555,16,0.3688,0.0845
932,21,98.102,19,0.4819,0.3189
538,93,316.358,13,0.9173,0.2936
762,165,548.539,13,0.8132,0.0496
310,116,34.35,2,0.4917,0.088
923,62,360.172,18,0.3052,0.006
813,167,358.077,16,0.8741,0.3523
917,62,1.777,16,0.8973,0.8698
742,195,531.672,20,0.4824,0.0401
650,21,65.065,17,0.3166,0.1929
526,142,671.114,9,0.9797,0.053
929,3,460.523,13,0.5605,0.0349
849,183,207.584,18,0.4593,0.1508
417,72,666.24,2,0.977,0.062
86,5,288.631,3,0.8197,0.0
4,168,187.757,8,0.4173,0.1001
234,194,277.148,14,0.6204,0.154
63,184,440.537,17,0.5951,0.0989
212,98,521.128,7,0.5741,0.0224
110,13,476.681,5,0.772,0.0
982,46,663.33,4,0.3906,0.0
96,7,688.465,7,0.6086,0.0074
627,9,142.287,2,0.6775,0.0
352,32,657.074,11,0.7359,0.0
175,113,77.258,18,0.4052,0.2713
702,154,688.984,9,0.882,0.0
971,117,187.099,10,0.6896,0.2446
791,41,191.735,17,0.971,0.6045
976,121,303.802,1,0.5571,0.0179
591,47,131.264,20,0.9405,0.7364
674,93,596.044,5,0.3679,0.0178
147,178,90.249,3,0.9797,0.2992
853,27,316.568,12,0.8439,0.2132
748,175,653.199,1,0.6041,0.0277
255,55,457.662,9,0.3531,0.0143
355,135,437.355,16,0.8636,0.2431
611,53,716.147,14,0.5953,0.0422
13,33,16.724,2,0.7432,0.4919
818,91,230.592,15,0.6071,0.2191
281,77,90.451,5,0.4587,0.0425
75,102,133.303,4,0.3552,0.0415
331,48,155.915,7,0.9916,0.3764
836,196,451.547,9,0.4783,0.0145
275,135,196.281,6,0.6157,0.0842
540,169,478.381,11,0.6997,0.0
812,156,531.541,13,0.8463,0.1046
34,145,289.676,2,0.4917,0.0044
760,29,386.387,6,0.8369,0.1091
289,118,95.54,7,0.3876,0.1121
696,180,542.024,13,0.8722,0.0963
189,20,302.056,6,0.9327,0.1284
140,93,601.02,14,0.9323,0.1737
789,37,379.115,15,0.3299,0.0076
808,160,501.822,1,0.6486,0.0016
982,187,258.5,13,0.923,0.3892
678,11,267.988,8,0.8549,0.1803
466,161,314.568,6,0.9166,0.0839
195,73,458.127,2,0.8009,0.0
296,193,364.951,10,0.8962,0.123
649,3,579.177,16,0.342,0.0
347,39,39.927,4,0.4384,0.1561
484,144,648.44,2,0.8067,0.0
169,156,666.783,3,0.8697,0.0178
440,16,176.112,18,0.428,0.1436
238,33,73.009,5,0.8633,0.4043
113,68,411.951,17,0.4599,0.0634
132,7,46.67,4,0.765,0.3856
519,157,165.78,11,0.6624,0.2401
367,134,365.694,9,0.8385,0.108
100,150,442.137,19,0.603,0.1151
515,94,140.302,6,0.4422,0.0203
165,129,671.605,8,0.8757,0.0337
16,115,130.962,9,0.9487,0.5287
133,139,111.055,7,0.7369,0.2894
449,91,117.289,4,0.9053,0.2896
955,131,669.293,3,0.3154,0.0
242,130,632.776,12,0.6817,0.0275
285,129,24.273,15,0.5698,0.4737
243,175,523.3,4,0.798,0.0
356,70,53.375,9,0.5301,0.3785
718,176,54.686,15,0.3095,0.1982
323,6,55.197,20,0.6308,0.527
658,98,597.412,3,0.7161,0.0
899,89,308.04,18,0.7745,0.2735
947,174,401.283,8,0.883,0.1137
563,10,22.67,11,0.9999,0.9275
714,44,648.692,2,0.8337,0.0
920,94,707.065,10,0.5138,0.0
787,164,169.711,6,0.9582,0.2938
300,93,472.863,5,0.7747,0.03
133,128,488.899,18,0.9263,0.2368
115,36,695.739,4,0.591,0.0
883,189,348.57,5,0.3994,0.0062
557,157,171.68,5,0.7772,0.126
297,9,259.723,16,0.395,0.068
346,141,460.701,12,0.9091,0.1201
282,26,340.454,10,0.7492,0.1146
802,112,57.634,3,0.6098,0.1837
613,142,581.4,8,0.39,0.0
880,186,622.341,18,0.4969,0.0315
302,15,344.66,10,0.4979,0.0384
473,58,377.137,20,0.3323,0.0034
122,139,354.187,1,0.4023,0.0
972,53,381.652,6,0.726,0.0
512,143,74.337,4,0.3267,0.0315
554,37,312.499,13,0.6318,0.1018
414,33,322.746,3,0.7169,0.0
271,109,718.355,9,0.4726,0.0113
949,138,35.506,1,0.9966,0.2522
489,42,225.084,11,0.6203,0.1493
675,175,357.369,4,0.8278,0.0
38,174,610.086,16,0.4557,0.0
276,17,332.36,10,0.3239,0.0
805,61,209.879,13,0.3512,0.0562
88,112,385.625,4,0.5047,0.0
102,99,214.211,14,0.5128,0.1535
810,51,395.017,1,0.4342,0.0
309,106,496.854,3,0.5343,0.029
274,193,382.398,17,0.3851,0.0
566,62,439.133,5,0.9204,0.0114
195,44,28.357,15,0.5131,0.4251
43,148,474.507,18,0.8119,0.2139
5,115,698.181,3,0.94,0.0
80,139,354.238,20,0.9552,0.4439
159,130,578.049,17,0.6962,0.077
697,153,395.437,12,0.5284,0.0441
298,146,507.027,7,0.9344,0.0223
72,122,223.482,5,0.9807,0.1746
15,91,696.159,5,0.8269,0.0
478,93,155.297,11,0.705,0.2971
841,54,114.971,4,0.4164,0.0155
339,90,33.255,10,0.7388,0.6053
64,122,389.887,11,0.4646,0.0348
229,144,445.799,14,0.4248,0.0199
500,155,467.831,1,0.5804,0.0
189,76,124.421,7,0.5799,0.1798
979,147,469.209,3,0.6556,0.0521
764,88,119.294,18,0.5695,0.3337
345,72,543.718,17,0.3266,0.0113
952,33,198.538,20,0.6371,0.3127
326,54,304.162,19,0.5106,0.151
141,136,264.72,19,0.7137,0.3487
939,44,265.077,7,0.5934,0.0069
960,16,519.219,20,0.5833,0.0995
313,55,718.398,1,0.8991,0.0
595,199,379.914,3,0.8188,0.0
174,30,289.047,6,0.8542,0.0791
642,29,211.817,6,0.744,0.1182
691,81,449.812,16,0.916,0.228
710,77,325.126,16,0.7421,0.2064
569,185,556.555,4,0.3202,0.0
705,48,437.013,10,0.6518,0.0441
556,84,296.877,2,0.7022,0.0
820,59,686.192,20,0.9239,0.2566
180,50,8.605,15,0.6611,0.6198
484,65,496.587,3,0.4654,0.0
417,52,296.064,16,0.6153,0.1423
534,144,88.007,7,0.5959,0.2599
143,159,67.194,5,0.6898,0.2926
324,36,467.685,13,0.4854,0.0359
955,100,106.823,5,0.531,0.1077
106,53,616.447,9,0.9726,0.0989
636,174,224.213,18,0.6418,0.2561
665,21,247.895,8,0.8937,0.2091
475,82,475.46,4,0.9731,0.0
34,67,158.908,12,0.867,0.4071
35,73,5.565,3,0.5768,0.5155
276,189,321.274,17,0.4388,0.0652
103,109,380.31,15,0.863,0.2718
95,77,321.322,9,0.731,0.0994
161,162,330.025,11,0.5227,0.0458
191,156,479.499,1,0.8661,0.0328
839,29,608.973,13,0.7029,0.0252
639,93,263.481,16,0.8466,0.3966
31,83,568.972,19,0.655,0.1059
629,90,45.601,15,0.7288,0.6528
137,70,346.048,6,0.5556,0.0012
422,165,271.141,11,0.5421,0.1376
39,200,335.744,7,0.8045,0.0556
91,6,66.318,13,0.5678,0.401
133,172,100.388,18,0.5839,0.3768
434,173,211.659,8,0.5087,0.079
464,74,197.306,16,0.8576,0.4576
353,98,277.577,3,0.8795,0.0774
621,21,329.498,15,0.4101,0.0487
721,71,159.634,16,0.7804,0.4558
729,48,446.029,16,0.4719,0.0169
580,182,270.904,8,0.4706,0.0
546,22,43.767,15,0.4334,0.3354
492,68,175.84,20,0.4555,0.1767
238,97,403.526,2,0.5769,0.018
487,196,437.148,20,0.505,0.016
11,164,575.856,8,0.4445,0.0
967,188,177.122,7,0.7396,0.1795
371,63,405.014,3,0.8564,0.036
757,54,343.058,4,0.603,0.0
957,115,611.007,11,0.3054,0.0043
497,69,525.729,16,0.7191,0.0789
862,4,95.464,15,0.8804,0.6509
480,163,690.338,16,0.7294,0.0514
133,19,256.077,15,0.8918,0.4424
27,40,687.329,1,0.3081,0.0
136,189,205.717,10,0.4565,0.0879
943,147,337.901,11,0.7559,0.1211
476,129,396.559,1,0.5632,0.0
320,26,46.254,6,0.4382,0.2054
447,51,515.421,6,0.9406,0.0081
256,42,75.839,1,0.5825,0.0
871,129,118.615,9,0.8909,0.442
1000,101,209.329,9,0.976,0.4235
85,73,691.757,11,0.319,0.0
719,150,700.657,3,0.9635,0.0
336,156,352.563,20,0.8042,0.3403
48,148,384.225,6,0.8437,0.0573
923,22,152.921,13,0.4297,0.1379
62,122,301.281,12,0.4236,0.0102
206,43,708.789,1,0.6313,0.0234
26,55,569.475,5,0.4069,0.0
472,196,502.279,14,0.8019,0.1014
600,84,200.82,8,0.9319,0.2761
321,158,549.521,7,0.9659,0.0051
72,50,695.936,15,0.5123,0.0298
117,195,711.332,16,0.6619,0.0267
934,56,432.05,17,0.4327,0.0981
806,37,116.147,9,0.5355,0.2025
937,65,694.148,10,0.4936,0.0048
531,35,390.022,14,0.6613,0.1204
547,120,28.086,12,0.4851,0.3822
786,29,59.137,8,0.3126,0.1378
617,42,415.837,7,0.4858,0.0
437,141,601.494,20,0.3946,0.0043
292,9,677.925,18,0.3276,0.0245
486,89,680.022,7,0.6305,0.035
64,139,416.813,2,0.7489,0.0519
193,90,706.624,20,0.9336,0.1818
738,5,108.134,2,0.4443,0.0164
869,32,68.613,5,0.3531,0.0246
102,195,22.285,1,0.8097,0.2966
97,155,557.488,16,0.6622,0.0698
86,71,659.992,3,0.9405,0.0177
792,175,604.76,7,0.6267,0.018
312,2,676.568,13,0.9075,0.095
327,10,394.835,2,0.3455,0.0
13,177,549.508,20,0.9958,0.297
973,135,242.763,16,0.5885,0.2239
435,120,552.054,13,0.9069,0.1161
798,69,542.317,12,0.3256,0.0
708,164,313.916,6,0.4312,0.0001
142,122,31.989,12,0.7117,0.6055
802,88,192.076,17,0.3106,0.0577
551,77,637.391,11,0.6915,0.0174
605,71,423.038,8,0.4896,0.0123
201,116,291.965,6,0.6711,0.0075
847,132,682.151,12,0.8241,0.0174
932,161,264.155,18,0.7387,0.3371
407,82,236.556,9,0.8216,0.2268
93,51,554.872,14,0.543,0.0174
849,112,256.142,11,0.8016,0.225
888,117,321.565,10,0.6759,0.113
507,56,520.309,3,0.6558,0.0
580,15,309.971,7,0.7383,0.0323
224,67,232.386,19,0.6527,0.2798
68,15,11.572,18,0.6124,0.525
945,17,619.68,7,0.5212,0.05
483,194,379.463,12,0.7212,0.0834
275,157,613.033,13,0.5074,0.0361
694,8,445.037,18,0.3003,0.0169
27,70,144.879,1,0.3438,0.0095
80,51,261.794,7,0.9156,0.2085
243,195,300.717,10,0.8924,0.2306
451,88,532.733,11,0.9703,0.1199
367,52,394.911,16,0.6129,0.1516
188,127,458.464,7,0.4899,0.0
352,96,542.341,13,0.9991,0.2073
334,38,197.543,17,0.7258,0.3749
525,62,635.093,7,0.9357,0.0144
563,26,326.633,11,0.5501,0.0519
884,139,476.177,14,0.8408,0.1647
807,195,157.497,17,0.8458,0.5235
293,162,168.411,16,0.7606,0.4033
903,76,529.325,9,0.4699,0.0045
521,98,252.617,4,0.8823,0.0624
188,13,630.752,3,0.6285,0.0
341,74,478.786,2,0.8279,0.0121
742,7,479.276,10,0.6796,0.054
822,149,274.102,10,0.3745,0.0343
375,182,649.971,5,0.6061,0.0144
158,39,680.168,9,0.5653,0.0177
192,135,186.087,14,0.9487,0.5365
104,120,370.728,1,0.8859,0.0
699,84,653.037,6,0.522,0.0
503,147,73.371,14,0.7272,0.5318
452,136,214.608,5,0.609,0.0529
672,54,687.21,12,0.7593,0.0207
829,160,349.438,16,0.6036,0.1582
796,132,685.131,7,0.5851,0.0364
138,63,274.031,3,0.8443,0.0642
590,148,380.036,6,0.9649,0.0784
883,129,327.241,13,0.3318,0.0
774,24,329.466,6,0.3151,0.01
330,34,660.794,19,0.6656,0.0962
393,65,500.296,3,0.8057,0.0
891,9,680.954,10,0.9412,0.0761
33,82,237.598,19,0.5039,0.1665
526,93,715.607,15,0.6338,0.0326
117,156,509.665,2,0.8788,0.0
895,35,94.978,6,0.5389,0.1852
39,114,297.613,1,0.346,0.0
24,133,179.416,20,0.8933,0.5863
329,90,169.913,16,0.4867,0.1836
201,182,669.313,5,0.9918,0.0232
496,64,691.184,10,0.4772,0.0
300,82,10.693,9,0.7392,0.7225
357,1,99.817,17,0.9505,0.7276
565,83,200.41,3,0.4832,0.0167
561,5,610.446,11,0.5984,0.0301
935,197,440.191,15,0.6009,0.0882
481,49,407.325,18,0.6722,0.1788
565,163,430.958,7,0.5585,0.0
678,24,684.447,7,0.6733,0.0
175,55,198.931,13,0.7396,0.2999
667,24,89.23,12,0.5123,0.2964
862,74,437.823,19,0.736,0.2291
319,121,697.601,5,0.445,0.007
179,84,511.348,8,0.4824,0.0
347,122,642.378,9,0.3548,0.0007
276,162,645.309,11,0.9021,0.0677
586,9,158.255,3,0.6,0.0133
864,85,493.788,4,0.5042,0.0
597,119,620.868,10,0.7697,0.0
126,105,73.415,2,0.554,0.0098
315,30,469.239,10,0.6467,0.0027
690,42,196.206,4,0.5569,0.0184
331,76,591.692,1,0.4901,0.0
587,131,161.098,9,0.9789,0.4727
695,198,269.176,2,0.3066,0.0
330,74,487.416,13,0.5263,0.0068
648,105,400.417,12,0.7656,0.1201
399,62,86.823,3,0.6234,0.0943
136,7,162.6,15,0.6475,0.3242
373,80,637.862,6,0.7077,0.0258
442,70,711.927,14,0.8337,0.1028
3,31,499.813,19,0.3717,0.0309
893,135,7.526,15,0.3421,0.3249
528,52,535.377,7,0.5336,0.0148
37,45,463.013,10,0.6199,0.0251
868,78,296.805,7,0.8724,0.1451
856,193,164.579,7,0.3082,0.0118
13,128,119.72,18,0.7417,0.5057
164,86,60.605,14,0.5353,0.3946
364,165,460.455,11,0.6143,0.0192
508,5,243.169,6,0.698,0.1005
726,68,373.211,11,0.4527,0.0
425,109,378.387,13,0.4441,0.0031
612,98,437.454,15,0.8388,0.2245
11,136,428.276,2,0.8824,0.0408
659,141,373.976,18,0.4832,0.1303
916,92,112.107,11,0.7406,0.404
527,186,19.958,8,0.6613,0.563
455,186,415.065,15,0.7172,0.1518
298,96,305.007,11,0.9047,0.2636
955,181,295.58,7,0.7185,0.089
34,129,309.932,19,0.9013,0.4353
287,28,82.193,19,0.6305,0.5386
139,24,129.483,19,0.3442,0.179
867,16,476.92,2,0.4114,0.0305
483,43,370.166,19,0.7522,0.234
923,63,439.152,6,0.5655,0.0255
666,14,93.561,7,0.6298,0.2891
557,122,586.273,14,0.8196,0.1214
518,83,268.614,10,0.7371,0.1196
203,121,441.605,17,0.8138,0.1967
563,101,335.537,14,0.326,0.0
686,55,337.458,3,0.9507,0.0033
966,123,560.689,3,0.5553,0.0
549,191,79.896,2,0.7976,0.1772
939,64,54.312,7,0.5908,0.3304
945,62,73.211,10,0.447,0.228
523,104,716.618,18,0.6848,0.0775
440,161,667.583,7,0.3606,0.0038
143,107,504.548,2,0.3335,0.0494
269,167,322.509,11,0.4949,0.0559
880,15,61.709,9,0.5994,0.3669
139,20,591.134,17,0.4719,0.0158
398,82,136.804,1,0.993,0.0285
699,47,196.81,6,0.3197,0.0389
241,5,605.45,14,0.9078,0.141
975,44,185.652,1,0.5966,0.0
650,55,608.173,12,0.8289,0.0519
29,184,565.983,14,0.9363,0.1717
248,157,602.93,1,0.7115,0.0421
741,71,485.653,12,0.6489,0.0693
864,192,253.855,19,0.7411,0.3428
927,168,470.454,11,0.9812,0.1569
852,51,597.043,4,0.3567,0.0
75,96,539.707,16,0.6961,0.1225
730,185,620.729,2,0.6377,0.0
111,92,708.151,17,0.8736,0.1495
77,75,497.06,20,0.3739,0.0277
692,181,668.288,3,0.7487,0.0534
479,133,196.044,6,0.5104,0.0635
648,89,700.921,17,0.8327,0.1165
852,174,655.479,15,0.3462,0.0039
69,149,30.174,11,0.8875,0.7663
528,70,425.327,14,0.3003,0.0078
835,85,362.388,18,0.9192,0.3676
441,10,587.328,15,0.6379,0.014
524,21,91.402,12,0.9476,0.7114
498,191,380.136,8,0.3064,0.0
908,11,361.159,18,0.945,0.3839
50,168,285.09,12,0.6803,0.115
878,42,714.375,17,0.3464,0.0
817,109,388.704,18,0.9896,0.4184
813,145,297.829,7,0.4967,0.0
413,199,616.682,15,0.4289,0.0
516,75,100.55,13,0.3472,0.1318
369,186,207.401,5,0.6621,0.0526
252,91,201.163,12,0.7731,0.3394
876,174,672.298,20,0.5103,0.0652
506,21,633.897,11,0.7864,0.036
724,54,437.009,14,0.8914,0.1751
101,125,230.473,3,0.6179,0.0
789,142,337.301,8,0.9752,0.1868
659,161,411.44,1,0.3747,0.0
998,72,389.092,8,0.8103,0.0832
134,125,184.645,7,0.8156,0.271
541,125,94.386,4,0.6901,0.1901
512,197,653.544,10,0.3977,0.0099
539,24,461.59,11,0.6806,0.0862
55,4,104.894,12,0.4157,0.184
474,115,712.692,8,0.3596,0.0
300,4,296.414,11,0.6786,0.1353
618,40,527.872,12,0.7251,0.0313
233,101,127.646,3,0.8621,0.0783
436,54,671.625,10,0.4432,0.0
621,54,57.49,17,0.9524,0.804
65,70,688.214,15,0.6997,0.0277
787,138,523.665,15,0.7515,0.0822
716,74,164.002,6,0.417,0.0204
58,159,130.662,18,0.8605,0.5877
65,32,602.794,10,0.7603,0.0287
851,21,29.225,18,0.4294,0.3502
284,34,82.725,4,0.651,0.1558
861,184,484.62,17,0.5703,0.066
500,56,56.166,6,0.9986,0.6346
343,6,389.926,14,0.989,0.2839
274,64,413.531,1,0.7138,0.0309
660,138,13.359,9,0.57,0.5284
110,73,271.869,16,0.6337,0.2076
403,77,21.028,13,0.4857,0.3851
346,18,696.174,7,0.8414,0.0
155,134,155.424,5,0.6523,0.0832
353,45,496.746,5,0.6896,0.0114
529,20,485.274,19,0.3316,0.0
678,143,556.121,7,0.3596,0.0141
87,188,241.768,13,0.4502,0.0765
873,123,133.174,1,0.6067,0.0218
879,188,382.196,12,0.6065,0.0786
692,81,500.075,13,0.8946,0.1712
925,104,543.939,12,0.8457,0.0909
428,72,35.695,17,0.7441,0.6484
822,102,542.039,14,0.322,0.0234
728,179,81.395,5,0.686,0.2592
563,127,377.983,14,0.9894,0.3221
180,6,400.118,5,0.6491,0.0157
558,117,91.913,1,0.6862,0.0316
902,76,694.097,19,0.333,0.014
985,109,459.553,9,0.4835,0.0324
449,112,161.59,9,0.7239,0.1998
248,118,37.121,20,0.9054,0.8441
748,174,558.129,13,0.8329,0.1328
76,172,605.827,16,0.8855,0.1756
152,195,65.708,18,0.8541,0.6901
562,123,185.721,4,0.7382,0.0373
991,58,462.691,4,0.6723,0.044
329,40,301.954,9,0.5508,0.1038
444,170,246.938,2,0.8662,0.0146
323,183,305.893,10,0.6043,0.1618
441,8,364.067,11,0.678,0.0837
8,44,133.365,20,0.9992,0.7881
595,136,279.711,4,0.4981,0.0
597,34,50.739,20,0.5968,0.5122
316,11,4.857,5,0.3568,0.288
265,200,702.152,2,0.5353,0.0161
762,20,39.934,17,0.9267,0.8188
188,43,31.782,6,0.4884,0.2874
48,198,640.828,6,0.8853,0.0434
41,21,702.758,2,0.6758,0.0146
882,160,608.143,11,0.6795,0.0034
365,113,100.907,4,0.9878,0.3245
102,108,460.643,13,0.6269,0.0216
879,166,501.937,9,0.5129,0.0
149,5,555.711,6,0.7509,0.0
337,13,81.724,13,0.6513,0.4456
21,40,281.647,4,0.6324,0.0112
680,99,199.152,17,0.9247,0.5217
700,193,471.424,14,0.8163,0.1215
757,14,247.721,2,0.5922,0.0453
264,85,366.598,20,0.4273,0.0935
329,86,451.222,6,0.3509,0.0233
939,40,623.451,20,0.4735,0.0296
822,69,663.1,13,0.9832,0.0839
38,41,499.436,19,0.3809,0.0311
692,28,113.024,10,0.9983,0.6075
813,105,640.076,16,0.7442,0.1473
560,187,147.649,7,0.6439,0.1454
640,81,38.769,14,0.894,0.8211
1,127,315.117,4,0.5117,0.0
31,135,493.097,3,0.3385,0.0
36,169,107.968,15,0.4239,0.245
159,165,215.894,1,0.8601,0.0
991,182,58.103,5,0.7062,0.3871
635,163,445.3,10,0.6283,0.0213
783,187,510.077,14,0.8307,0.1505
296,194,374.415,12,0.6363,0.1066
938,150,320.269,19,0.6303,0.2268
199,99,610.421,15,0.9415,0.1247
903,62,302.104,5,0.7002,0.0074
31,115,318.353,15,0.7545,0.2379
21,166,415.888,15,0.7451,0.1333
79,151,506.92,18,0.4926,0.0553
792,105,559.573,17,0.9989,0.2794
258,16,29.87,13,0.3286,0.2332
452,55,612.907,13,0.5227,0.0352
472,116,325.226,10,0.5409,0.0443
790,78,652.275,7,0.9855,0.0259
349,92,386.399,20,0.7197,0.2522
7,61,342.862,5,0.5623,0.0333
387,16,141.081,17,0.5238,0.2461
289,94,338.38,16,0.3618,0.055
731,89,355.163,13,0.3229,0.0319
752,157,644.077,7,0.4099,0.0042
92,23,638.759,15,0.6222,0.01
794,97,350.475,17,0.502,0.1039
71,171,624.715,12,0.9893,0.1214
620,54,615.234,17,0.4946,0.0187
390,64,682.863,11,0.8841,0.0668
302,18,260.674,18,0.897,0.4412
484,115,153.198,9,0.451,0.1097
311,172,679.654,17,0.4588,0.0137
794,97,421.308,2,0.7988,0.02
967,84,336.26,19,0.9735,0.4237
816,150,296.544,14,0.6716,0.1114
440,89,61.479,19,0.5633,0.4111
504,80,147.346,19,0.3215,0.1195
448,153,210.294,10,0.8528,0.3555
794,57,397.173,14,0.4789,0.0498
553,170,372.274,6,0.4393,0.0383
469,54,391.092,20,0.449,0.093
410,103,55.514,4,0.7703,0.3128
376,51,7.532,4,0.5883,0.5176
553,127,333.738,8,0.8662,0.1007
689,87,139.711,9,0.3639,0.0391
433,48,642.064,6,0.7806,0.0039
807,149,310.542,20,0.9078,0.4548
827,188,253.758,17,0.8965,0.4045
430,6,391.912,5,0.418,0.0
910,114,452.779,17,0.7187,0.1388
174,144,59.476,7,0.9683,0.6684
933,144,533.893,9,0.8592,0.0669
295,45,99.488,20,0.9031,0.7001
565,23,278.754,17,0.9499,0.4747
284,103,257.266,8,0.3787,0.062
443,128,410.012,13,0.4289,0.0208
341,58,496.572,17,0.8568,0.216
706,74,576.689,12,0.8554,0.0764
82,107,379.781,5,0.3711,0.0
839,91,112.304,17,0.9008,0.6504
904,97,501.239,8,0.5163,0.0224
563,137,344.996,17,0.9469,0.3601
548,197,424.238,11,0.3434,0.0
700,160,319.748,16,0.7246,0.2144
200,2,300.024,17,0.989,0.4819
750,70,505.128,11,0.7121,0.0406
219,2,377.596,7,0.3804,0.0
677,175,624.88,7,0.3629,0.0
306,129,535.409,1,0.7008,0.0053
747,44,343.206,9,0.8089,0.146
792,168,154.623,5,0.8602,0.2273
209,113,13.145,14,0.7076,0.6401
618,11,148.285,14,0.5133,0.22
499,31,202.874,19,0.3709,0.1319
295,162,85.482,4,0.7604,0.2823
589,58,481.911,15,0.6889,0.0707
993,105,235.113,5,0.4808,0.0129
3,180,22.262,16,0.9653,0.933
957,58,314.833,17,0.6966,0.2156
856,3,564.814,6,0.8475,0.0
530,17,244.949,20,0.7248,0.3472
611,184,649.728,9,0.4085,0.0095
370,120,614.085,13,0.9516,0.1133
130,66,640.408,15,0.7031,0.0678
572,16,480.975,13,0.7539,0.0825
817,140,580.845,18,0.6618,0.1169
232,8,280.368,2,0.8397,0.0129
718,19,499.271,11,0.9606,0.0896
749,119,161.597,16,0.531,0.2559
759,129,147.795,1,0.8955,0.0
341,114,679.431,10,0.3823,0.0
393,182,395.374,18,0.5982,0.1276
417,54,52.072,7,0.9276,0.6515
855,112,142.458,2,0.7082,0.0282
901,62,332.434,8,0.3271,0.0521
415,73,609.12,11,0.5569,0.0
970,31,645.138,2,0.8035,0.0
571,159,82.133,10,0.5273,0.2802
386,141,45.13,14,0.4687,0.3481
1,143,88.055,20,0.8611,0.6481
612,29,483.569,14,0.4727,0.0535
645,24,383.871,3,0.4426,0.0036
969,157,531.413,19,0.7859,0.1975
719,134,427.422,14,0.7847,0.1692
30,6,69.489,17,0.3011,0.1638
568,133,185.866,7,0.6934,0.1085
743,197,239.051,1,0.3443,0.0022
497,151,509.688,9,0.9368,0.0418
430,56,429.935,8,0.8168,0.0794
810,64,681.74,9,0.8143,0.0464
612,151,105.204,19,0.8182,0.6274
682,81,675.842,7,0.4298,0.0
465,148,158.898,6,0.3743,0.046
279,193,247.625,18,0.6141,0.2728
520,82,25.38,18,0.7896,0.7481
960,115,213.851,15,0.995,0.5806
603,98,144.189,3,0.495,0.0425
708,102,156.812,18,0.936,0.6735
125,16,412.201,1,0.3538,0.0328
988,198,562.276,17,0.5106,0.0
245,109,536.497,15,0.5875,0.0587
972,46,597.072,9,0.5476,0.0072
446,115,526.696,4,0.8833,0.0223
919,80,703.096,2,0.6057,0.0
892,165,13.792,1,0.838,0.3928
756,152,711.291,6,0.9186,0.0501
917,77,295.372,10,0.6543,0.1161
610,143,344.28,7,0.5689,0.0237
849,7,415.903,13,0.3016,0.0
173,194,6.632,3,0.8104,0.698
71,103,131.24,15,0.9736,0.6517
544,131,321.376,4,0.4668,0.0
810,130,554.168,9,0.9553,0.0825
766,63,626.528,1,0.9867,0.008
528,138,106.794,19,0.7639,0.5401
521,80,189.719,9,0.7457,0.2528
610,137,437.503,8,0.888,0.0
869,18,260.227,4,0.9816,0.0
842,30,214.848,5,0.7367,0.0841
110,185,276.299,6,0.3158,0.0437
596,148,505.298,2,0.8321,0.0
381,26,143.393,10,0.5093,0.1453
800,43,45.041,3,0.6565,0.2979
506,110,2.987,4,0.7367,0.6662
992,2,379.439,2,0.5587,0.0236
433,81,180.387,2,0.3831,0.0
680,66,404.599,17,0.6795,0.1823
109,27,634.373,16,0.6339,0.0773
933,60,211.787,14,0.9837,0.5277
154,59,132.579,18,0.355,0.128
379,14,1.633,10,0.908,0.8766
838,127,706.583,7,0.646,0.0
968,55,372.357,9,0.4472,0.0
485,7,577.607,10,0.5063,0.023
485,5,617.903,3,0.306,0.0
49,194,716.557,6,0.6791,0.0377
979,24,619.006,10,0.9464,0.042
17,182,212.075,10,0.8263,0.2773
27,34,406.562,8,0.5035,0.0
474,17,693.188,2,0.5476,0.0424
4,110,456.215,6,0.5078,0.0142
165,174,553.841,10,0.3882,0.0274
628,15,652.843,5,0.411,0.0
706,66,442.023,10,0.8016,0.0984
299,151,498.73,7,0.7078,0.0299
796,14,423.763,7,0.5019,0.0049
608,34,244.15,19,0.4839,0.1659
229,62,179.508,18,0.8068,0.4896
713,162,456.328,15,0.3667,0.018
593,162,706.419,9,0.4518,0.0204
813,142,659.661,17,0.5471,0.0069
155,134,151.494,3,0.9126,0.0168
231,6,606.864,4,0.8726,0.0
304,48,15.687,16,0.3578,0.3027
342,185,424.608,19,0.6892,0.1846
889,144,669.877,3,0.8855,0.0022
733,49,690.742,10,0.6813,0.0
545,142,434.4,2,0.6238,0.0
541,145,454.371,20,0.9246,0.3165
886,149,281.038,8,0.814,0.1432
447,197,521.158,17,0.6563,0.1244
226,109,177.287,16,0.4229,0.124
137,12,24.87,4,0.4246,0.2282
331,164,601.501,20,0.4657,0.0243
654,3,43.931,20,0.7104,0.5973
471,129,478.757,14,0.683,0.1053
422,160,314.872,20,0.7432,0.3167
481,26,31.623,18,0.4381,0.4354
975,160,115.488,12,0.6631,0.3327
998,163,72.967,12,0.7272,0.5092
162,131,154.765,20,0.9003,0.6309
115,65,457.582,4,0.4929,0.0
245,41,411.062,10,0.4947,0.0444
852,142,311.997,12,0.995,0.3253
460,32,607.077,2,0.3436,0.0
864,136,542.34,15,0.6417,0.0833
647,34,491.708,13,0.95,0.1557
554,68,431.383,2,0.6847,0.0065
282,102,501.351,17,0.7061,0.1019
345,33,163.534,9,0.4878,0.0946
148,159,187.442,3,0.8141,0.0329
520,139,214.994,2,0.9733,0.0247
281,4,533.695,6,0.626,0.002
293,170,311.522,8,0.906,0.1371
40,144,690.863,9,0.3243,0.0096
800,168,29.425,12,0.889,0.7698
940,121,276.189,14,0.9704,0.4428
499,126,111.826,15,0.8951,0.7039
537,77,587.843,9,0.3613,0.002
926,46,345.579,8,0.7454,0.0798
512,48,446.602,15,0.3521,0.0
623,64,430.725,3,0.3474,0.0
429,59,57.388,19,0.3541,0.265
515,151,564.4,10,0.4,0.0113
522,105,591.912,13,0.6752,0.0229
712,83,437.553,3,0.8226,0.0
605,146,202.642,2,0.414,0.0
504,147,521.484,2,0.3046,0.0
76,187,504.629,8,0.5985,0.0
905,62,657.072,15,0.5978,0.0571
889,49,84.921,20,0.6067,0.4758
185,2,655.104,13,0.6901,0.0014
294,32,638.748,9,0.9802,0.0991
974,121,214.571,11,0.4979,0.1178
322,162,515.804,4,0.6991,0.0
813,121,190.238,4,0.8902,0.0904
786,199,169.651,18,0.6045,0.3118
861,126,462.084,19,0.3104,0.0
17,177,36.499,17,0.5463,0.42
483,54,69.915,18,0.7925,0.6307
566,65,475.473,15,0.4307,0.0433
838,163,685.37,17,0.7665,0.0448
225,133,24.991,1,0.3364,0.0113
307,98,16.99,2,0.7698,0.477
180,192,54.298,18,0.65,0.5229
762,153,1.698,2,0.7918,0.7483
999,60,668.421,6,0.3195,0.0175
141,123,341.573,10,0.9664,0.1994
234,80,498.476,11,0.7061,0.0381
308,84,300.09,6,0.768,0.0625
890,162,718.018,18,0.8708,0.1071
446,136,345.811,7,0.3345,0.019
282,3,676.302,16,0.412,0.0374
323,115,467.895,15,0.4104,0.003
599,130,682.398,1,0.4102,0.0286
388,103,356.754,19,0.3611,0.0219
141,60,632.854,5,0.944,0.0
821,130,240.732,13,0.5439,0.1732
423,190,476.232,13,0.3796,0.0076
257,18,444.564,1,0.7986,0.0051
729,121,350.779,20,0.5567,0.1347
746,183,361.317,1,0.4439,0.0
156,81,122.902,9,0.9501,0.5215
74,68,652.387,5,0.8933,0.055
46,50,327.304,5,0.7143,0.0057
766,45,109.482,1,0.6483,0.027
626,79,507.264,3,0.3717,0.0525
793,155,523.692,3,0.6367,0.0
627,37,32.962,14,0.589,0.5006
402,47,239.964,2,0.6526,0.0
590,200,420.876,11,0.5835,0.0239
723,200,591.629,6,0.6723,0.0
399,46,223.98,1,0.6991,0.0
916,85,216.102,1,0.3592,0.0
900,81,530.461,17,0.4467,0.0054
801,60,158.218,19,0.6201,0.3562
993,31,645.171,13,0.9322,0.1628
391,13,569.204,11,0.9576,0.1121
115,123,643.053,5,0.6972,0.0073
485,9,255.02,18,0.701,0.2914
746,125,119.747,10,0.6726,0.3357
780,20,421.449,14,0.5037,0.0422
389,31,137.183,16,0.6192,0.3268
293,2,191.968,10,0.6989,0.2336
446,80,288.708,7,0.9063,0.1122
804,66,333.433,10,0.5413,0.0326
61,67,232.476,18,0.4461,0.129
329,63,205.356,15,0.404,0.0916
230,188,178.02,14,0.5218,0.2294
806,87,497.053,7,0.6539,0.0316
470,162,220.58,7,0.9893,0.2332
87,47,500.119,11,0.4369,0.0
262,97,535.006,1,0.3342,0.006
45,13,514.388,3,0.4897,0.036
476,52,658.438,12,0.727,0.0228
998,15,687.252,16,0.968,0.1191
568,5,106.166,8,0.7732,0.3843
870,37,231.162,7,0.8506,0.1607
743,32,567.226,15,0.7327,0.1359
883,64,563.007,4,0.9744,0.0
312,149,51.544,2,0.7112,0.132
952,30,692.686,15,0.7746,0.0534
239,123,616.539,10,0.9886,0.0488
439,74,647.477,2,0.6904,0.0092
682,81,147.555,13,0.4658,0.1624
287,185,360.912,20,0.9647,0.4676
265,93,317.47,8,0.6858,0.1257
131,53,259.735,14,0.8655,0.3471
5,48,164.082,15,0.5818,0.2322
502,34,100.947,15,0.9724,0.7169
987,161,626.831,10,0.8516,0.0207
221,133,382.148,2,0.7438,0.0171
441,54,432.795,3,0.8359,0.0147
936,99,188.722,12,0.8735,0.4268
773,102,673.271,11,0.8982,0.0499
5,10,674.223,1,0.6888,0.0
501,182,483.608,5,0.792,0.0286
144,158,231.138,7,0.9782,0.2674
248,108,168.031,17,0.7007,0.4353
247,144,428.798,15,0.306,0.0333
613,22,599.757,18,0.3081,0.0089
199,196,696.245,5,0.8391,0.0
252,129,49.563,18,0.3322,0.2603
226,188,240.954,14,0.7779,0.3098
357,173,281.932,1,0.9237,0.0072
657,117,266.014,12,0.6926,0.183
400,58,480.965,6,0.4631,0.0
328,138,394.215,19,0.9501,0.4048
518,103,641.844,9,0.6541,0.0
616,82,160.626,10,0.4252,0.0962
16,143,287.819,19,0.5888,0.2126
891,178,389.864,7,0.8369,0.0423
917,35,588.185,13,0.7028,0.0709
603,111,592.821,18,0.6928,0.1455
575,156,618.818,12,0.329,0.0
695,66,374.017,10,0.5939,0.034
441,69,174.331,7,0.781,0.2063
366,2,523.041,6,0.4193,0.014
353,65,687.388,17,0.9872,0.1632
160,118,205.773,9,0.3188,0.0032
842,195,143.235,7,0.4838,0.0816
321,106,16.671,9,0.3247,0.2385
285,59,480.024,2,0.4791,0.0
965,163,392.638,5,0.5175,0.014
507,38,97.427,19,0.6361,0.4364
622,38,144.052,16,0.9044,0.6043
246,105,476.969,18,0.5102,0.0337
278,164,314.215,17,0.4415,0.0807
729,43,168.31,1,0.4428,0.0
451,4,436.39,9,0.3594,0.0
148,145,38.393,3,0.404,0.1425
836,118,12.158,1,0.5079,0.168
403,138,188.202,5,0.4614,0.0
669,80,208.809,3,0.3545,0.0066
342,24,75.593,19,0.9713,0.811
561,67,83.146,11,0.3542,0.2182
776,94,121.234,19,0.8163,0.5508
886,87,521.856,6,0.4861,0.0003
208,178,580.536,11,0.687,0.0926
673,45,131.165,7,0.301,0.03
915,63,473.046,11,0.3051,0.0082
643,37,168.613,11,0.5359,0.1242
144,115,633.702,1,0.7928,0.0
190,162,193.994,14,0.9807,0.5464
203,177,93.871,5,0.6164,0.1208
107,46,316.466,4,0.776,0.0343
754,86,111.456,20,0.6968,0.4735
966,148,143.225,14,0.9576,0.6446
517,10,244.456,2,0.693,0.0
599,143,475.888,3,0.4921,0.0151
774,27,84.577,2,0.7936,0.1095
416,7,204.916,12,0.9019,0.382
473,23,618.093,14,0.8939,0.1348
590,177,197.477,14,0.8613,0.4306
305,137,121.697,1,0.3645,0.0
62,158,384.437,6,0.6256,0.0
568,139,24.471,4,0.6002,0.3894
823,160,578.943,17,0.9891,0.2392
74,100,160.561,3,0.4032,0.0185
217,162,96.091,16,0.6213,0.4122
263,12,582.002,5,0.8116,0.0192
805,117,606.862,18,0.3451,0.0112
505,152,529.139,7,0.9253,0.0312
535,199,169.292,7,0.7946,0.1913
646,72,379.669,11,0.3956,0.0
277,36,697.743,19,0.7797,0.1121
714,145,344.253,9,0.7456,0.1027
31,15,683.766,10,0.3847,0.0311
114,156,487.147,8,0.9752,0.0868
816,141,608.475,7,0.6551,0.0209
659,139,138.932,20,0.6748,0.464
177,59,667.286,13,0.7787,0.0449
439,25,614.481,20,0.4407,0.0484
52,122,565.343,18,0.7157,0.1327
672,73,677.71,9,0.5282,0.0207
756,79,568.098,18,0.9159,0.2238
279,38,415.47,3,0.9272,0.0148
351,67,467.233,5,0.8296,0.0126
237,167,591.133,10,0.4188,0.0
390,179,539.519,4,0.6299,0.0364
273,70,426.294,1,0.9738,0.0255
248,29,430.818,9,0.5532,0.0205
431,7,633.863,2,0.5272,0.0196
860,38,7.631,19,0.453,0.4238
763,2,517.068,11,0.3504,0.0
298,134,407.493,20,0.3531,0.0222
943,129,603.653,13,0.4224,0.0004
211,157,148.312,6,0.5881,0.1032
911,67,378.485,14,0.6931,0.1034
310,167,92.34,2,0.671,0.0
541,34,474.92,11,0.5985,0.0
204,47,550.031,15,0.9085,0.1489
763,184,449.132,9,0.8793,0.1141
318,177,399.658,5,0.5745,0.0
873,120,247.561,19,0.6564,0.304
83,122,460.825,5,0.9199,0.0
503,141,647.694,6,0.4311,0.0
159,165,519.56,15,0.547,0.0442
889,47,17.015,6,0.7197,0.6122
418,14,366.525,5,0.6126,0.0208
675,38,530.352,3,0.6905,0.0
880,72,363.245,16,0.3283,0.0692
536,48,425.976,3,0.6429,0.0229
58,105,656.385,19,0.9703,0.203
221,28,629.307,3,0.9586,0.0183
213,116,59.006,4,0.7866,0.3923
915,143,367.843,20,0.9539,0.5079
909,20,448.257,11,0.83,0.1296
477,58,613.537,15,0.4319,0.0042
891,108,191.528,15,0.7807,0.3894
247,14,101.125,6,0.9931,0.4609
680,134,430.153,11,0.7585,0.1177
392,151,336.947,10,0.864,0.1829
241,73,185.919,19,0.7863,0.4834
251,2,678.937,17,0.3261,0.0109
420,101,228.982,2,0.3129,0.0
340,174,40.278,13,0.8222,0.6786
212,59,42.806,20,0.5142,0.3623
335,170,145.179,10,0.6365,0.2572
129,175,84.491,12,0.5304,0.2878
970,57,284.479,16,0.4388,0.079
380,120,58.394,5,0.5136,0.1936
108,9,404.258,6,0.6064,0.0528
576,111,294.337,13,0.5047,0.0642
884,176,430.707,20,0.976,0.3782
360,189,712.256,14,0.961,0.0814
846,40,714.173,16,0.3763,0.0
611,133,300.552,1,0.4655,0.0
740,14,264.595,2,0.3849,0.0
297,56,490.877,17,0.7152,0.1399
37,168,265.045,16,0.6815,0.2064
346,129,560.474,2,0.3896,0.0
925,79,433.384,8,0.7546,0.0449
791,193,144.031,5,0.5469,0.0288
785,152,298.973,13,0.6287,0.134
879,5,621.902,12,0.8078,0.0614
374,16,398.638,1,0.3195,0.0
323,126,511.287,16,0.9205,0.2091
926,176,511.238,4,0.3792,0.0037
572,32,347.411,13,0.6791,0.1095
298,108,213.106,17,0.96,0.604
279,164,429.566,13,0.9675,0.215
878,173,81.845,20,0.8247,0.6946
54,129,430.308,10,0.7462,0.0859
62,200,74.42,6,0.6544,0.2456
738,188,649.344,11,0.4113,0.0
2,167,535.716,15,0.6428,0.0724
172,134,130.881,9,0.5337,0.2258
991,198,565.063,2,0.9357,0.0194
426,4,522.751,6,0.3097,0.033
728,18,524.616,11,0.7224,0.0398
488,103,241.735,8,0.8867,0.2544
91,135,376.612,19,0.3319,0.0577
185,181,421.965,18,0.7038,0.0945
762,136,271.736,13,0.6795,0.1772
95,47,403.707,8,0.3391,0.0
595,182,176.07,4,0.7931,0.0514
349,17,629.98,16,0.591,0.0421
371,19,691.462,20,0.6105,0.0969
953,144,235.584,13,0.3374,0.0315
606,193,246.855,1,0.5751,0.0
616,101,156.063,5,0.3708,0.0179
351,27,622.709,12,0.8025,0.0641
382,10,118.039,4,0.8471,0.2068
686,196,575.279,12,0.4148,0.0
39,56,599.36,3,0.3797,0.0318
238,128,228.02,9,0.9787,0.2931
601,66,559.402,10,0.6148,0.0
624,43,326.413,13,0.8165,0.2461
93,134,251.212,5,0.4598,0.037
788,148,643.286,12,0.4134,0.0
543,95,326.813,6,0.5162,0.0
238,102,40.238,9,0.8227,0.6403
752,98,457.038,17,0.6702,0.0978
991,119,473.933,2,0.8845,0.0
424,162,457.131,10,0.3073,0.0
284,143,259.749,19,0.6848,0.2748
300,56,488.763,7,0.5989,0.0
593,50,209.942,9,0.4138,0.0419
48,135,334.609,4,0.5502,0.0196
484,130,156.42,4,0.6434,0.0495
25,74,441.735,9,0.5698,0.0152
39,168,583.655,12,0.936,0.1004
431,84,70.771,6,0.5592,0.2096
746,68,19.935,12,0.9123,0.8423
884,112,548.136,1,0.7088,0.0127
88,39,232.812,11,0.8721,0.3289
245,140,233.492,18,0.7138,0.3177
422,180,406.83,15,0.8454,0.2189
575,190,350.708,12,0.4518,0.0502
988,90,87.962,20,0.3661,0.2298
685,54,547.633,17,0.73,0.0982
539,96,127.327,2,0.481,0.0
61,21,594.827,15,0.6265,0.0
81,134,550.448,15,0.4689,0.051
154,86,120.82,1,0.7486,0.0583
661,25,546.035,9,0.8077,0.0538
332,110,476.046,14,0.6527,0.053
241,144,706.92,14,0.5555,0.0047
671,46,512.661,3,0.7276,0.0
816,81,281.261,5,0.8912,0.0562
440,179,446.631,2,0.5106,0.0079
882,142,476.717,11,0.3937,0.0154
735,160,536.995,1,0.7017,0.0
717,90,337.676,13,0.6064,0.1099
868,99,596.026,17,0.6801,0.0124
184,100,206.955,16,0.6194,0.2957
759,91,693.623,12,0.7249,0.0
958,29,223.855,14,0.9667,0.4868
993,9,27.514,16,0.4513,0.3977
579,167,144.497,16,0.4698,0.2163
755,108,667.793,13,0.9986,0.13
889,107,568.942,20,0.9855,0.3286
853,120,316.627,3,0.623,0.0
898,83,651.759,10,0.6374,0.0146
833,179,177.952,13,0.6958,0.2906
382,94,168.545,17,0.6895,0.4071
731,101,93.285,3,0.8081,0.1589
411,107,318.83,7,0.6676,0.0357
802,32,370.413,2,0.8145,0.0
811,35,104.929,7,0.8377,0.4059
935,37,82.959,7,0.5409,0.2147
589,51,281.43,7,0.7847,0.0904
476,32,167.869,2,0.6797,0.0
166,45,413.683,12,0.9694,0.2136
639,188,377.759,15,0.6791,0.1471
567,73,117.407,5,0.8465,0.2917
515,159,10.053,13,0.3793,0.3571
677,79,464.426,8,0.751,0.0178
852,165,556.591,14,0.3788,0.0
149,151,351.812,10,0.7692,0.154
432,169,414.573,19,0.5286,0.0563
723,58,692.451,15,0.7444,0.0224
820,20,552.863,8,0.6039,0.0
779,62,240.676,10,0.8735,0.2929
800,141,612.292,12,0.3859,0.0
856,131,395.14,3,0.4704,0.0
962,141,376.032,8,0.597,0.0463
609,199,498.302,6,0.5451,0.0
249,45,309.514,3,0.3639,0.0172
564,89,634.216,5,0.6017,0.0309
710,99,120.861,17,0.7019,0.4784
101,30,304.067,17,0.8136,0.3309
757,133,47.169,12,0.439,0.3201
545,10,508.031,13,0.4983,0.0845
937,180,194.977,13,0.6142,0.223
212,18,306.593,14,0.8874,0.3184
907,23,638.238,6,0.5631,0.0535
449,35,134.532,12,0.808,0.4389
574,179,2.12,17,0.9186,0.9072
661,173,416.457,1,0.429,0.0458
580,185,315.314,11,0.7499,0.1765
904,167,40.044,3,0.4233,0.0826
168,185,213.649,2,0.8597,0.0078
730,95,172.537,13,0.553,0.2217
975,1,188.015,7,0.7341,0.158
221,88,568.662,11,0.9484,0.095
256,45,219.767,10,0.4745,0.0361
476,49,352.786,12,0.7448,0.1601
725,139,191.542,7,0.6806,0.1799
959,34,684.414,11,0.7628,0.0357
796,65,557.547,3,0.3713,0.0241
795,79,305.052,5,0.3716,0.0
442,13,523.565,7,0.8918,0.0006
646,141,227.017,11,0.5008,0.0703
212,153,59.664,1,0.7765,0.0392
464,112,310.261,18,0.7852,0.3176
189,6,406.719,5,0.4307,0.0
28,158,251.861,17,0.5817,0.1926
857,90,289.407,13,0.3815,0.0348
805,54,514.532,7,0.376,0.0088
511,190,644.774,11,0.92,0.0665
15,172,643.809,6,0.7545,0.0241
91,89,414.71,8,0.5288,0.0
112,89,453.418,17,0.6913,0.1844
718,183,383.858,20,0.7335,0.1962
204,39,267.604,10,0.3134,0.0361
251,82,531.606,1,0.5409,0.0338
862,115,80.541,9,0.7005,0.387
877,70,643.743,13,0.5471,0.0607
764,64,204.636,11,0.505,0.1053
310,22,157.943,13,0.6273,0.2757
580,54,197.639,3,0.8127,0.0504
201,72,584.53,11,0.8171,0.0578
858,168,193.97,9,0.715,0.192
85,68,439.063,6,0.8381,0.0138
745,33,247.402,20,0.3998,0.1154
512,170,472.782,11,0.4108,0.0
758,71,426.175,8,0.8324,0.0715
451,184,718.393,10,0.4913,0.0
159,22,224.233,13,0.4398,0.0748
752,5,252.186,3,0.3805,0.0
632,185,143.513,20,0.6066,0.3211
465,20,334.282,5,0.6803,0.0043
373,2,602.981,3,0.4982,0.0105
344,129,152.313,9,0.5503,0.1947
482,64,692.234,20,0.9766,0.261
262,97,9.967,8,0.4804,0.4316
283,82,579.805,12,0.588,0.0189
279,60,498.125,3,0.556,0.0
13,97,651.83,10,0.6985,0.0334
928,52,375.944,5,0.8777,0.0
237,45,490.454,1,0.9383,0.0
166,45,36.061,12,0.5838,0.4336
152,24,284.239,11,0.5924,0.0936
989,106,555.018,15,0.7019,0.083
477,110,78.912,20,0.9199,0.7407
327,4,563.435,16,0.356,0.0
404,92,222.303,18,0.9808,0.5947
89,148,254.476,11,0.8377,0.259
314,1,466.286,19,0.6204,0.0958
249,61,56.739,2,0.7284,0.1283
804,193,449.918,16,0.9741,0.31
59,86,657.924,5,0.4403,0.0147
426,4,67.963,20,0.9593,0.8242
791,106,182.532,15,0.4307,0.1062
834,83,10.344,4,0.9738,0.84
513,43,373.194,6,0.31,0.0
223,15,526.426,2,0.7961,0.0
337,177,667.044,14,0.3214,0.0163
223,163,265.297,5,0.6233,0.0
663,137,107.527,13,0.3048,0.0729
293,4,21.426,2,0.3299,0.062
631,175,234.342,11,0.8537,0.2907
656,95,369.048,5,0.944,0.0624
940,96,648.606,7,0.7987,0.0
371,176,156.237,9,0.8885,0.3786
962,87,562.645,2,0.4089,0.0
401,48,346.522,8,0.719,0.0816
681,48,624.691,15,0.6484,0.0435
662,186,621.475,7,0.8996,0.0
818,109,617.611,5,0.6891,0.0
470,116,289.268,10,0.9411,0.2715
793,119,249.598,6,0.9365,0.174
356,45,149.644,18,0.5404,0.2689
492,84,164.855,3,0.822,0.0673
500,191,443.877,10,0.9193,0.1322
705,30,692.617,15,0.5559,0.0645
619,191,436.487,8,0.8422,0.0318
79,55,297.162,20,0.3004,0.083
810,60,174.923,20,0.5988,0.3453
759,3,469.592,10,0.746,0.0314
105,133,152.275,15,0.5552,0.2758
962,64,67.684,8,0.9185,0.6065
661,92,67.802,20,0.7566,0.6335
85,117,612.406,11,0.6754,0.0365
492,127,275.533,13,0.9059,0.3261
837,192,677.075,8,0.8248,0.057
280,112,357.906,9,0.4704,0.0135
933,36,498.039,7,0.8613,0.0288
419,141,595.492,6,0.6595,0.0215
227,12,629.695,20,0.4437,0.0416
357,169,117.454,7,0.9836,0.5055
525,60,156.397,19,0.5801,0.3389
689,145,108.491,1,0.325,0.0539
928,32,321.074,13,0.9448,0.3241
195,82,112.047,17,0.3889,0.1969
961,140,468.798,1,0.6191,0.0335
528,125,261.554,2,0.6626,0.0004
128,2,694.149,8,0.8323,0.0
927,7,588.034,7,0.3548,0.0
350,197,521.62,4,0.824,0.0
621,106,496.029,11,0.791,0.116
699,172,28.996,12,0.5137,0.403
14,15,60.712,18,0.8553,0.6959
222,99,311.404,8,0.4273,0.0313
687,116,658.627,16,0.9765,0.2199
325,185,68.153,9,0.9535,0.6492
10,143,302.79,16,0.7625,0.3236
24,126,571.722,19,0.5395,0.029
827,59,230.591,9,0.5961,0.0538
154,199,669.191,19,0.8339,0.1062
101,66,673.017,12,0.4454,0.0039
563,56,41.493,6,0.5182,0.2866
119,145,444.002,18,0.6093,0.1105
654,200,105.239,13,0.8479,0.5559
545,172,317.807,12,0.4012,0.0
649,37,646.47,18,0.381,0.0243
492,164,53.288,14,0.9325,0.7731
779,71,674.931,20,0.9763,0.2594
645,45,716.014,1,0.6749,0.0169
416,188,482.742,15,0.7978,0.1395
16,190,256.837,10,0.4355,0.0241
274,75,181.104,2,0.9065,0.0
132,6,311.761,8,0.9071,0.1722
16,42,129.885,14,0.4074,0.1622
274,109,14.931,2,0.8187,0.5717
207,12,45.64,10,0.4457,0.2679
77,46,477.935,14,0.6152,0.0611
313,30,15.434,6,0.5315,0.4032
507,191,217.402,18,0.9096,0.4971
179,72,487.162,18,0.6255,0.136
274,77,126.253,13,0.8753,0.5423
21,85,239.573,13,0.7253,0.2478
51,3,23.122,6,0.6407,0.4614
158,109,81.388,19,0.7702,0.5863
453,183,163.053,10,0.3022,0.0032
667,163,91.284,2,0.6791,0.0335
789,51,340.147,7,0.4334,0.0
630,3,91.839,16,0.8486,0.6314
617,155,220.078,12,0.9064,0.4032
936,169,521.107,12,0.8232,0.1271
256,185,470.947,14,0.9573,0.2328
799,116,276.068,7,0.4006,0.0
937,95,670.418,6,0.4525,0.0
568,152,566.907,18,0.7987,0.129
841,139,437.364,10,0.3959,0.0076
138,152,314.762,16,0.6572,0.2139
879,57,43.696,13,0.7786,0.6743
565,181,297.548,12,0.4468,0.096
222,8,392.819,11,0.5811,0.0421
62,19,713.537,20,0.8675,0.1428
720,131,685.181,12,0.5539,0.0059
431,115,81.236,16,0.7836,0.5525
311,111,705.082,5,0.9669,0.0017
391,182,543.447,10,0.8345,0.0462
992,175,491.153,11,0.856,0.0671
428,144,650.612,2,0.5202,0.032
79,33,234.377,20,0.4176,0.111
280,20,287.798,13,0.8191,0.2532
146,28,627.146,3,0.6118,0.0
686,123,75.322,9,0.7855,0.5076
801,143,510.741,20,0.514,0.1134
841,160,583.167,12,0.446,0.0098
633,21,637.303,5,0.6514,0.0274
769,55,158.195,1,0.3809,0.0
418,68,489.218,9,0.6955,0.0432
628,127,62.174,17,0.4711,0.3219
107,10,619.962,6,0.4047,0.0
539,169,347.155,17,0.6361,0.1776
558,17,449.587,12,0.7129,0.1148
32,105,613.065,16,0.856,0.1108
549,187,364.584,19,0.4993,0.1085
723,39,366.48,16,0.7023,0.1311
368,138,334.82,14,0.7069,0.1454
545,110,432.699,4,0.4165,0.065
287,164,516.614,15,0.3139,0.0
271,118,579.819,11,0.7245,0.0192
130,170,21.944,5,0.6768,0.5322
328,81,250.942,16,0.9629,0.4617
804,33,311.704,19,0.7188,0.293
936,136,71.51,13,0.4401,0.277
636,194,541.292,18,0.8206,0.1697
625,87,376.709,11,0.3152,0.0396
614,164,1.855,18,0.793,0.7489
476,176,454.772,8,0.8688,0.0475
424,130,244.426,1,0.4192,0.033
621,159,523.472,14,0.4922,0.0441
785,113,129.791,7,0.3674,0.0332
414,161,1.37,1,0.4379,0.3674
566,68,62.97,11,0.4765,0.2946
471,106,317.368,1,0.4959,0.0
286,16,538.693,11,0.6199,0.0234
291,40,435.016,9,0.9615,0.1253
79,116,11.268,6,0.3514,0.262
440,145,426.162,11,0.5386,0.0266
713,6,347.424,9,0.453,0.0131
686,14,573.614,7,0.8276,0.0
986,2,185.171,2,0.9543,0.015
40,104,517.771,14,0.6035,0.0115
761,68,455.063,2,0.9306,0.0
796,11,448.742,19,0.9001,0.2886
437,159,292.297,17,0.5502,0.1875
283,106,9.744,3,0.3716,0.2796
358,3,135.509,8,0.9787,0.5141
683,138,607.938,10,0.8667,0.0315
863,183,444.319,12,0.8031,0.1104
643,84,416.472,19,0.6094,0.1427
515,190,378.735,1,0.4476,0.0024
653,84,55.852,20,0.5354,0.4587
71,16,250.648,13,0.6217,0.1876
609,25,445.978,10,0.7397,0.0829
43,14,90.833,7,0.3792,0.084
960,61,663.155,16,0.8008,0.1117
890,77,52.77,1,0.8092,0.0413
509,89,489.606,4,0.9925,0.0657
375,97,217.244,18,0.8451,0.4583
733,173,621.914,17,0.9929,0.2175
638,3,595.409,10,0.3447,0.0195
706,180,240.246,20,0.9501,0.6211
516,48,332.991,8,0.8584,0.1407
237,191,690.581,7,0.6965,0.0
74,28,437.885,3,0.5472,0.0268
284,21,4.819,5,0.4012,0.3232
529,25,559.725,5,0.3481,0.0
425,60,260.465,3,0.552,0.0
507,189,198.967,20,0.587,0.2792
278,93,599.225,9,0.8303,0.0488
938,34,696.636,20,0.4788,0.0506
367,129,45.138,7,0.4954,0.3194
847,102,281.361,18,0.4291,0.0814
391,141,201.755,10,0.9659,0.3683
444,149,646.434,5,0.4046,0.0122
604,158,624.807,11,0.6675,0.0248
264,31,648.854,5,0.5512,0.0
220,100,31.194,18,0.6975,0.6199
380,127,36.554,7,0.3064,0.1249
805,112,397.233,18,0.9025,0.2723
145,195,120.586,15,0.5822,0.3314
438,193,81.558,9,0.4826,0.2045
673,163,187.828,10,0.519,0.0993
707,49,510.914,16,0.9775,0.2524
435,106,483.755,1,0.5581,0.0
82,161,565.446,12,0.6292,0.0
16,54,45.651,15,0.9047,0.7923
470,143,551.934,15,0.9968,0.2277
811,50,353.499,18,0.9812,0.4599
29,29,225.7,15,0.3942,0.0855
888,48,439.6,9,0.6905,0.0506
676,186,575.762,17,0.7191,0.1033
9,200,75.238,4,0.848,0.3584
344,172,581.347,4,0.6393,0.0
221,55,410.212,1,0.63,0.0
950,156,446.629,16,0.5516,0.0642
555,44,632.906,7,0.8115,0.0075
325,26,511.336,5,0.7578,0.0
279,52,420.346,4,0.9889,0.0
564,28,242.268,14,0.7108,0.2346
6,129,367.668,10,0.9432,0.1673
258,137,602.41,20,0.9772,0.2787
166,8,716.839,14,0.3261,0.0
621,22,544.551,12,0.3264,0.0583
670,96,569.022,4,0.9873,0.0
468,23,503.731,18,0.7196,0.1014
141,166,552.321,7,0.4982,0.0
371,81,175.468,17,0.609,0.2967
843,83,305.448,1,0.6105,0.0
204,2,400.539,15,0.3728,0.0138
164,141,395.839,16,0.9375,0.3018
112,145,430.234,2,0.5249,0.0022
817,152,700.958,15,0.6843,0.0365
120,109,615.867,1,0.9087,0.0099
582,54,596.126,11,0.9226,0.1209
1000,16,597.951,19,0.4309,0.0102
642,64,571.303,8,0.4186,0.0
413,109,489.187,14,0.3966,0.0328
207,24,185.082,4,0.4638,0.0167
2,11,616.224,11,0.5238,0.003
156,44,201.766,10,0.8094,0.2908
953,15,522.057,1,0.4063,0.0
144,3,80.353,17,0.4519,0.3256
20,98,394.267,3,0.5644,0.0233
817,150,229.877,2,0.3163,0.0062
419,100,507.357,14,0.4764,0.0116
357,19,615.879,17,0.6251,0.0116
718,68,11.672,5,0.6897,0.6183
524,8,82.755,14,0.744,0.5365
915,125,666.409,8,0.5747,0.0257
468,47,172.655,16,0.6938,0.3272
713,78,526.303,17,0.9017,0.2115
879,181,585.127,12,0.8079,0.0593
464,118,533.326,7,0.7023,0.0
285,153,23.601,8,0.8436,0.6915
975,70,529.637,11,0.5053,0.0161
227,187,692.351,4,0.9698,0.0654
40,143,265.847,2,0.7828,0.0328
579,104,511.529,14,0.7702,0.0611
987,116,199.42,10,0.8497,0.3243
87,125,718.169,11,0.3027,0.0
850,33,150.401,15,0.399,0.1562
831,51,220.355,10,0.7012,0.1921
929,138,121.308,5,0.7255,0.1642
422,89,687.75,1,0.9279,0.0207
255,157,411.641,12,0.6726,0.0818
513,106,178.206,12,0.4878,0.1434
143,14,97.277,12,0.6424,0.3796
843,133,629.924,2,0.5209,0.0002
664,122,45.584,17,0.7763,0.6745
484,73,463.328,19,0.7284,0.2135
516,159,439.488,8,0.4326,0.0244
713,71,555.806,1,0.5599,0.0294
524,23,491.088,18,0.7737,0.1271
840,25,602.344,13,0.961,0.1397
925,181,27.864,10,0.577,0.4456
950,76,310.095,4,0.8055,0.0192
621,83,58.755,1,0.5953,0.0393
743,62,292.054,5,0.5665,0.0
312,148,404.014,2,0.7432,0.0059
39,122,427.721,4,0.9723,0.0
401,180,665.871,19,0.5253,0.0577
872,179,663.679,14,0.6107,0.0294
134,198,223.391,2,0.3378,0.0
546,66,503.48,16,0.7407,0.12
193,117,513.293,16,0.5628,0.0595
430,70,689.171,4,0.3838,0.0432
144,141,60.891,20,0.7338,0.624
735,150,444.541,3,0.776,0.0128
811,51,293.526,17,0.3865,0.0843
759,172,250.403,7,0.7196,0.0864
705,59,444.787,9,0.8908,0.0636
236,197,201.627,9,0.679,0.1745
531,171,26.306,5,0.8576,0.687
105,4,560.122,17,0.6447,0.0748
375,80,62.951,4,0.4626,0.0861
506,78,236.639,13,0.4081,0.0805
669,165,428.549,8,0.4612,0.048
97,145,449.278,20,0.749,0.2162
813,11,479.878,10,0.5043,0.0
459,169,716.045,18,0.6828,0.0866
882,44,289.298,10,0.8626,0.2365
528,74,99.427,15,0.3691,0.1894
548,35,99.754,13,0.3821,0.1716
693,32,367.624,8,0.8156,0.0826
820,106,276.601,16,0.3211,0.073
158,17,657.521,7,0.4449,0.0184
512,17,368.115,4,0.6024,0.0
30,158,325.681,14,0.9772,0.3728
475,69,620.966,7,0.6668,0.0
814,130,573.3,15,0.3998,0.0025
866,198,514.136,15,0.7085,0.0888
284,11,379.932,15,0.5635,0.1044
387,159,169.347,18,0.3407,0.1029
552,22,408.798,16,0.6527,0.1269
396,153,83.793,17,0.745,0.5712
179,62,386.737,19,0.9723,0.4261
305,28,613.112,20,0.8078,0.1979
405,46,371.052,1,0.8464,0.0
519,73,49.769,16,0.9383,0.831
921,146,23.033,18,0.5264,0.4907
545,137,619.622,20,0.6958,0.1134
388,146,161.872,5,0.9799,0.2046
661,5,378.74,19,0.687,0.2045
774,196,559.4,20,0.3914,0.025
431,87,182.685,14,0.9707,0.587
490,23,531.093,8,0.547,0.0341
218,186,54.673,15,0.4765,0.3628
865,159,539.127,3,0.7413,0.0603
867,17,46.541,7,0.5468,0.3434
175,88,199.902,12,0.5879,0.1688
347,182,185.199,18,0.451,0.1983
272,137,641.873,10,0.3265,0.0
923,39,385.058,14,0.351,0.0243
66,141,607.093,12,0.4939,0.0
208,38,419.45,18,0.596,0.1037
315,71,581.068,18,0.8786,0.1533
561,40,397.19,5,0.45,0.0009
249,139,324.213,10,0.758,0.1114
537,187,473.915,8,0.9482,0.1274
748,9,206.6,14,0.5845,0.2352
829,121,661.531,2,0.9852,0.0
100,50,653.904,5,0.7462,0.0
139,151,52.831,19,0.9699,0.8436
96,28,660.129,16,0.5065,0.0
910,74,131.352,17,0.7585,0.4729
653,42,490.676,13,0.4112,0.0073
532,175,592.724,16,0.9394,0.1654
791,17,174.071,10,0.5364,0.1128
587,117,81.556,9,0.411,0.1956
236,25,544.571,9,0.6705,0.0019
511,120,318.828,1,0.4171,0.0
704,154,350.669,7,0.496,0.0485
37,151,548.659,20,0.5671,0.1222
607,7,183.106,16,0.4028,0.146
498,155,70.401,8,0.3282,0.1132
70,60,689.594,3,0.5624,0.0
264,137,503.905,5,0.4451,0.0264
449,193,469.711,13,0.77,0.096
343,24,240.052,18,0.3002,0.0113
291,73,716.91,7,0.7534,0.0
650,174,160.621,5,0.6804,0.0674
405,29,128.642,9,0.6663,0.2524
498,53,229.505,4,0.6554,0.0521
799,110,532.178,10,0.6796,0.0626
94,200,171.029,10,0.6546,0.2029
360,59,225.532,7,0.6125,0.0518
74,78,381.567,10,0.5379,0.0064
928,160,468.136,12,0.5542,0.0734
186,24,107.861,18,0.3679,0.2255
820,66,471.513,16,0.576,0.052
191,64,274.669,20,0.6433,0.2918
325,81,249.559,12,0.8343,0.3018
609,115,57.353,6,0.6067,0.3253
832,45,701.265,2,0.839,0.0157
178,79,499.2,5,0.8455,0.0009
214,184,72.365,8,0.5287,0.2517
882,166,264.007,10,0.6473,0.1597
322,192,58.109,12,0.5281,0.3608
210,137,390.132,9,0.3507,0.0122
744,117,504.255,7,0.8983,0.0789
92,43,41.189,17,0.8744,0.7924
867,32,664.0,13,0.3594,0.0035
876,108,269.69,2,0.7582,0.0
857,81,169.434,11,0.8916,0.4166
296,158,93.931,4,0.328,0.0239
115,2,105.279,16,0.5734,0.3403
426,179,611.929,5,0.4709,0.0
335,35,345.896,11,0.6326,0.0351
960,79,574.984,2,0.4077,0.0115
632,72,163.883,19,0.3238,0.0871
945,185,229.267,2,0.3147,0.0495
751,145,297.376,13,0.9641,0.3394
715,8,327.526,11,0.3469,0.0015
112,171,70.78,2,0.4527,0.0166
69,136,32.879,18,0.7382,0.6568
47,14,717.047,9,0.747,0.0
594,157,480.078,17,0.3671,0.0172
202,7,39.907,10,0.6818,0.5472
990,86,556.361,4,0.621,0.0
133,33,260.321,6,0.4566,0.0034
947,3,573.553,3,0.8637,0.0
668,112,683.883,9,0.9759,0.0183
107,138,19.619,13,0.5061,0.4323
59,96,694.309,11,0.4442,0.04
396,69,119.765,7,0.5549,0.1659
339,103,214.359,8,0.9181,0.2938
316,31,451.587,11,0.8361,0.0958
529,10,515.611,6,0.8259,0.0354
130,32,122.981,15,0.932,0.6759
130,11,98.946,7,0.4626,0.121
695,154,206.67,18,0.9045,0.5981
991,122,234.769,5,0.9421,0.0957
274,38,229.461,4,0.7874,0.0096
932,114,123.759,19,0.5848,0.3482
345,97,698.996,2,0.9355,0.0
336,23,574.713,1,0.325,0.0193
91,195,705.625,5,0.4987,0.0
424,188,75.082,4,0.3671,0.0
498,152,54.878,12,0.5685,0.3933
664,162,386.134,18,0.8187,0.2674
159,110,442.61,2,0.5811,0.0103
189,161,457.496,11,0.691,0.0
433,106,67.598,7,0.5893,0.2899
70,34,607.611,16,0.3231,0.0014
144,34,352.849,7,0.3445,0.0024
630,171,265.376,7,0.3314,0.0211
954,90,363.443,3,0.8668,0.0
573,146,29.611,1,0.3583,0.0082
145,29,155.248,20,0.5326,0.2925
991,90,718.914,9,0.6895,0.0
522,17,398.066,18,0.6748,0.1827
717,45,57.01,20,0.7307,0.5978
197,22,211.195,12,0.668,0.2349
579,42,133.445,11,0.6453,0.2888
77,122,665.822,18,0.7692,0.1231
626,2,580.568,15,0.5043,0.0496
203,39,393.997,6,0.6194,0.0293
910,139,685.307,20,0.6023,0.0237
55,30,268.78,17,0.5483,0.1488
653,112,622.844,1,0.9978,0.0059
140,174,336.896,14,0.9321,0.3094
688,157,611.091,1,0.7727,0.0
494,25,648.545,5,0.8178,0.0226
968,30,333.603,13,0.9108,0.2547
652,142,128.572,14,0.5511,0.2345
372,70,138.913,5,0.6708,0.0953
88,84,208.337,11,0.5476,0.1384
596,96,160.906,2,0.9244,0.061
442,116,279.848,10,0.7254,0.1916
53,90,365.057,6,0.6929,0.0115
582,5,63.178,19,0.616,0.4679
210,19,654.988,16,0.7007,0.0621
235,1,2.25,8,0.503,0.4953
9,53,100.0,9,0.6603,0.2849
373,164,6.551,19,0.4442,0.3841
219,195,710.307,18,0.4691,0.0
72,96,295.963,17,0.4265,0.1084
435,6,141.54,11,0.4372,0.1219
221,15,85.884,9,0.6341,0.3251
135,164,267.011,13,0.3411,0.0403
467,69,702.659,16,0.5321,0.044
64,177,395.308,3,0.6354,0.0
991,102,255.36,3,0.4047,0.0034
471,176,262.787,9,0.5488,0.0653
997,28,84.924,11,0.682,0.4472
882,172,372.487,4,0.934,0.0144
980,110,305.706,2,0.5258,0.0
543,88,524.908,11,0.3036,0.0
424,106,138.606,4,0.7721,0.1277
720,66,99.314,3,0.9712,0.2314
81,121,418.861,8,0.9919,0.0932
841,155,534.374,19,0.6241,0.0625
324,163,358.451,2,0.4232,0.028
8,196,568.929,10,0.7716,0.0538
238,83,605.662,18,0.8652,0.172
243,154,660.015,1,0.6895,0.0
15,178,272.6,18,0.5461,0.1891
669,4,651.176,16,0.5337,0.0082
96,95,510.664,1,0.609,0.0
847,141,450.125,9,0.4428,0.0266
454,92,398.941,2,0.5974,0.0
719,21,14.688,8,0.8763,0.7969
340,132,403.658,19,0.6887,0.2097
132,82,560.984,17,0.4786,0.0308
181,124,711.631,1,0.7899,0.0175
646,1,312.126,17,0.5447,0.1606
717,3,712.919,20,0.431,0.0
268,121,123.598,13,0.335,0.1026
358,197,689.925,12,0.9067,0.063
946,128,424.757,14,0.6935,0.1095
852,189,477.219,12,0.3208,0.0185
414,170,413.263,5,0.6462,0.019
241,57,707.658,1,0.4996,0.025
302,21,32.372,1,0.4828,0.0046
539,112,295.83,8,0.9468,0.1936
567,125,630.23,15,0.9698,0.1324
185,155,120.723,17,0.8172,0.5793
66,105,410.323,5,0.4737,0.0409
496,185,377.214,7,0.3693,0.0384
798,169,581.446,1,0.3382,0.0
153,118,661.183,19,0.3338,0.0
409,111,186.732,4,0.9809,0.1456
162,4,499.217,11,0.4221,0.0
243,157,394.562,2,0.8118,0.0313
613,137,477.375,17,0.5196,0.0735
287,180,144.672,18,0.8353,0.5719
264,19,196.689,16,0.8715,0.4578
996,30,396.115,4,0.4842,0.0198
173,135,2.619,10,0.5366,0.5403
190,98,515.968,20,0.6466,0.1211
930,118,116.748,17,0.3363,0.1069
551,87,670.572,4,0.3169,0.0372
44,129,619.707,18,0.8708,0.139
425,132,449.001,10,0.6192,0.0
566,38,641.616,20,0.6488,0.0947
254,153,710.823,9,0.7252,0.0333
549,99,558.081,2,0.5302,0.0
649,116,451.362,10,0.8337,0.0636
251,124,323.758,17,0.3159,0.0337
813,149,585.858,17,0.3892,0.057
453,61,507.342,14,0.9495,0.2366
964,2,340.564,18,0.9134,0.4084
88,37,360.275,15,0.3536,0.0284
325,194,165.219,12,0.688,0.2933
722,45,567.891,19,0.8132,0.1694
895,50,632.459,6,0.48,0.0
222,172,12.36,1,0.3112,0.0638
981,48,81.011,19,0.7618,0.5917
194,93,713.694,16,0.8423,0.0858
417,75,128.648,16,0.8126,0.5224
315,133,530.432,8,0.4186,0.0
425,119,346.466,11,0.6968,0.1035
903,103,375.612,13,0.4594,0.0394
733,101,78.478,13,0.7301,0.5309
797,167,99.681,5,0.6375,0.2466
254,117,416.307,8,0.699,0.0624
947,102,272.205,6,0.5203,0.0422
436,178,574.274,9,0.6689,0.0455
652,19,699.838,13,0.6608,0.0347
698,167,584.962,6,0.4202,0.0
663,40,292.557,8,0.3133,0.0156
602,67,347.429,8,0.7614,0.0628
481,3,113.237,6,0.4707,0.0749
648,115,501.05,17,0.6716,0.0704
906,167,322.374,1,0.3125,0.0
390,77,617.388,12,0.4871,0.0011
511,133,469.635,4,0.3283,0.0071
181,79,123.206,10,0.5061,0.1842
356,152,296.202,13,0.811,0.2409
773,200,487.565,10,0.739,0.0598
641,144,617.775,9,0.4151,0.0183
212,69,252.905,12,0.3849,0.0528
547,165,482.201,1,0.3826,0.0146
812,8,125.4,19,0.8947,0.6772
125,198,651.441,8,0.4993,0.0
62,168,414.335,1,0.9967,0.0094
393,131,553.508,8,0.6884,0.0
657,125,286.035,8,0.9992,0.2708
314,51,677.219,5,0.4685,0.0283
822,87,518.617,13,0.9642,0.1792
847,21,111.057,4,0.9459,0.2735
533,68,396.358,7,0.4195,0.0
379,118,196.026,1,0.9903,0.0
42,73,600.102,5,0.545,0.0
822,155,563.742,13,0.4033,0.0139
896,171,356.325,6,0.5553,0.0
443,113,217.736,16,0.3571,0.1098
517,69,614.008,11,0.7182,0.0135
754,61,612.423,5,0.7198,0.0585
696,110,364.017,6,0.5324,0.0
136,144,516.566,7,0.5199,0.0192
673,26,205.918,11,0.3252,0.0268
925,90,251.497,18,0.7661,0.3504
751,89,679.748,5,0.4754,0.0
481,58,530.251,20,0.6313,0.0896
524,48,52.391,14,0.6544,0.5223
260,169,329.839,12,0.8513,0.2028
661,87,285.238,7,0.7432,0.0811
242,116,166.697,8,0.9795,0.4135
342,8,716.361,16,0.7424,0.0638
266,57,98.202,20,0.5501,0.3663
336,45,226.615,11,0.9089,0.3881
367,66,611.153,2,0.6611,0.0
83,169,95.672,12,0.4314,0.2114
718,115,271.132,6,0.6956,0.0893
441,181,456.802,16,0.3859,0.0452
950,85,242.896,11,0.5417,0.0714
181,155,294.647,3,0.3214,0.0
670,33,396.307,5,0.3548,0.0
180,164,685.958,19,0.453,0.0
548,123,627.118,19,0.7354,0.0958
491,8,81.057,8,0.6453,0.2985
449,138,410.205,11,0.6031,0.0627
655,96,470.547,7,0.6999,0.0397
829,1,234.886,18,0.4368,0.1087
317,170,190.59,17,0.7776,0.4177
850,108,430.569,7,0.6809,0.0
185,122,299.077,5,0.3976,0.0148
294,116,651.694,4,0.6879,0.0
311,19,118.177,16,0.3789,0.1444
954,67,30.06,19,0.772,0.7269
119,141,647.774,11,0.4581,0.0319
396,68,645.262,10,0.3342,0.0029
425,178,300.366,8,0.4313,0.0
801,64,542.923,16,0.6381,0.0974
486,92,608.992,1,0.7981,0.0
967,90,183.894,7,0.5595,0.0476
741,4,471.373,13,0.5558,0.0268
704,163,530.879,3,0.6076,0.0068
753,28,257.716,8,0.9065,0.1951
162,94,681.143,13,0.8604,0.1005
450,182,696.366,7,0.9487,0.0182
587,199,350.701,6,0.8499,0.0494
209,47,55.182,15,0.6117,0.4426
119,76,661.698,19,0.7004,0.1215
136,114,376.78,5,0.6862,0.0033
790,140,100.386,6,0.992,0.4657
657,51,527.244,5,0.8162,0.0
282,110,494.907,6,0.6734,0.0385
738,167,101.128,19,0.7519,0.5661
696,153,198.258,16,0.9707,0.5649
817,165,622.336,17,0.4336,0.0
911,178,698.117,8,0.96,0.034
883,173,292.079,3,0.5469,0.0
182,103,97.335,3,0.5439,0.049
770,195,253.75,19,0.4573,0.1231
393,99,365.731,5,0.5479,0.0
404,142,216.655,3,0.6542,0.0
648,189,440.331,14,0.4196,0.0
603,9,6.201,7,0.4181,0.3679
420,187,587.955,3,0.5016,0.0
1000,165,608.23,7,0.3055,0.0
175,200,564.232,14,0.7524,0.0503
97,155,218.821,7,0.4409,0.0211
30,32,455.492,19,0.9112,0.2997
815,61,263.272,9,0.5649,0.0716
407,1,280.583,3,0.6184,0.0309
438,122,510.698,18,0.9496,0.304
650,88,607.427,6,0.3177,0.0
436,95,598.398,8,0.7952,0.0157
574,147,166.768,7,0.6541,0.118
59,165,473.952,10,0.7456,0.0481
157,15,192.657,12,0.979,0.5283
933,184,452.663,12,0.3906,0.0
451,75,264.704,13,0.7727,0.3066
168,151,568.875,6,0.7931,0.0
370,117,675.008,20,0.6173,0.0674
335,89,209.141,10,0.4257,0.0336
275,43,625.612,20,0.4204,0.0
294,38,532.93,2,0.5942,0.0232
730,147,407.754,7,0.7726,0.0353
107,65,378.216,17,0.685,0.1875
310,46,230.24,5,0.3721,0.0
468,2,146.764,13,0.3372,0.1031
541,169,60.496,5,0.5595,0.216
881,80,513.107,17,0.3785,0.0375
924,70,160.546,13,0.3981,0.0969
298,75,356.932,10,0.7756,0.1378
540,120,640.722,6,0.6328,0.0106
23,97,483.361,19,0.7537,0.2226
618,109,122.264,17,0.5431,0.323
153,56,528.94,10,0.366,0.0291
74,60,155.073,10,0.3452,0.0614
672,173,561.645,16,0.3117,0.0253
179,88,56.414,1,0.9041,0.0695
478,195,102.46,16,0.9752,0.7439
101,170,672.65,16,0.4049,0.0379
746,143,202.165,15,0.9623,0.5391
765,110,108.882,9,0.4845,0.1322
575,168,155.126,10,0.7514,0.3277
836,12,260.311,20,0.5658,0.2506
437,100,603.165,14,0.7331,0.0651
187,143,110.239,16,0.8901,0.6442
152,22,11.833,10,0.9025,0.8419
220,37,622.861,12,0.9083,0.0695
201,14,216.104,8,0.4852,0.0265
324,98,55.842,3,0.8438,0.3312
215,109,20.478,17,0.5445,0.4621
592,94,647.746,11,0.4262,0.0
149,11,376.9,11,0.5159,0.0304
622,98,439.754,13,0.5437,0.0606
335,178,443.752,14,0.6944,0.0645
687,7,376.218,18,0.7321,0.2785
513,156,553.983,15,0.5792,0.0631
906,55,652.429,17,0.8791,0.1482
440,15,461.755,15,0.3373,0.0469
296,11,607.675,19,0.907,0.1985
590,3,7.419,3,0.811,0.7151
659,83,345.995,15,0.5548,0.0584
440,100,435.112,3,0.7311,0.003
560,125,145.286,10,0.6015,0.2346
471,17,115.834,1,0.3758,0.0
306,131,98.527,9,0.9747,0.6047
314,148,205.428,8,0.5472,0.0483
908,13,592.944,10,0.8895,0.0933
676,136,20.393,17,0.8451,0.7513
96,24,433.947,7,0.8317,0.08
963,88,49.537,3,0.3248,0.0193
713,133,427.305,3,0.8836,0.0
51,175,181.964,17,0.6346,0.3088
728,107,113.708,6,0.912,0.3789
590,88,335.667,8,0.5739,0.0299
916,167,166.781,14,0.7541,0.3738
490,44,272.663,18,0.5104,0.1872
519,42,455.98,2,0.8059,0.0164
315,94,674.117,16,0.9943,0.172
322,25,445.023,8,0.5244,0.0
618,5,365.336,11,0.5326,0.1036
828,73,401.262,4,0.8216,0.0
891,31,340.171,3,0.6376,0.0
771,128,405.442,14,0.4959,0.0335
610,110,410.743,13,0.9791,0.2848
501,98,354.634,7,0.3465,0.0029
340,100,567.734,8,0.912,0.0131
768,20,281.641,11,0.3362,0.0267
319,81,78.6,9,0.7513,0.4794
268,15,463.176,17,0.5478,0.053
868,71,573.291,5,0.7754,0.0157
590,136,561.723,11,0.7636,0.1008
355,198,181.909,14,0.5018,0.2096
866,60,466.032,6,0.5459,0.031
963,53,718.984,4,0.8215,0.0041
318,134,75.735,12,0.308,0.1338
522,184,376.622,8,0.5611,0.0457
484,59,220.226,20,0.4364,0.1086
702,168,569.785,5,0.6479,0.0
952,63,234.142,12,0.4479,0.0547
549,128,528.313,9,0.7865,0.0193
799,42,115.947,7,0.8532,0.3892
596,53,48.683,12,0.5091,0.3792
888,197,75.402,16,0.6924,0.5011
405,78,187.78,6,0.6378,0.0407
386,4,611.726,13,0.4652,0.0341
423,155,108.737,17,0.8232,0.6027
997,26,24.524,20,0.5029,0.4492
612,23,614.565,13,0.7158,0.0214
153,168,270.228,4,0.9028,0.0483
41,70,424.094,17,0.7596,0.1726
519,28,60.793,20,0.5711,0.4445
806,196,653.334,19,0.6726,0.1019
480,57,363.447,14,0.9206,0.2985
561,127,64.945,3,0.7439,0.2326
799,53,456.527,13,0.6844,0.1062
517,117,263.525,4,0.5864,0.0
909,140,254.776,16,0.8285,0.3947
638,152,294.213,1,0.4205,0.0226
732,83,366.095,4,0.8008,0.0365
782,124,446.105,14,0.6918,0.111
627,169,105.844,6,0.3631,0.05
51,169,543.267,2,0.8854,0.0149
428,150,20.03,3,0.7034,0.5018
142,80,503.555,7,0.7285,0.013
511,107,132.383,10,0.7046,0.3449
144,194,321.99,15,0.9399,0.2821
510,50,404.536,11,0.6826,0.0293
344,139,466.29,9,0.8357,0.0885
21,159,569.65,19,0.676,0.1152
125,97,371.903,16,0.86,0.2898
504,174,633.751,9,0.8501,0.0158
79,86,687.659,20,0.9942,0.1924
856,168,702.766,15,0.7171,0.0772
759,129,230.424,8,0.5522,0.0809
710,11,23.649,9,0.9338,0.862
173,165,515.516,2,0.7565,0.0
796,140,181.74,16,0.7294,0.4073
635,45,552.85,13,0.8201,0.1185
391,141,4.098,3,0.6533,0.6132
1,103,559.683,4,0.7985,0.0027
529,189,50.969,3,0.9885,0.467
796,61,633.19,4,0.8016,0.0144
34,53,469.119,7,0.8331,0.0184
53,12,116.852,16,0.7902,0.5555
383,158,365.878,20,0.7468,0.2578
512,198,363.992,9,0.7471,0.072
475,138,632.968,11,0.9905,0.0668
427,74,383.516,11,0.7612,0.1123
256,176,396.568,14,0.3326,0.0105
60,51,230.02,14,0.4485,0.1289
32,139,524.659,2,0.4929,0.0032
99,120,36.69,12,0.7756,0.5881
691,171,696.942,8,0.414,0.0626
786,195,436.698,17,0.9252,0.2764
436,72,608.956,19,0.4182,0.0
78,20,562.478,8,0.8865,0.0597
416,32,157.461,12,0.9415,0.5484
986,148,208.49,6,0.9945,0.2238
250,73,200.529,2,0.3113,0.0
492,28,162.76,3,0.6369,0.0249
538,164,11.945,18,0.8535,0.8164
330,130,595.492,7,0.9448,0.0233
439,27,387.485,3,0.6606,0.002
472,143,425.857,5,0.4687,0.0
474,128,354.281,13,0.5439,0.0533
718,197,89.98,9,0.5831,0.2739
581,198,314.276,4,0.8549,0.0164
54,196,211.769,10,0.9538,0.3788
7,180,642.336,18,0.6214,0.0158
411,159,505.019,10,0.9709,0.0956
908,135,117.532,20,0.7847,0.5676
37,109,505.53,8,0.6236,0.003
72,159,395.051,6,0.3751,0.0263
680,194,59.267,12,0.6538,0.4949
451,24,50.542,17,0.5744,0.5323
231,28,106.581,17,0.3901,0.173
208,100,583.653,19,0.9185,0.2509
666,59,597.648,2,0.3839,0.0085
524,107,438.086,16,0.9553,0.2814
639,63,11.743,1,0.3173,0.0767
281,157,228.669,16,0.4326,0.1387
527,180,288.954,6,0.7995,0.0578
861,57,205.115,15,0.9679,0.563
317,155,418.621,8,0.3421,0.0081
397,22,45.261,2,0.4762,0.0677
164,160,14.868,14,0.718,0.7342
639,140,423.47,8,0.96,0.074
33,143,190.83,4,0.5982,0.0391
249,99,494.458,7,0.7065,0.0388
714,22,559.978,4,0.5486,0.0115
20,169,440.156,5,0.3882,0.0
990,22,712.586,9,0.3154,0.0062
405,97,463.086,10,0.7707,0.029
399,35,556.494,7,0.9142,0.0027
537,170,461.712,6,0.415,0.0217
640,115,580.015,17,0.7074,0.0809
460,102,281.538,11,0.8189,0.1956
885,64,313.02,5,0.5091,0.0126
963,157,241.667,10,0.5685,0.0846
201,43,415.276,20,0.9469,0.3924
707,145,270.056,1,0.5352,0.0472
301,194,711.267,19,0.4881,0.0171
996,54,434.361,3,0.3618,0.0
254,138,242.037,6,0.7238,0.0451
296,62,366.125,12,0.6276,0.0631
715,186,562.151,5,0.9715,0.0
790,180,580.501,20,0.7149,0.0946
129,63,458.895,15,0.4657,0.0544
556,47,2.177,12,0.3407,0.3256
346,17,625.467,8,0.9297,0.0418
612,140,655.103,19,0.8225,0.1539
557,184,627.652,8,0.7185,0.0199
986,30,483.368,20,0.6161,0.1145
934,164,19.998,20,0.3289,0.3117
654,152,684.586,14,0.7042,0.0634
680,95,49.288,14,0.3877,0.2717
899,45,108.054,12,0.8305,0.4986
184,131,452.275,20,0.9245,0.3653
726,119,332.772,12,0.9473,0.2658
773,163,543.548,19,0.3399,0.0352
128,113,456.047,5,0.6022,0.0126
882,10,3.515,9,0.7224,0.6839
700,41,463.005,4,0.6159,0.0095
348,77,617.989,1,0.7623,0.0
485,99,613.619,6,0.6559,0.0
490,70,113.755,19,0.3758,0.2278
919,176,250.427,7,0.4075,0.0
970,57,86.501,17,0.7488,0.5669
807,137,541.192,6,0.8605,0.0354
653,73,452.03,14,0.3112,0.0064
105,199,349.05,4,0.5392,0.0
915,184,216.177,10,0.4556,0.0776
134,157,566.817,16,0.962,0.1949
167,153,569.936,18,0.5313,0.036
70,129,353.904,8,0.6147,0.0
948,118,90.021,12,0.8121,0.5775
494,113,335.326,12,0.382,0.0342
236,6,645.22,9,0.4999,0.0181
81,188,420.749,8,0.9296,0.065
412,197,543.004,19,0.7517,0.1264
724,106,212.514,9,0.6447,0.1524
995,175,247.406,15,0.7499,0.3046
553,81,84.768,9,0.7452,0.4884
608,23,247.148,11,0.4721,0.0808
836,167,122.537,12,0.9643,0.5982
902,102,388.296,4,0.5377,0.0
280,189,283.843,5,0.5905,0.0179
992,43,601.823,14,0.3781,0.0204
520,96,275.873,20,0.6671,0.3101
931,134,153.277,14,0.7234,0.3946
118,28,61.107,13,0.6522,0.4674
98,200,182.225,20,0.8306,0.5152
885,122,502.253,14,0.5358,0.0026
673,35,451.073,18,0.7173,0.1977
176,149,446.551,7,0.4512,0.0027
895,176,617.954,17,0.9591,0.12
103,75,182.396,18,0.8208,0.5054
683,122,339.235,17,0.4735,0.0808
206,150,121.509,8,0.3637,0.0507
71,30,157.923,15,0.4171,0.1521
807,107,267.376,17,0.4048,0.0863
848,112,509.244,12,0.7951,0.1035
106,61,600.354,5,0.3065,0.0104
94,60,221.54,4,0.4835,0.0121
615,126,286.691,17,0.5814,0.1638
29,151,639.172,4,0.3198,0.0238
747,78,561.883,20,0.4763,0.0
916,30,497.196,12,0.8471,0.1172
752,158,293.44,5,0.8965,0.0303
231,35,245.892,5,0.6258,0.0177
191,1,521.008,1,0.7996,0.0141
681,65,67.648,12,0.8911,0.6757
62,164,391.524,17,0.357,0.0188
538,152,44.249,15,0.8668,0.7727
449,62,448.991,12,0.8867,0.1211
745,104,409.472,12,0.8009,0.1545
203,192,43.521,5,0.5863,0.3107
763,144,302.593,17,0.6609,0.2492
700,152,138.968,11,0.4081,0.0923
239,18,574.749,17,0.8256,0.1634
357,49,657.607,20,0.8031,0.157
67,21,226.911,18,0.736,0.315
450,196,21.595,19,0.8825,0.8439
261,69,646.362,16,0.3579,0.019
114,100,608.134,7,0.6688,0.0
560,111,573.833,6,0.5221,0.0336
568,105,256.915,14,0.7167,0.2149
86,11,57.849,5,0.3074,0.0344
186,182,701.92,11,0.4999,0.0
83,77,355.509,14,0.3607,0.0
679,184,257.082,6,0.606,0.0399
339,154,559.703,3,0.9462,0.0189
72,140,483.069,3,0.332,0.0
192,141,30.622,14,0.944,0.8439
976,196,690.067,3,0.7892,0.0
256,61,400.588,16,0.918,0.3051
685,66,135.938,1,0.8547,0.0
469,135,11.99,16,0.5988,0.5354
182,47,397.835,13,0.6127,0.0758
308,161,427.912,6,0.3115,0.0062
15,6,72.18,6,0.6517,0.3229
747,180,392.576,11,0.6523,0.1281
335,70,311.125,12,0.8312,0.2107
500,1,315.373,17,0.6986,0.2115
153,121,702.201,16,0.4991,0.0241
825,56,213.39,11,0.4588,0.0829
219,62,636.654,1,0.8412,0.0257
567,97,248.382,19,0.6545,0.2749
873,116,129.651,9,0.3703,0.0524
714,28,110.055,17,0.8592,0.6472
604,10,677.289,6,0.5771,0.0019
889,93,17.259,8,0.4947,0.4391
177,71,158.186,13,0.3797,0.1011
964,117,245.471,15,0.4357,0.0947
557,150,473.068,3,0.3366,0.0
410,123,270.889,16,0.8048,0.3158
256,21,15.188,12,0.7316,0.7016
745,200,372.453,17,0.9742,0.4346
977,143,636.873,12,0.4164,0.0388
691,10,638.388,11,0.5147,0.0482
33,153,713.953,13,0.7476,0.0308
470,177,246.851,11,0.6889,0.1889
733,114,88.612,3,0.6812,0.1204
398,167,50.533,7,0.3651,0.1477
773,178,624.372,20,0.3145,0.006
708,193,538.84,6,0.8053,0.0141
68,191,452.039,9,0.7953,0.0361
558,39,357.919,5,0.32,0.0107
172,7,329.557,10,0.8817,0.1983
487,131,355.898,16,0.8367,0.2559
385,136,262.286,15,0.452,0.0689
807,114,342.03,3,0.6964,0.0
869,48,151.832,19,0.484,0.248
462,190,85.234,13,0.8839,0.6336
537,82,152.527,14,0.422,0.1792
627,149,699.109,16,0.8812,0.1808
656,125,713.299,14,0.7608,0.1344
636,180,541.213,18,0.4298,0.0133
784,143,602.859,14,0.9059,0.1129
982,127,75.016,20,0.8805,0.7175
829,169,89.018,14,0.7448,0.5444
135,11,67.165,17,0.6493,0.4828
477,142,45.969,11,0.7403,0.6001
462,118,538.212,7,0.769,0.0265
509,156,41.082,11,0.3719,0.2742
529,45,683.335,4,0.5807,0.0228
719,120,471.08,10,0.9551,0.1316
422,57,123.445,15,0.8411,0.552
264,24,588.707,16,0.3539,0.0267
458,116,593.148,8,0.9003,0.0673
855,5,406.218,10,0.3439,0.0085
312,19,65.963,12,0.7791,0.5886
21,106,288.86,3,0.5358,0.0
977,180,395.173,13,0.4899,0.0191
196,144,535.661,10,0.6364,0.0024
603,4,215.273,15,0.3554,0.0537
801,22,628.737,13,0.9768,0.1667
275,87,180.906,4,0.9694,0.1286
341,86,718.704,12,0.4192,0.007
281,8,83.282,7,0.9717,0.5819
150,52,599.807,13,0.9701,0.1494
153,26,95.63,13,0.3855,0.1616
187,114,546.826,8,0.3095,0.0
459,132,620.926,13,0.6284,0.0532
531,79,225.645,4,0.5364,0.0155
16,115,73.41,8,0.6374,0.3745
847,41,719.935,15,0.6605,0.0602
676,171,699.172,11,0.8276,0.0141
71,1,545.033,1,0.7422,0.0071
843,101,278.58,10,0.6575,0.0941
31,65,97.201,6,0.6514,0.1749
561,91,301.287,18,0.9577,0.4487
466,104,518.786,19,0.5075,0.0359
503,130,110.126,2,0.4332,0.0213
957,186,12.588,8,0.5197,0.4527
928,113,650.953,12,0.8513,0.0763
280,46,504.143,7,0.5086,0.0173
580,105,499.718,15,0.7558,0.0911
960,103,682.0,3,0.5655,0.0
729,173,375.147,17,0.5789,0.1293
888,114,229.356,6,0.8203,0.0857
435,174,654.832,5,0.4307,0.0
284,130,709.791,7,0.7321,0.03
511,115,15.221,19,0.6992,0.6629
817,66,238.419,6,0.8644,0.0776
929,52,261.251,6,0.9394,0.1008
686,20,80.528,5,0.4001,0.1051
707,110,159.922,3,0.48,0.0212
512,185,18.097,19,0.3995,0.3484
320,3,501.571,14,0.9989,0.2297
423,191,77.418,12,0.7259,0.5242
498,172,639.148,3,0.9569,0.0
816,88,420.67,1,0.9744,0.0118
556,63,256.756,7,0.933,0.1598
794,117,582.494,19,0.4865,0.0462
28,172,468.657,11,0.6546,0.0703
757,6,542.3,17,0.4635,0.0565
508,90,632.06,7,0.6013,0.0
999,10,581.615,3,0.5982,0.0184
472,129,561.093,5,0.9398,0.0186
479,16,525.622,5,0.7864,0.0
128,64,272.103,13,0.8191,0.2501
807,148,469.493,4,0.818,0.0344
702,151,407.52,20,0.6827,0.1963
863,46,693.699,14,0.5417,0.0062
93,103,360.923,9,0.8871,0.1481
212,37,160.098,13,0.543,0.2642
877,119,329.836,15,0.6647,0.1158
43,2,298.841,16,0.4062,0.1073
509,163,337.598,1,0.7146,0.0
405,5,418.551,11,0.6291,0.0532
940,122,682.602,8,0.915,0.0
857,82,202.737,7,0.512,0.009
897,45,697.788,13,0.5129,0.0181
290,109,561.41,5,0.387,0.0
588,29,132.112,6,0.6374,0.1363
701,116,202.277,14,0.8365,0.3854
968,129,654.76,2,0.753,0.0
8,92,577.066,8,0.3622,0.0
978,73,103.648,16,0.5102,0.3038
356,92,421.097,9,0.5275,0.0306
129,192,199.797,6,0.7205,0.1107
616,151,453.605,5,0.8519,0.011
782,2,125.392,10,0.9954,0.5616
130,58,253.701,16,0.4785,0.1434
41,5,280.046,2,0.4354,0.0
897,48,387.381,13,0.596,0.0792
934,156,172.689,16,0.7733,0.4141
157,171,524.114,5,0.8028,0.0254
905,92,582.767,14,0.881,0.1534
910,138,460.973,9,0.5185,0.0
998,75,650.267,1,0.8887,0.0402
217,96,569.261,15,0.769,0.1233
579,166,32.168,15,0.3135,0.2871
995,56,61.457,14,0.981,0.848
903,64,475.347,2,0.4771,0.0008
605,28,519.889,10,0.3529,0.0
198,44,696.908,4,0.6102,0.0113
85,8,2.898,14,0.6743,0.6259
260,164,170.993,9,0.6274,0.2034
66,171,598.945,13,0.8375,0.0913
196,85,641.958,18,0.3818,0.0
75,119,334.659,2,0.8684,0.0
763,50,348.562,5,0.6395,0.0407
590,10,614.679,12,0.3541,0.0118
518,104,331.447,19,0.9826,0.4685
810,32,567.055,1,0.9259,0.0
411,170,683.111,17,0.5226,0.026
403,56,188.898,16,0.6535,0.3289
207,148,197.931,4,0.4705,0.0194
445,53,675.825,17,0.6551,0.0274
175,26,305.783,12,0.4742,0.064
590,110,11.816,2,0.5592,0.3381
998,37,362.041,2,0.4912,0.002
534,80,444.259,7,0.6137,0.0
300,59,176.589,11,0.3474,0.0432
689,177,523.872,16,0.6743,0.0748
821,101,168.102,2,0.4539,0.0
472,144,86.588,14,0.4182,0.2176
251,118,179.919,14,0.5447,0.2278
714,183,384.648,8,0.8094,0.051
188,88,616.24,6,0.5491,0.0
998,173,381.355,6,0.8278,0.0734
318,180,611.345,10,0.9852,0.0656
351,185,46.682,6,0.9607,0.7181
727,140,268.576,12,0.4547,0.0345
13,197,313.611,3,0.9514,0.0372
203,150,577.342,15,0.9045,0.1757
126,63,439.86,20,0.3198,0.04
392,32,565.334,5,0.98,0.0233
554,42,244.092,14,0.9704,0.4861
180,115,672.537,15,0.8194,0.0817
345,34,585.926,11,0.7224,0.0292
773,48,659.192,7,0.9931,0.0389
940,126,189.582,20,0.4368,0.2207
15,67,5.227,13,0.8424,0.9005
628,137,443.339,8,0.933,0.0843
26,200,354.911,6,0.6499,0.0
521,18,560.958,18,0.5087,0.038
880,129,70.647,15,0.6114,0.4264
799,165,428.924,18,0.9804,0.3563
233,29,143.607,15,0.8198,0.5044
259,157,370.754,3,0.6829,0.0088
784,102,114.412,16,0.3772,0.182
820,126,656.93,20,0.7842,0.146
281,11,132.368,1,0.4852,0.0
4,88,414.268,15,0.9922,0.2934
445,74,4.536,16,0.6619,0.6255
620,31,113.058,7,0.73,0.3078
444,153,359.771,18,0.9995,0.3873
935,102,29.972,9,0.8269,0.7322
814,176,391.032,9,0.6405,0.0547
788,32,133.128,2,0.6857,0.0187
21,147,523.245,8,0.9334,0.024
854,121,625.236,16,0.9557,0.1738
756,131,546.274,11,0.6389,0.0
397,62,46.109,7,0.5433,0.3505
590,139,357.621,15,0.8471,0.2636
825,50,80.492,7,0.4115,0.169
907,153,294.817,8,0.5783,0.0789
551,89,604.554,11,0.315,0.0075
42,96,30.115,2,0.8869,0.4591
619,117,181.564,11,0.3341,0.0851
681,17,595.217,15,0.6823,0.0243
59,74,292.565,5,0.996,0.0807
818,41,169.838,12,0.5286,0.1714
202,193,683.601,1,0.8623,0.0211
891,85,112.548,17,0.3944,0.2033
551,2,567.903,15,0.3906,0.0124
323,6,128.627,15,0.4585,0.1775
59,183,693.416,9,0.8615,0.0036
18,32,566.078,12,0.7386,0.0686
742,1,199.39,15,0.882,0.4711
378,43,708.21,8,0.5,0.0
841,44,82.854,8,0.4223,0.1468
231,16,618.98,7,0.6831,0.0269
921,200,503.739,8,0.3244,0.013
942,12,125.61,14,0.6411,0.3435
102,146,393.614,19,0.9711,0.4491
647,168,9.08,5,0.7541,0.6834
940,129,412.865,6,0.6543,0.0
324,27,419.395,1,0.4373,0.0
68,146,294.435,8,0.6216,0.067
876,66,593.667,16,0.6851,0.0968
475,82,670.172,8,0.6512,0.037
28,51,384.542,1,0.682,0.0219
841,157,485.41,4,0.9766,0.0167
679,116,105.443,5,0.4354,0.0329
71,31,718.632,5,0.5787,0.025
259,82,617.771,17,0.404,0.0175
19,159,683.325,19,0.5882,0.0669
955,188,560.317,10,0.3671,0.0078
25,188,232.837,2,0.5482,0.0
796,27,160.0,20,0.5709,0.3174
512,172,368.199,15,0.8091,0.2372
583,114,59.93,17,0.9398,0.8015
812,148,397.533,3,0.6544,0.0
895,78,266.657,3,0.8433,0.0609
128,131,524.249,4,0.5843,0.0
18,52,450.686,20,0.4979,0.0306
125,105,177.871,15,0.405,0.1079
683,46,528.211,17,0.5759,0.0334
569,80,224.346,13,0.8306,0.4228
84,82,179.362,8,0.7203,0.1929
235,174,301.649,8,0.4528,0.0381
538,126,114.076,2,0.8234,0.0497
731,130,234.453,5,0.3621,0.0
344,57,187.461,13,0.4092,0.1203
950,87,16.135,9,0.427,0.3292
993,95,216.98,11,0.7785,0.2828
767,157,336.387,18,0.4988,0.068
455,38,597.497,3,0.9175,0.0052
878,11,130.353,15,0.3644,0.1315
728,102,236.056,20,0.9557,0.5658
520,163,21.634,18,0.3035,0.2568
444,147,54.54,4,0.9421,0.5007
833,163,256.725,6,0.3914,0.0
558,79,360.198,13,0.3164,0.0271
183,46,538.874,10,0.4881,0.0334
1000,132,549.608,13,0.5356,0.0275
69,8,658.108,14,0.8147,0.0366
696,180,653.659,4,0.9288,0.0
656,143,73.529,18,0.57,0.4285
587,101,81.122,3,0.4759,0.019
52,40,357.941,13,0.4962,0.0639
493,51,424.626,19,0.9131,0.3521
893,200,430.682,1,0.3378,0.0
240,3,350.376,9,0.6041,0.0714
692,2,706.473,9,0.4544,0.0
859,70,366.694,9,0.5498,0.0206
953,46,673.456,18,0.4827,0.0187
517,136,711.504,2,0.8466,0.0294
314,9,319.974,16,0.4766,0.0775
700,158,96.743,1,0.9305,0.046
487,157,234.998,20,0.7945,0.4077
628,46,258.469,20,0.5049,0.2314
742,116,639.652,15,0.3458,0.0
711,135,692.441,17,0.4205,0.0216
243,170,122.566,4,0.6645,0.0872
756,147,14.943,4,0.8781,0.6775
542,193,598.162,5,0.5687,0.0109
931,24,402.446,7,0.5803,0.0244
660,123,540.968,7,0.9405,0.0563
892,155,239.137,4,0.5988,0.0
979,47,114.555,3,0.4191,0.0126
995,44,190.923,17,0.4279,0.1632
745,19,35.381,14,0.8951,0.7911
598,198,278.117,17,0.6359,0.2043
119,174,71.894,8,0.8485,0.5503
387,25,334.184,18,0.7007,0.2719
476,50,575.542,4,0.447,0.0
781,92,34.77,16,0.4742,0.3865
589,179,645.685,5,0.3958,0.0
440,166,89.108,11,0.3707,0.1524
147,176,472.478,19,0.7279,0.2012
716,166,173.565,2,0.8533,0.0
432,126,608.419,16,0.7796,0.0955
37,59,7.948,12,0.9324,0.9306
285,121,303.688,7,0.9346,0.1229
880,99,692.589,20,0.9622,0.1989
119,191,81.728,16,0.8386,0.6362
407,90,547.784,17,0.6346,0.0927
513,152,523.302,19,0.5435,0.0693
84,35,230.146,18,0.3552,0.1072
166,137,43.997,16,0.9552,0.8365
941,91,599.912,4,0.4998,0.0024
591,88,651.56,8,0.4078,0.0
211,151,92.474,8,0.3594,0.1049
170,97,610.512,4,0.4712,0.0
426,12,600.004,6,0.898,0.0098
724,78,415.668,16,0.9644,0.3253
731,193,564.251,12,0.4751,0.0
196,190,28.905,2,0.8874,0.4366
726,123,357.499,14,0.7117,0.1592
897,128,696.251,6,0.5026,0.0125
227,53,558.268,2,0.5057,0.0334
27,157,193.423,2,0.5794,0.0572
959,120,449.131,2,0.4001,0.0045
522,8,153.43,5,0.7549,0.1552
777,190,160.319,13,0.3236,0.0617
321,171,136.734,7,0.9233,0.4017
300,17,137.192,18,0.8301,0.5636
226,84,359.74,8,0.5406,0.0671
218,149,223.4,2,0.6464,0.0376
472,148,560.242,3,0.5904,0.0047
106,34,643.813,5,0.9663,0.0
843,9,351.322,13,0.6435,0.1172
512,197,138.151,11,0.963,0.5491
916,179,718.56,20,0.8465,0.15
503,148,34.34,3,0.8431,0.4504
304,132,395.969,3,0.7964,0.0371
515,138,158.538,11,0.7735,0.342
155,92,675.145,15,0.5776,0.0395
825,137,234.311,9,0.3712,0.0
721,61,689.812,4,0.6525,0.0
148,17,700.431,9,0.8482,0.064
582,63,678.97,13,0.3862,0.012
538,59,570.865,10,0.6312,0.0567
202,61,533.805,4,0.4778,0.0
123,95,686.019,2,0.6168,0.0
761,27,161.431,18,0.4423,0.2152
265,82,583.225,7,0.7741,0.0135
519,93,82.155,1,0.7519,0.0053
248,38,260.871,9,0.6006,0.1247
654,91,289.618,5,0.4761,0.046
49,135,716.637,5,0.4952,0.0367
360,83,231.443,14,0.4382,0.081
548,1,399.631,14,0.9765,0.2087
440,141,456.297,14,0.461,0.0082
613,116,488.205,18,0.5981,0.0862
181,84,86.948,10,0.6513,0.3531
442,5,402.791,15,0.7697,0.1678
757,18,457.182,5,0.8259,0.0284
334,16,650.459,14,0.5698,0.0
158,171,689.273,13,0.662,0.0
848,62,169.602,8,0.9302,0.3504
779,86,151.968,20,0.3804,0.1648
681,140,492.455,19,0.6093,0.1511
799,132,352.683,13,0.4326,0.0209
779,13,535.496,4,0.3323,0.0354
747,186,610.976,4,0.4085,0.0
510,54,8.188,13,0.4743,0.4624
20,154,632.747,19,0.6946,0.1183
598,167,191.48,4,0.8368,0.1379
274,108,697.981,15,0.9585,0.1078
774,33,310.074,12,0.9707,0.3315
469,110,613.836,12,0.9152,0.1091
906,49,144.354,3,0.6605,0.0003
596,170,378.35,4,0.5967,0.0
551,151,46.036,9,0.6151,0.3913
920,165,529.219,6,0.9757,0.0
476,166,678.341,13,0.7126,0.0163
376,36,607.127,10,0.8217,0.0561
372,7,490.014,13,0.3455,0.0
876,126,86.076,12,0.9817,0.7181
757,123,708.459,20,0.6644,0.0621
164,174,247.981,8,0.7219,0.1428
493,128,455.78,8,0.8655,0.073
372,161,196.909,13,0.3591,0.0707
647,70,595.758,12,0.3088,0.0386
53,25,272.773,4,0.9688,0.0455
715,8,281.592,6,0.4493,0.0208
743,88,3.723,17,0.374,0.3548
227,1,414.454,2,0.955,0.0
151,104,180.901,4,0.5627,0.033
628,81,663.771,15,0.8981,0.1159
258,52,563.976,20,0.9519,0.272
942,119,685.516,18,0.4375,0.0187
776,136,280.922,15,0.3485,0.042
956,8,476.615,6,0.3275,0.0
535,96,325.572,16,0.4934,0.04
939,188,654.768,8,0.4248,0.0
14,60,233.806,7,0.9311,0.2055
290,157,236.874,6,0.9501,0.1741
3,68,263.796,7,0.6094,0.0523
678,55,358.659,13,0.5469,0.0417
511,172,639.214,17,0.5856,0.0325
288,72,149.773,14,0.8836,0.4548
305,174,469.116,17,0.4013,0.0317
644,131,220.636,6,0.4056,0.0322
181,163,59.975,12,0.496,0.3579
515,163,686.656,14,0.708,0.0111
614,183,565.868,8,0.7986,0.0
240,111,685.478,16,0.9933,0.1903
229,191,288.494,12,0.3286,0.0454
355,12,545.147,6,0.5498,0.0
593,99,468.999,15,0.5155,0.045
255,80,445.883,2,0.3295,0.0145
380,20,29.475,16,0.8543,0.7486
544,175,52.109,4,0.5981,0.2557
187,161,140.992,10,0.7299,0.3511
569,150,539.876,16,0.6166,0.0574
139,127,574.907,16,0.5563,0.0811
143,121,466.175,8,0.3963,0.0
237,77,138.693,13,0.9237,0.5285
287,137,559.996,2,0.3836,0.0
30,196,82.141,17,0.705,0.4959
962,51,643.75,5,0.9833,0.0156
309,68,277.345,17,0.5006,0.1556
805,22,523.64,11,0.6341,0.0
902,182,122.452,9,0.822,0.432
801,107,226.626,7,0.4797,0.0443
832,119,356.849,16,0.4576,0.0417
101,54,357.627,7,0.3775,0.0
373,8,70.435,13,0.3159,0.158
747,161,395.015,1,0.4979,0.0036
576,173,54.547,14,0.7754,0.6194
6,69,665.088,3,0.3526,0.0
568,153,303.962,5,0.8375,0.0102
805,115,316.417,15,0.5991,0.1146
829,129,415.647,16,0.6878,0.1277
384,35,562.915,3,0.5185,0.0209
237,123,50.53,3,0.7615,0.2586
310,33,506.293,3,0.8292,0.0
297,44,655.627,4,0.3596,0.0356
347,72,316.502,6,0.9214,0.0251
302,43,10.044,8,0.7118,0.6693
458,182,178.482,11,0.7547,0.2982
41,6,677.583,16,0.6687,0.0482
276,181,85.415,2,0.3653,0.0007
315,31,10.295,9,0.612,0.597
154,175,673.851,1,0.4237,0.0
878,68,621.447,13,0.6576,0.0248
676,185,331.752,19,0.9309,0.4163
912,109,4.382,19,0.6298,0.632
562,98,420.523,2,0.4464,0.0
110,27,588.16,15,0.6537,0.0599
905,87,206.328,16,0.5364,0.2172
459,112,124.783,17,0.9501,0.6854
685,197,651.402,1,0.5983,0.0
382,53,553.023,3,0.8579,0.0
495,17,322.894,8,0.6373,0.0785
490,51,651.658,2,0.4653,0.0163
285,49,438.068,7,0.7643,0.0011
555,190,679.772,5,0.3132,0.0
734,31,74.724,18,0.8715,0.763
21,199,314.501,18,0.9244,0.3987
131,23,489.196,6,0.6834,0.0305
843,163,293.982,15,0.4733,0.1257
570,83,252.157,1,0.422,0.0
974,11,500.857,8,0.805,0.004
605,123,436.292,19,0.4501,0.0595
654,146,203.787,19,0.6577,0.3269
900,168,319.959,8,0.9041,0.1494
661,36,509.115,14,0.8348,0.1211
330,124,451.559,2,0.3103,0.0
528,114,326.452,17,0.7925,0.3033
236,89,187.573,5,0.3084,0.0
335,179,82.947,2,0.5269,0.0266
681,85,605.006,11,0.562,0.0
149,77,590.716,17,0.6304,0.0648
672,106,441.771,13,0.7584,0.0756
585,186,411.581,10,0.9937,0.2248
309,174,98.589,6,0.4239,0.0889
45,142,321.923,2,0.7699,0.0251
705,17,348.641,1,0.4271,0.0
825,61,332.488,1,0.5327,0.0
731,4,174.685,7,0.8699,0.2651
421,19,89.583,12,0.3502,0.1441
654,167,670.627,1,0.3139,0.0092
415,164,400.79,12,0.5522,0.0424
359,21,621.119,15,0.6078,0.0331
328,92,483.993,4,0.5883,0.0025
211,56,590.712,9,0.7107,0.012
970,15,155.91,7,0.8144,0.2516
667,77,76.792,16,0.7499,0.5603
175,21,442.18,8,0.8168,0.0715
866,148,395.755,16,0.664,0.1176
152,194,69.905,1,0.6093,0.0
594,85,440.327,19,0.3916,0.0331
166,49,131.376,20,0.99,0.7637
362,100,78.326,14,0.7597,0.6465
659,194,709.372,17,0.4611,0.0
1000,32,400.338,15,0.7812,0.1909
992,137,237.768,6,0.6764,0.049
896,19,71.051,3,0.5827,0.1083
236,61,660.082,17,0.7306,0.095
94,88,678.686,1,0.4559,0.0
906,77,185.379,13,0.9802,0.5436
924,36,313.501,1,0.6065,0.0
279,156,464.971,4,0.7002,0.0
20,135,80.477,7,0.372,0.1232
648,88,386.841,16,0.9157,0.2955
77,84,157.813,2,0.7763,0.0077
41,15,162.577,2,0.3696,0.0266
938,133,434.403,5,0.5994,0.0551
496,46,223.599,9,0.4825,0.0827
113,61,396.479,6,0.6388,0.0093
655,173,189.231,16,0.5915,0.2366
370,129,351.393,10,0.8437,0.1299
537,140,671.241,18,0.6974,0.049
899,53,349.26,18,0.6089,0.1442
238,101,361.222,6,0.4219,0.0002
647,3,355.098,15,0.9618,0.3394
829,50,616.797,13,0.5123,0.0044
424,161,491.011,13,0.3435,0.0148
971,95,22.535,17,0.5076,0.4678
449,127,85.368,4,0.4285,0.059
460,158,416.29,18,0.557,0.1125
885,188,547.45,12,0.8721,0.1711
636,17,84.687,1,0.5647,0.0153
869,117,362.254,8,0.621,0.0564
791,199,462.775,2,0.8566,0.0202
713,40,288.877,7,0.656,0.0403
242,172,499.478,4,0.8074,0.0246
399,117,247.02,14,0.6378,0.1845
865,64,448.762,1,0.5414,0.0
617,157,551.429,2,0.6522,0.0276
281,175,688.21,18,0.9849,0.2484
328,29,460.185,9,0.3755,0.0
776,137,253.461,2,0.9201,0.0183
179,188,519.433,16,0.738,0.0836
113,134,579.323,19,0.9777,0.3135
766,110,298.831,7,0.4748,0.0045
289,28,261.367,7,0.5671,0.0429
766,91,110.201,12,0.3767,0.1302
534,182,487.529,2,0.3367,0.0
998,160,320.583,20,0.6252,0.1768
525,91,96.128,8,0.3627,0.0699
868,62,404.468,6,0.7218,0.0152
851,161,712.718,15,0.6947,0.0497
212,194,37.432,8,0.9617,0.8115
997,60,371.415,3,0.938,0.0056
746,163,673.827,10,0.5065,0.0612
108,62,690.592,20,0.947,0.2209
7,166,246.369,10,0.3382,0.0334
272,193,123.971,4,0.813,0.1485
17,133,303.213,5,0.7063,0.0469
358,100,229.682,18,0.5485,0.222
997,63,347.721,16,0.8751,0.3489
479,12,429.293,1,0.5474,0.0
24,11,553.249,5,0.6713,0.0
494,168,456.776,15,0.7797,0.1555
220,133,642.333,7,0.4874,0.0182
857,46,529.844,10,0.3815,0.025
91,111,373.667,18,0.7864,0.2638
771,176,86.336,16,0.43,0.3095
446,130,578.8,14,0.4486,0.0064
19,184,514.342,14,0.44,0.0127
674,24,242.374,5,0.8232,0.0797
456,15,167.393,4,0.5202,0.0
772,134,473.988,17,0.8184,0.1984
619,117,61.1,1,0.6972,0.0033
788,138,566.927,13,0.655,0.0562
461,197,163.744,9,0.9329,0.4088
8,22,427.505,1,0.7046,0.0
131,187,218.913,12,0.4656,0.0832
459,13,343.874,3,0.9885,0.018
398,106,576.553,17,0.5172,0.068
795,167,207.017,5,0.6317,0.0214
412,137,24.309,5,0.5636,0.3945
861,45,56.184,14,0.8174,0.6861
188,121,54.085,7,0.625,0.3835
385,181,330.765,8,0.545,0.0603
757,41,60.421,7,0.7531,0.4179
125,188,297.416,11,0.6446,0.0969
322,131,502.607,15,0.3123,0.0016
752,18,633.565,16,0.7514,0.097
589,67,159.82,3,0.4114,0.0
779,173,631.263,10,0.9724,0.0577
516,68,704.231,11,0.821,0.0291
860,190,450.697,20,0.5615,0.0977
878,84,530.93,12,0.3421,0.0339
975,69,348.045,17,0.5294,0.1153
123,171,54.353,11,0.756,0.5722
592,158,691.177,11,0.9291,0.064
115,48,680.619,11,0.8234,0.0044
229,157,232.737,2,0.8391,0.0
301,51,141.336,9,0.3912,0.0601
647,180,47.616,19,0.4606,0.3955
432,2,358.681,20,0.8533,0.3905
865,133,665.871,4,0.5635,0.0
299,32,29.957,10,0.9009,0.8152
618,136,440.509,17,0.3283,0.0183
764,196,601.687,17,0.7319,0.0923
981,134,273.696,13,0.6562,0.1597
246,87,440.817,12,0.8634,0.1407
734,165,319.824,18,0.4187,0.0678
85,40,47.555,13,0.4387,0.2752
544,109,363.46,16,0.6449,0.1434
414,194,64.577,17,0.723,0.5819
959,72,493.336,6,0.4137,0.0
774,6,223.615,20,0.9344,0.5559
928,89,577.901,8,0.8902,0.0198
851,97,422.872,3,0.3879,0.0
411,163,673.255,5,0.8947,0.0319
734,161,531.306,12,0.9401,0.1325
31,69,522.032,19,0.4712,0.0
558,155,219.669,4,0.9052,0.0879
48,29,318.459,14,0.6942,0.1596
725,38,536.937,1,0.8617,0.0
967,121,519.985,11,0.7218,0.0448
682,142,498.603,18,0.5086,0.0962
840,162,6.221,13,0.7846,0.7643
235,125,12.963,20,0.7898,0.7477
994,26,49.042,20,0.8048,0.7263
551,136,23.224,14,0.8321,0.7461
675,86,556.565,1,0.7524,0.0385
771,54,393.991,9,0.6039,0.0273
640,68,363.772,3,0.5327,0.0167
318,163,62.089,16,0.9367,0.7456
612,36,557.841,4,0.8698,0.0018
654,112,67.302,20,0.8846,0.7276
858,17,160.095,13,0.3639,0.0813
482,146,589.705,19,0.5845,0.0692
502,30,498.809,17,0.548,0.0475
504,188,67.135,18,0.9131,0.7581
115,177,53.667,1,0.5319,0.0428
91,172,292.975,11,0.9583,0.2443
21,70,434.642,19,0.8668,0.3076
667,157,178.044,5,0.9081,0.1714
419,27,421.533,8,0.3745,0.0
866,58,259.09,3,0.9831,0.0115
703,27,424.02,11,0.5589,0.0379
142,11,522.506,2,0.3562,0.0125
101,74,607.155,2,0.7365,0.0
367,115,141.412,7,0.9052,0.3638
921,173,61.744,16,0.8096,0.6132
49,7,85.675,1,0.7937,0.0329
188,82,119.491,17,0.9588,0.7118
30,143,233.873,14,0.9771,0.4428
414,41,21.103,19,0.8767,0.8596
990,148,599.512,17,0.8488,0.1592
684,115,611.395,15,0.5453,0.0293
494,113,513.615,16,0.6239,0.0519
145,25,256.989,15,0.6709,0.2017
356,34,509.006,2,0.6353,0.0
525,176,413.929,14,0.8649,0.2782
275,176,477.058,5,0.9952,0.0087
706,91,63.732,4,0.444,0.1162
981,120,629.859,20,0.8521,0.2015
206,109,251.375,19,0.7277,0.3856
253,103,194.208,20,0.8086,0.5024
127,143,281.691,1,0.6504,0.0
726,114,178.431,20,0.7873,0.4811
462,26,715.805,1,0.7377,0.0
284,17,465.451,19,0.759,0.2088
220,171,645.468,3,0.9657,0.0202
71,149,684.763,3,0.3321,0.0203
477,40,418.703,1,0.5072,0.0212
684,13,576.473,16,0.7511,0.1571
236,44,651.856,17,0.5676,0.0594
2,116,108.431,5,0.6149,0.1051
474,117,194.16,17,0.5988,0.2537
676,34,289.462,6,0.8447,0.1216
345,36,448.635,18,0.3399,0.0052
251,42,553.29,10,0.6149,0.0211
155,89,248.731,12,0.7669,0.2349
747,47,606.815,17,0.5866,0.0138
862,92,471.313,10,0.3455,0.0095
770,3,268.17,9,0.9649,0.2965
519,188,490.274,12,0.5653,0.0227
725,179,613.539,5,0.9582,0.0
397,68,242.217,10,0.945,0.3205
25,161,278.934,19,0.3956,0.0782
368,108,498.275,13,0.7466,0.0877
704,7,309.757,6,0.5008,0.0
648,57,128.332,19,0.4442,0.1969
991,12,615.072,16,0.6931,0.0487
998,142,145.511,20,0.6755,0.4072
243,157,177.744,16,0.9193,0.5757
10,124,624.893,1,0.7739,0.0008
275,2,462.387,2,0.8134,0.0187
877,48,311.042,1,0.8536,0.0
814,94,275.212,9,0.3473,0.0
99,29,132.339,10,0.5538,0.1956
161,22,49.366,3,0.7279,0.2635
564,61,654.829,2,0.8432,0.0144
661,119,32.684,15,0.8641,0.7322
983,18,44.878,15,0.91,0.7859
756,200,541.637,15,0.7724,0.1006
212,92,643.549,13,0.3987,0.0
38,35,511.138,7,0.4943,0.0115
634,5,174.674,12,0.7248,0.2702
554,192,195.233,14,0.7419,0.349
922,119,692.211,15,0.304,0.0047
576,174,504.209,9,0.6472,0.0284
502,156,596.105,4,0.9848,0.0139
304,198,321.662,12,0.3414,0.0071
87,178,559.208,18,0.558,0.0585
877,154,706.165,14,0.711,0.0711
827,171,257.16,15,0.9559,0.409
163,172,231.116,17,0.3523,0.1069
704,51,31.401,14,0.8854,0.852
365,119,530.788,10,0.5159,0.029
438,198,173.662,14,0.5092,0.1792
849,174,183.189,15,0.4904,0.1741
843,22,455.229,9,0.9202,0.1191
191,23,532.087,6,0.416,0.0199
308,41,293.679,8,0.3509,0.014
822,149,680.098,10,0.8573,0.0062
917,79,116.852,14,0.9109,0.6589
80,126,379.928,2,0.4799,0.0166
834,28,444.669,14,0.9812,0.2663
490,12,444.706,10,0.9529,0.1631
591,155,473.105,3,0.3849,0.0
76,59,456.579,8,0.4089,0.011
681,9,570.13,16,0.5657,0.0283
678,44,586.232,19,0.7706,0.1404
663,65,703.776,17,0.3052,0.0164
791,82,676.613,6,0.7285,0.0036
947,180,374.588,12,0.8991,0.2162
850,40,508.429,20,0.6347,0.1146
745,121,290.047,10,0.3562,0.0
982,55,468.641,5,0.433,0.0326
675,100,5.856,11,0.7309,0.6888
673,60,264.983,12,0.7318,0.2305
543,69,658.508,5,0.4019,0.0007
770,120,486.165,7,0.7374,0.0259
72,118,12.933,20,0.5153,0.484
506,27,376.573,19,0.372,0.0312
426,32,263.757,18,0.6888,0.2598
913,49,582.414,10,0.779,0.0674
73,180,83.131,17,0.4837,0.3365
644,64,435.123,6,0.8432,0.0354
185,116,512.834,7,0.3449,0.0194
884,90,428.93,4,0.4886,0.0111
852,71,197.956,14,0.6115,0.2052
236,8,571.2,15,0.638,0.0684
872,89,571.491,13,0.7327,0.05
497,200,260.189,18,0.5192,0.1761
972,189,192.37,5,0.4135,0.0
730,61,478.173,16,0.9775,0.2219
35,107,265.146,20,0.3809,0.0782
203,58,248.979,11,0.304,0.002
404,185,324.677,11,0.6801,0.1469
212,111,330.096,19,0.4071,0.088
133,185,597.413,3,0.7627,0.075
979,171,686.053,11,0.7602,0.0276
870,66,513.837,11,0.6521,0.0307
435,92,63.985,5,0.5358,0.195
216,114,243.536,3,0.7824,0.0111
182,50,136.927,5,0.7145,0.1482
916,167,477.719,16,0.495,0.0242
332,114,430.862,13,0.38,0.0055
13,42,707.376,16,0.3926,0.0
398,97,322.618,17,0.7,0.2273
455,165,76.377,17,0.6177,0.4998
624,85,431.044,14,0.7736,0.178
339,143,264.516,2,0.3316,0.0779
924,197,128.559,3,0.98,0.1634
644,68,267.426,3,0.6901,0.0371
987,200,171.873,10,0.4485,0.0856
368,83,142.394,3,0.4424,0.0199
652,113,348.479,2,0.9128,0.0
366,155,583.303,13,0.3585,0.0583
700,14,637.736,19,0.3752,0.0088
746,141,187.797,6,0.8468,0.1676
322,114,323.13,3,0.9632,0.0178
938,132,606.96,4,0.6086,0.0
858,191,711.853,19,0.3678,0.0588
895,98,612.026,20,0.7825,0.1637
218,186,355.959,8,0.4904,0.0648
718,114,626.563,10,0.9644,0.0721
107,44,508.918,12,0.9309,0.1473
106,131,82.174,10,0.9156,0.6386
974,39,61.04,15,0.302,0.1808
153,180,674.142,12,0.9578,0.1016
865,31,665.636,17,0.7792,0.1104
431,100,330.294,10,0.334,0.0
304,164,476.683,15,0.8029,0.1574
74,2,219.798,6,0.944,0.1825
676,99,505.156,11,0.5412,0.0055
722,102,321.53,14,0.7755,0.1884
468,68,251.233,6,0.5327,0.0
810,135,317.515,12,0.7588,0.1706
324,65,328.271,5,0.6688,0.0052
552,75,678.816,17,0.3905,0.0428
287,56,637.243,14,0.3052,0.0
583,125,140.395,9,0.8349,0.3474
137,177,200.858,8,0.4552,0.0154
477,36,215.9,16,0.5865,0.2236
550,82,8.825,15,0.9256,0.9226
557,46,382.145,20,0.8925,0.3915
447,49,347.797,16,0.7462,0.2185
644,195,90.152,8,0.4938,0.2412
513,143,712.976,6,0.3872,0.0
284,189,548.245,15,0.4252,0.0
216,128,132.231,1,0.9643,0.0
648,134,507.986,1,0.7415,0.0
939,144,245.586,10,0.5894,0.0947
754,131,455.834,19,0.9612,0.3342
639,165,339.018,7,0.6731,0.0748
922,66,100.408,15,0.5819,0.3358
900,21,331.532,3,0.3882,0.0516
507,98,692.434,13,0.3592,0.0102
110,1,538.78,9,0.7688,0.079
635,10,451.326,3,0.3387,0.0228
623,11,607.418,8,0.3574,0.0
278,16,596.765,20,0.973,0.2638
850,142,639.563,5,0.7152,0.0
870,120,78.825,19,0.926,0.7601
331,187,93.64,7,0.4186,0.1512
477,58,575.304,7,0.9651,0.0194
196,67,716.649,1,0.7949,0.0
179,99,405.25,2,0.5209,0.0
266,157,694.289,20,0.9339,0.1931
366,187,477.395,9,0.3732,0.0
273,146,61.887,15,0.9263,0.7716
152,102,666.939,1,0.7627,0.0071
448,196,604.313,4,0.656,0.0386
624,37,386.043,11,0.9163,0.1998
326,95,535.741,12,0.3095,0.0
534,50,253.443,15,0.6894,0.2206
272,34,443.554,14,0.6556,0.0791
704,80,297.826,9,0.4086,0.0314
649,154,379.772,11,0.4817,0.033
961,64,458.5,17,0.4289,0.0052
54,164,39.259,13,0.4725,0.3783
854,123,69.589,18,0.7927,0.6621
341,142,59.796,18,0.9755,0.8739
67,49,428.552,20,0.7549,0.2195
690,173,297.587,18,0.6864,0.2697
172,41,360.293,11,0.6447,0.0845
176,75,360.452,1,0.398,0.0
980,157,29.619,11,0.8252,0.7414
221,139,573.264,11,0.9383,0.0945
548,60,504.645,19,0.5613,0.0941
201,53,495.445,10,0.3814,0.0
124,87,25.144,16,0.7888,0.7223
1,90,469.411,1,0.8222,0.0
17,12,360.579,4,0.3993,0.0298
474,49,547.728,19,0.469,0.0298
435,31,70.199,2,0.538,0.0369
39,31,537.757,20,0.5264,0.0577
350,71,692.435,12,0.493,0.0136
273,8,612.785,15,0.7104,0.0656
572,136,643.856,18,0.8959,0.1563
995,135,55.039,6,0.7107,0.4277
692,45,381.578,9,0.4124,0.0056
919,176,177.974,2,0.3989,0.0
193,119,392.573,12,0.9768,0.2322
216,63,508.888,6,0.306,0.021
751,39,537.84,14,0.9542,0.1871
311,86,713.953,13,0.6257,0.0
849,193,689.512,7,0.304,0.0
464,1,178.327,6,0.4711,0.0726
201,5,659.285,8,0.7313,0.0
845,83,636.548,15,0.4452,0.012
551,184,521.012,1,0.9464,0.0
803,57,185.885,20,0.3216,0.0868
453,150,135.946,10,0.5369,0.1824
127,115,313.919,5,0.5419,0.0197
682,40,28.602,5,0.7911,0.5723
125,182,204.778,20,0.9904,0.6822
664,33,53.3,12,0.9648,0.7715
417,102,377.883,10,0.5932,0.0495
792,133,444.106,11,0.746,0.041
871,136,80.584,9,0.9431,0.6384
408,171,629.295,5,0.825,0.0286
883,142,70.147,4,0.406,0.0756
111,132,285.573,3,0.9436,0.0
108,31,360.956,2,0.6145,0.0508
994,62,419.337,14,0.5964,0.0998
575,70,230.096,15,0.3471,0.0468
451,75,513.564,9,0.9017,0.0673
156,23,246.108,14,0.9401,0.4357
289,20,182.311,8,0.9265,0.2939
687,89,326.56,16,0.4357,0.0437
822,145,82.115,17,0.3766,0.2213
917,178,695.651,5,0.4556,0.0348
408,189,396.295,13,0.4763,0.0166
455,97,104.147,15,0.535,0.3065
164,180,573.271,13,0.6573,0.0633
84,92,518.813,13,0.9905,0.2016
438,95,310.249,4,0.5579,0.0371
580,42,708.273,8,0.4562,0.0186
105,126,360.693,1,0.4445,0.0083
409,63,153.575,4,0.7147,0.0847
642,98,569.808,12,0.7822,0.0951
811,188,668.73,14,0.6222,0.0098
939,110,189.277,8,0.8704,0.2996
341,61,5.336,19,0.3108,0.2885
392,135,438.877,10,0.727,0.0498
875,147,527.735,17,0.7239,0.127
694,122,188.185,9,0.9292,0.3641
274,9,693.851,20,0.4432,0.0029
686,46,121.115,18,0.5611,0.3366
158,26,576.932,4,0.6456,0.0
450,192,631.005,19,0.6668,0.0976
307,63,123.451,13,0.4978,0.2253
993,95,361.217,16,0.657,0.1674
35,181,20.68,8,0.4139,0.3283
857,199,462.339,2,0.5597,0.0
282,44,393.692,7,0.961,0.093
37,172,560.467,5,0.4296,0.0
661,146,361.169,7,0.396,0.05
679,123,255.12,9,0.321,0.0624
143,34,98.835,14,0.8125,0.5708
39,139,37.247,5,0.7336,0.4651
112,123,380.995,16,0.4412,0.0589
409,90,661.637,3,0.5828,0.0
133,118,551.64,12,0.4344,0.0395
704,43,283.35,18,0.789,0.3569
78,125,708.291,14,0.3965,0.0
789,31,132.888,10,0.8288,0.3953
875,58,718.294,8,0.5379,0.0
717,99,166.083,13,0.6328,0.2842
945,33,121.533,10,0.8649,0.4424
940,183,618.07,18,0.6722,0.0701
47,178,337.84,4,0.5703,0.0003
342,95,642.192,16,0.5682,0.0167
761,114,538.715,2,0.666,0.0
340,59,113.267,19,0.4151,0.2293
738,43,88.225,10,0.4943,0.2356
775,193,321.949,1,0.6898,0.0
997,83,404.532,20,0.4422,0.1087
330,191,305.003,5,0.7293,0.0698
348,14,153.026,19,0.4801,0.2343
25,22,157.013,15,0.7457,0.4367
286,96,367.38,18,0.3865,0.0312
281,157,10.788,13,0.6516,0.5806
454,85,316.323,8,0.8251,0.1217
422,168,24.405,10,0.5208,0.3935
857,27,628.721,15,0.8345,0.1302
774,172,446.67,10,0.5313,0.0147
729,89,115.756,19,0.8409,0.614
6,58,553.484,11,0.907,0.0649
472,128,354.937,2,0.3335,0.0
730,156,367.953,2,0.4851,0.0
245,186,184.784,9,0.9769,0.367
425,18,283.808,1,0.3655,0.0
728,141,632.332,8,0.3909,0.0
795,63,106.411,6,0.3107,0.0406
855,101,449.257,17,0.4862,0.0373
430,93,156.559,18,0.7127,0.4259
400,155,320.537,12,0.4788,0.0354
383,80,384.009,17,0.9781,0.3618
669,56,88.128,20,0.6225,0.454
420,98,56.988,19,0.7286,0.6201
401,134,348.781,2,0.4603,0.0
169,170,295.023,9,0.7414,0.1093
479,2,663.156,7,0.4905,0.0248
238,114,502.708,6,0.958,0.0259
525,15,645.757,12,0.8746,0.0891
889,124,668.415,2,0.3083,0.0
776,125,14.218,5,0.5881,0.5214
479,172,633.56,5,0.5904,0.0077
978,39,690.123,20,0.6814,0.0792
981,159,326.177,19,0.8628,0.3953
445,138,458.093,14,0.909,0.2428
764,134,249.431,9,0.7049,0.1155
343,128,71.484,13,0.788,0.5398
879,110,189.444,14,0.4996,0.1671
374,13,58.452,3,0.3607,0.0
259,163,350.746,5,0.3047,0.0
134,79,470.756,16,0.316,0.0579
843,21,4.26,19,0.8099,0.7729
297,123,165.167,20,0.4453,0.1723
814,190,53.576,6,0.7956,0.516
87,143,695.352,17,0.3644,0.0221
501,50,578.339,14,0.8684,0.1541
428,164,22.797,12,0.7378,0.6261
439,170,586.164,4,0.5654,0.0
168,67,595.715,14,0.876,0.1322
74,105,579.87,3,0.7864,0.0
347,168,632.523,11,0.8842,0.093
471,32,337.532,7,0.797,0.0524
794,71,172.758,1,0.3348,0.0
463,92,626.787,8,0.698,0.0
246,2,601.028,18,0.6803,0.117
263,34,198.153,16,0.8754,0.495
612,123,418.328,5,0.4253,0.0
436,53,401.217,15,0.4579,0.0199
902,49,351.277,7,0.3669,0.0042
440,60,438.397,9,0.616,0.0322
567,25,60.916,19,0.3036,0.2014
64,128,327.616,11,0.7335,0.1353
194,52,201.868,15,0.4062,0.1095
851,131,2.207,20,0.4058,0.3854
345,166,374.046,12,0.3693,0.0153
422,96,262.904,10,0.6201,0.1023
591,183,310.776,6,0.4509,0.0
58,40,80.617,13,0.3249,0.1476
507,193,364.294,17,0.4548,0.0645
347,65,194.856,20,0.8081,0.4568
149,61,0.919,11,0.3038,0.3233
419,196,561.718,6,0.4766,0.0
447,92,452.23,11,0.4589,0.012
187,150,380.336,20,0.4812,0.0739
544,161,448.07,4,0.4544,0.0
747,90,233.378,13,0.5471,0.1931
268,64,89.025,9,0.8375,0.5239
967,99,257.309,15,0.7466,0.2804
613,78,568.098,8,0.53,0.0
774,84,438.147,10,0.8014,0.073
71,48,569.799,6,0.5334,0.0
768,183,649.692,20,0.6314,0.0839
337,115,180.128,10,0.7202,0.2373
711,160,658.431,19,0.69,0.1037
805,132,477.24,17,0.5639,0.0653
251,71,403.98,11,0.4848,0.0
260,64,362.559,7,0.759,0.0707
60,197,337.744,12,0.5777,0.0662
606,5,53.67,5,0.7062,0.355
775,59,39.814,10,0.589,0.443
411,148,238.637,18,0.8542,0.4571
161,110,146.958,14,0.9577,0.5934
317,124,62.817,16,0.9605,0.826
403,5,18.083,11,0.3253,0.2405
917,44,704.45,12,0.6316,0.042
125,120,153.102,12,0.5549,0.1727
344,63,708.984,14,0.3633,0.0
639,95,392.269,6,0.887,0.0675
237,192,138.523,2,0.7674,0.0037
885,128,105.044,5,0.6985,0.1895
910,127,144.979,15,0.944,0.5774
381,40,262.238,20,0.7502,0.3858
746,120,147.991,18,0.9442,0.6551
756,193,596.261,19,0.7692,0.1584
682,128,264.58,10,0.3547,0.0245
187,158,379.637,6,0.3124,0.0
50,191,361.136,17,0.913,0.3
348,181,475.037,9,0.6749,0.0105
132,68,718.13,12,0.532,0.0492
293,60,319.644,19,0.7203,0.2641
639,57,232.647,1,0.6058,0.0426
589,155,701.348,16,0.5068,0.0
210,76,718.289,1,0.5454,0.0153
18,165,562.381,12,0.7366,0.0682
226,161,574.423,3,0.7469,0.0
455,134,293.57,16,0.9531,0.3804
780,25,388.24,20,0.8572,0.3698
366,143,253.628,11,0.8231,0.2332
286,42,445.764,20,0.8551,0.3186
552,111,594.62,14,0.3119,0.0
72,46,269.64,1,0.9864,0.026
226,13,385.572,8,0.9702,0.1182
37,128,558.091,8,0.4623,0.0226
526,91,150.777,19,0.8891,0.6307
444,129,439.659,19,0.5655,0.1393
583,99,558.658,16,0.8014,0.1654
618,75,38.02,12,0.4852,0.3871
396,4,183.045,2,0.9591,0.0104
869,56,18.673,16,0.9274,0.8357
919,177,5.114,9,0.8713,0.8436
111,151,344.146,5,0.341,0.0
921,93,504.635,17,0.3482,0.0481
197,7,276.097,3,0.6698,0.0359
249,197,447.372,13,0.9157,0.1943
530,148,138.275,7,0.4539,0.0885
30,5,602.308,17,0.3911,0.0536
365,43,261.384,14,0.6208,0.1593
195,35,509.336,4,0.9537,0.0103
483,181,93.993,19,0.9614,0.7571
815,191,589.129,2,0.9517,0.0185
925,83,373.244,16,0.6565,0.1369
213,36,698.608,11,0.9563,0.0158
545,129,292.164,9,0.9871,0.281
475,55,628.623,10,0.9369,0.0555
416,25,297.006,8,0.6061,0.0823
633,52,78.129,16,0.4754,0.3413
990,51,495.253,18,0.8263,0.2144
406,11,132.144,17,0.4839,0.2114
66,141,575.994,11,0.5473,0.021
916,71,241.435,19,0.6759,0.2995
933,111,544.747,10,0.9033,0.1308
323,111,346.896,10,0.6361,0.0801
502,155,386.875,6,0.355,0.0378
863,153,529.068,17,0.7059,0.1195
504,113,479.008,14,0.3543,0.0421
482,168,478.403,12,0.4662,0.0302
922,114,474.611,4,0.3777,0.0
829,6,421.602,8,0.7058,0.0615
508,172,581.264,8,0.4723,0.0
162,154,216.364,12,0.7308,0.2992
439,85,131.135,16,0.7633,0.5277
677,78,529.448,4,0.6329,0.0148
273,180,388.907,14,0.3014,0.0
538,86,648.49,12,0.3215,0.0
659,75,694.879,3,0.6373,0.0218
86,147,624.403,5,0.447,0.0159
570,66,394.469,8,0.6376,0.0
738,81,543.093,12,0.7037,0.0384
215,156,241.053,8,0.6265,0.0446
549,45,11.121,15,0.6765,0.6448
710,3,562.048,5,0.9764,0.0
45,68,562.788,9,0.7426,0.0233
645,35,6.284,5,0.4376,0.3615
260,73,621.858,5,0.4135,0.0341
398,15,634.695,11,0.9658,0.0381
649,118,231.204,5,0.9863,0.1633
5,103,12.909,7,0.6208,0.5765
17,55,630.797,14,0.9031,0.0809
447,126,51.238,13,0.7461,0.5875
950,29,167.571,15,0.3309,0.0826
7,3,390.882,13,0.8411,0.145
789,96,587.997,19,0.5586,0.0501
75,33,563.018,20,0.7042,0.0964
489,172,490.606,9,0.9232,0.0739
431,61,596.732,12,0.6687,0.0146
469,86,493.668,2,0.7099,0.0048
82,59,459.317,17,0.8653,0.2257
754,87,121.159,12,0.8643,0.5395
276,20,317.024,19,0.7403,0.2714
772,187,325.27,3,0.3264,0.0
656,35,13.81,9,0.912,0.8428
552,80,292.271,11,0.737,0.1275
309,170,163.89,4,0.6814,0.0791
653,86,65.016,6,0.8939,0.5083
998,141,393.578,6,0.5636,0.0303
924,14,171.03,14,0.369,0.107
917,60,137.477,14,0.4796,0.2079
220,152,566.599,13,0.9388,0.1657
586,53,583.362,7,0.8533,0.0
398,83,475.987,3,0.6431,0.0
967,17,136.967,3,0.8747,0.0981
951,101,455.723,16,0.91,0.2359
869,70,513.735,3,0.86,0.0003
163,173,168.366,17,0.9973,0.6536
319,80,96.153,7,0.9714,0.504
712,166,312.423,13,0.6933,0.1756
750,181,305.789,3,0.7677,0.0
351,168,110.802,17,0.9932,0.7624
137,149,138.439,19,0.9353,0.6771
137,117,359.975,19,0.6369,0.2082
685,96,379.981,1,0.4568,0.0446
455,17,387.489,19,0.4166,0.0104
492,27,707.073,5,0.3976,0.0277
816,77,28.998,12,0.3138,0.2444
17,132,566.236,19,0.8262,0.1927
755,1,253.626,13,0.673,0.2252
275,188,542.217,17,0.6178,0.1157
932,199,529.649,5,0.3009,0.0
956,16,446.479,19,0.6319,0.2172
503,20,454.615,13,0.3103,0.0
316,170,477.958,18,0.783,0.1827
234,40,538.4,1,0.9904,0.0158
182,37,95.201,9,0.9232,0.5602
1000,38,260.124,17,0.4351,0.0982
188,141,606.325,2,0.7479,0.014
447,27,394.703,5,0.4866,0.0064
480,37,99.025,17,0.6787,0.5182
680,80,692.406,20,0.6214,0.0956
843,121,711.248,8,0.4803,0.0
558,199,369.371,4,0.6777,0.0105
759,48,384.133,3,0.7746,0.0248
567,51,210.611,17,0.7802,0.3508
437,109,371.878,16,0.4277,0.05
158,84,697.541,14,0.3143,0.0
209,121,183.662,1,0.8572,0.0
433,50,219.672,8,0.762,0.2172
47,124,646.252,5,0.6179,0.0217
317,186,277.072,12,0.7436,0.2156
463,137,700.233,14,0.9199,0.0778
473,148,252.029,18,0.5556,0.2241
815,14,3.833,5,0.6126,0.554
968,181,686.706,12,0.6657,0.0155
730,141,171.013,2,0.7806,0.0187
80,126,499.92,4,0.6447,0.0072
409,31,34.592,14,0.7997,0.6939
730,111,538.868,12,0.4918,0.0
595,136,158.84,7,0.3854,0.0782
458,125,576.281,10,0.344,0.0
437,25,695.969,19,0.358,0.029
406,9,33.04,7,0.3151,0.1626
580,96,265.27,2,0.9873,0.0
179,144,515.503,3,0.8307,0.0
518,78,717.435,7,0.6765,0.0
206,138,261.711,11,0.4835,0.0338
681,194,716.388,18,0.8113,0.141
865,178,647.464,12,0.9973,0.112
508,127,518.045,2,0.5531,0.0
388,146,275.275,4,0.5669,0.0
941,18,386.81,18,0.8957,0.2839
660,18,518.79,3,0.5702,0.0078
429,141,493.882,17,0.9154,0.2346
29,161,208.004,16,0.4192,0.0772
16,39,401.418,3,0.9396,0.0
222,119,601.3,12,0.3953,0.0
237,58,342.317,12,0.8147,0.1677
722,22,407.912,3,0.5224,0.0637
501,76,236.161,3,0.8669,0.0444
1000,90,115.694,4,0.4183,0.0
541,156,47.972,19,0.7442,0.6613
904,173,292.657,2,0.6547,0.0
553,189,455.058,20,0.5013,0.0801
359,21,547.33,13,0.6405,0.0319
715,185,60.977,7,0.9718,0.685
450,104,229.652,7,0.8307,0.1938
275,35,581.788,20,0.3407,0.013
474,130,81.268,9,0.9843,0.6479
665,13,715.165,6,0.8042,0.0029
376,93,455.719,19,0.4769,0.0787
705,166,676.843,13,0.972,0.1272
981,195,525.937,15,0.6468,0.0607
412,58,694.01,5,0.6803,0.0
296,35,479.207,20,0.4735,0.0862
403,117,193.381,1,0.9974,0.0
839,32,576.296,20,0.513,0.0595
179,196,163.157,8,0.7494,0.2905
974,66,407.022,1,0.7083,0.0145
414,38,268.903,9,0.7999,0.1857
842,48,575.459,9,0.3516,0.0
787,75,546.953,4,0.6476,0.0181
784,149,622.072,18,0.461,0.0
909,174,178.179,11,0.3856,0.0105
185,148,718.242,1,0.6679,0.0051
594,130,579.964,19,0.6171,0.0397
100,55,278.733,10,0.618,0.1368
300,188,92.354,17,0.5661,0.4056
41,200,251.912,3,0.5187,0.0417
683,127,76.898,9,0.3201,0.0961
608,157,443.26,14,0.7152,0.121
741,61,81.748,9,0.9373,0.624
177,90,310.254,1,0.6436,0.0
333,162,480.815,18,0.5056,0.0308
677,85,326.484,13,0.5157,0.0604
827,152,634.848,12,0.4826,0.0
886,172,173.894,4,0.607,0.043
74,187,377.44,9,0.3377,0.0
403,59,657.534,18,0.4655,0.0497
11,96,254.627,6,0.96,0.1314
819,78,340.614,4,0.6186,0.0
123,101,671.682,19,0.3326,0.0133
823,149,359.756,8,0.3081,0.0
157,65,622.321,10,0.9854,0.0563
16,47,677.161,1,0.8467,0.0195
879,54,184.766,7,0.4852,0.042
439,154,565.912,19,0.5313,0.0788
425,200,470.877,18,0.8288,0.2203
647,21,710.444,20,0.7488,0.119
275,196,421.818,14,0.762,0.1576
691,7,570.903,15,0.5615,0.0
430,106,249.226,18,0.8864,0.5086
273,27,436.799,2,0.7956,0.0
395,192,560.689,7,0.8088,0.0395
7,153,696.194,2,0.4379,0.0
302,72,181.7,20,0.5126,0.2442
592,138,57.265,12,0.5535,0.3708
138,170,702.951,18,0.5132,0.0459
119,44,434.101,13,0.4411,0.0
656,127,12.912,13,0.7717,0.7034
429,60,374.632,14,0.7549,0.2061
137,144,673.983,20,0.6849,0.1226
748,114,708.794,18,0.7291,0.0742
776,144,234.849,9,0.981,0.2941
35,128,563.084,13,0.3479,0.0
202,128,330.534,11,0.7718,0.1419
371,17,286.868,4,0.8668,0.0521
732,171,546.02,12,0.6057,0.0667
75,35,194.742,8,0.5167,0.0869
806,79,307.278,16,0.6839,0.2078
320,103,177.88,18,0.8335,0.481
126,170,103.128,15,0.9058,0.6741
864,126,273.406,4,0.7636,0.0361
87,37,690.665,19,0.7505,0.0655
130,58,301.885,7,0.9269,0.1292
950,40,492.08,10,0.6729,0.0501
520,119,205.61,13,0.5527,0.159
464,144,623.124,12,0.4317,0.004
688,142,450.116,16,0.3938,0.0432
631,151,684.352,9,0.5603,0.0033
614,141,235.023,14,0.3197,0.0
24,181,387.615,16,0.7469,0.2223
552,182,137.957,11,0.9126,0.5262
279,55,98.269,15,0.7492,0.4812
808,61,421.666,18,0.9867,0.3899
506,12,578.558,20,0.9471,0.2437
124,54,144.252,11,0.7156,0.3556
887,102,506.248,20,0.3913,0.0
285,132,483.684,10,0.4373,0.0191
272,176,347.694,12,0.5486,0.0669
937,119,552.293,3,0.4195,0.0
776,195,427.816,1,0.5899,0.0014
860,111,681.507,10,0.9962,0.0964
663,172,549.986,12,0.9977,0.1957
911,162,638.404,10,0.8266,0.0258
116,98,260.504,13,0.7292,0.2578
600,175,584.014,6,0.8966,0.0
294,173,714.261,2,0.9736,0.0335
399,63,118.113,15,0.8944,0.6454
238,43,368.294,4,0.7557,0.0468
206,25,620.951,7,0.6408,0.0
443,185,285.873,18,0.5624,0.1605
919,89,366.174,1,0.6066,0.0294
636,114,538.418,9,0.4122,0.0097
350,55,593.87,13,0.4839,0.0101
434,78,144.062,19,0.8355,0.5931
530,81,281.904,7,0.7479,0.0967
245,117,284.346,7,0.5211,0.0216
522,36,110.457,5,0.6596,0.1878
696,157,66.084,20,0.5609,0.451
244,79,536.307,5,0.4674,0.0001
585,49,613.509,14,0.3744,0.0
709,3,685.405,18,0.6718,0.0531
520,21,688.554,15,0.7404,0.0632
292,54,716.175,11,0.3011,0.0
555,147,60.214,12,0.3267,0.1395
794,171,285.996,7,0.4307,0.0
222,191,59.611,11,0.825,0.6259
575,60,488.242,16,0.8136,0.1685
681,128,700.136,15,0.5923,0.0
322,54,26.894,4,0.9988,0.7297
388,29,379.194,5,0.654,0.0347
889,109,384.183,15,0.7599,0.201
364,129,117.976,10,0.6747,0.3392
599,153,600.181,9,0.9518,0.0184
150,24,284.503,20,0.39,0.0971
926,150,303.024,4,0.3386,0.0
597,61,692.629,18,0.6851,0.0289
761,56,178.493,11,0.7584,0.2792
603,7,277.844,19,0.8866,0.4715
356,41,554.623,10,0.643,0.0
341,98,345.847,17,0.4177,0.1195
702,38,434.661,5,0.5533,0.0
860,65,344.287,16,0.8468,0.3201
128,107,204.353,5,0.5012,0.0238
846,20,117.582,19,0.9012,0.6958
831,176,612.172,12,0.3839,0.0178
110,62,198.516,16,0.597,0.277
109,152,718.106,19,0.7983,0.1091
696,130,7.741,2,0.5496,0.4185
843,151,635.061,7,0.7643,0.0136
394,58,682.131,12,0.9886,0.1039
641,35,42.738,1,0.33,0.0056
1000,29,452.039,1,0.3229,0.0272
323,46,563.638,14,0.7214,0.0395
226,109,443.254,4,0.9667,0.0248
992,125,633.746,10,0.6433,0.0
281,151,95.82,14,0.6257,0.3983
473,193,683.131,16,0.4582,0.0658
443,167,396.591,19,0.5556,0.1488
524,72,248.276,1,0.3031,0.0
269,95,378.37,1,0.6672,0.0
680,191,244.637,1,0.871,0.0
692,143,328.191,16,0.8466,0.3249
201,84,113.074,2,0.6083,0.0426
481,167,608.224,10,0.6061,0.0
58,28,280.831,1,0.7743,0.0
221,135,336.515,17,0.9549,0.4057
988,190,654.94,17,0.8195,0.1004
507,106,653.088,13,0.6491,0.0288
623,123,567.525,20,0.9373,0.2852
889,12,22.096,12,0.9913,0.93
714,121,652.638,14,0.8018,0.058
793,59,136.295,9,0.9326,0.513
713,199,315.851,20,0.9585,0.4272
499,64,650.202,7,0.6991,0.0
633,63,68.884,5,0.5058,0.151
289,80,96.268,11,0.813,0.5274
891,140,414.973,4,0.416,0.0
180,191,337.021,14,0.5339,0.1421
885,70,280.872,12,0.5787,0.1112
879,42,583.053,8,0.8933,0.0258
143,153,644.222,1,0.6036,0.0251
711,109,713.833,10,0.7358,0.0
990,91,88.971,11,0.9051,0.6596
573,199,487.059,12,0.3952,0.0
341,100,627.431,1,0.7738,0.0
880,124,173.552,1,0.773,0.0032
513,197,345.886,16,0.6852,0.1704
122,42,5.657,5,0.9347,0.9079
250,181,97.354,18,0.6707,0.4692
683,193,90.843,4,0.4105,0.0632
456,95,509.591,8,0.7698,0.0403
217,68,448.208,18,0.5919,0.1117
800,33,28.343,3,0.9939,0.6693
121,10,429.102,18,0.8694,0.2674
220,197,49.529,1,0.3959,0.0
466,87,145.983,4,0.5613,0.0385
40,134,649.03,6,0.41,0.0206
388,49,322.306,14,0.9332,0.3379
910,65,562.679,12,0.3214,0.0
942,164,226.647,9,0.5823,0.1147
872,132,80.202,12,0.4443,0.2256
324,44,639.554,11,0.6175,0.0486
65,2,118.374,16,0.8546,0.6091
815,164,252.067,9,0.3165,0.0427
374,17,505.038,19,0.4841,0.0487
749,8,426.303,10,0.8857,0.1355
120,61,668.189,17,0.5049,0.0188
668,186,711.129,14,0.5167,0.0
587,129,106.001,9,0.4983,0.2037
921,9,163.529,6,0.7778,0.1662
102,184,460.378,11,0.9199,0.1235
408,188,106.073,1,0.5629,0.0
990,140,390.627,7,0.9805,0.125
390,15,268.751,11,0.4072,0.0242
659,3,639.51,8,0.9101,0.0132
161,175,661.069,2,0.548,0.0
729,165,186.728,12,0.4185,0.0791
276,167,69.333,20,0.7752,0.6259
573,98,713.582,9,0.4764,0.0
880,119,108.35,7,0.3979,0.0939
662,35,125.286,15,0.6431,0.3586
475,8,181.939,1,0.4237,0.0247
191,45,245.745,18,0.6651,0.2853
342,125,106.827,10,0.9543,0.5468
850,81,232.345,16,0.3028,0.0563
217,124,16.346,7,0.5569,0.468
657,89,576.808,5,0.7317,0.0032
485,112,190.126,14,0.6421,0.2831
321,191,588.896,6,0.7129,0.0
717,127,465.96,15,0.3164,0.0371
363,191,346.253,14,0.6736,0.1364
287,194,700.065,14,0.7621,0.091
530,124,278.709,16,0.719,0.2322
758,200,128.85,8,0.3298,0.0172
865,50,415.968,20,0.3735,0.0414
630,105,101.338,18,0.7819,0.5885
662,15,199.669,10,0.4017,0.0487
788,19,653.618,1,0.5169,0.0038
270,27,642.408,1,0.6117,0.0233
251,27,335.589,10,0.6083,0.0541
484,83,344.616,1,0.3386,0.0
632,145,408.301,19,0.6161,0.1787
646,198,61.068,9,0.5953,0.3993
154,197,182.646,9,0.4971,0.1161
781,36,417.799,11,0.6622,0.0301
364,88,231.579,20,0.8114,0.4262
878,87,154.035,12,0.9945,0.5938
725,20,466.276,15,0.9784,0.3051
983,8,408.051,12,0.7814,0.1646
632,71,235.829,9,0.4649,0.0403
528,172,674.953,2,0.8807,0.0
188,78,560.048,14,0.5335,0.0
399,77,429.424,10,0.4346,0.0
859,200,151.21,19,0.5278,0.3505
383,76,466.806,3,0.3394,0.0
54,138,495.328,17,0.5767,0.0704
246,197,418.721,14,0.8608,0.1826
596,24,459.512,4,0.3055,0.007
630,103,117.223,11,0.3001,0.0226
984,68,241.528,17,0.4233,0.0753
934,24,641.391,15,0.4374,0.0
532,10,99.152,5,0.7508,0.2194
555,130,424.783,14,0.4122,0.0
801,131,646.363,2,0.5788,0.0
49,113,10.685,3,0.7466,0.6466
596,135,696.344,9,0.47,0.0
475,144,636.065,2,0.4188,0.0
784,12,514.99,12,0.9211,0.1441
801,7,510.722,4,0.4534,0.0249
656,68,624.827,7,0.9251,0.0
658,114,123.529,12,0.9629,0.596
692,181,504.103,17,0.9494,0.2399
581,196,247.607,3,0.6376,0.0
228,166,630.522,7,0.8049,0.0022
285,59,384.232,9,0.4727,0.0142
742,115,551.505,3,0.345,0.0
619,24,120.675,4,0.6638,0.1136
238,97,174.648,10,0.3713,0.0442
878,20,603.562,8,0.8452,0.0
981,199,284.871,13,0.6547,0.1758
627,91,380.27,18,0.3446,0.0049
228,145,522.523,6,0.8037,0.0
939,21,122.59,4,0.6401,0.1061
237,191,218.166,18,0.624,0.2871
433,105,234.804,7,0.694,0.0787
859,15,660.05,2,0.8521,0.0287
521,74,99.495,19,0.3984,0.2574
243,43,267.663,12,0.3795,0.0
81,14,690.728,20,0.4199,0.0
361,7,601.189,17,0.5137,0.028
673,143,482.899,13,0.8251,0.1215
715,174,395.457,17,0.7156,0.2058
223,133,603.967,3,0.3437,0.0351
159,139,681.432,14,0.8745,0.1249
702,8,665.369,4,0.3319,0.0502
160,36,460.35,1,0.4449,0.0
65,7,524.208,17,0.9216,0.2651
487,195,558.333,2,0.5449,0.0
571,148,582.825,1,0.5384,0.0
244,192,527.945,10,0.4324,0.0
212,182,129.973,8,0.4251,0.0886
236,45,547.018,19,0.3213,0.0177
343,103,281.377,14,0.8938,0.3397
10,130,144.255,2,0.8115,0.0174
12,149,74.272,4,0.5632,0.1466
371,134,173.406,18,0.8287,0.5099
20,91,365.826,16,0.498,0.0458
319,1,178.129,17,0.5394,0.2432
581,188,479.622,6,0.9188,0.0614
32,138,694.381,20,0.4571,0.0145
618,168,32.192,10,0.898,0.7397
622,45,94.505,4,0.4726,0.1024
574,22,178.419,18,0.9383,0.6061
627,181,579.238,3,0.4596,0.0
810,162,195.679,3,0.5045,0.0423
71,168,138.304,8,0.6867,0.2201
169,89,110.487,17,0.4403,0.2456
318,182,108.366,11,0.3177,0.0438
689,45,518.41,4,0.5108,0.0
873,152,509.994,18,0.6021,0.048
919,99,224.359,11,0.3087,0.0154
583,33,323.874,19,0.8499,0.3815
411,144,452.484,13,0.4953,0.0219
412,73,702.055,7,0.4229,0.0137
60,32,535.194,3,0.7385,0.0
466,142,578.279,17,0.9144,0.1686
513,155,703.976,3,0.6159,0.0237
209,65,274.699,17,0.5981,0.2103
768,194,50.217,16,0.648,0.5464
812,143,537.894,9,0.4107,0.0
303,5,87.629,12,0.517,0.2469
915,68,316.069,10,0.6185,0.0744
108,195,531.76,1,0.9963,0.0233
911,36,402.236,18,0.5729,0.1016
769,191,264.661,16,0.3351,0.0262
224,104,370.577,18,0.4793,0.0882
651,136,176.94,12,0.9504,0.4551
311,138,53.843,20,0.8883,0.7347
800,103,297.285,2,0.7354,0.0185
161,104,42.457,13,0.6742,0.5545
245,114,705.363,19,0.7484,0.1051
308,129,322.574,10,0.9735,0.2477
200,148,635.364,10,0.6078,0.0
333,88,685.311,17,0.8599,0.1037
603,88,323.822,8,0.914,0.1358
634,156,302.948,2,0.4468,0.0125
554,152,643.319,6,0.5705,0.0
190,130,25.454,18,0.8041,0.7588
203,93,351.043,7,0.4641,0.0
920,115,193.768,5,0.5233,0.061
252,115,542.11,9,0.5467,0.0088
104,88,602.522,10,0.9816,0.0857
454,36,446.591,19,0.7869,0.2389
7,108,293.289,14,0.665,0.1162
343,89,399.822,16,0.6128,0.1211
855,11,413.596,1,0.7788,0.0
268,192,457.479,18,0.9251,0.2863
704,134,664.018,8,0.4614,0.0091
490,23,179.744,2,0.819,0.0
356,41,145.531,6,0.4717,0.0877
662,115,137.367,14,0.8439,0.5646
596,173,502.173,2,0.8171,0.0038
319,98,651.568,16,0.7843,0.1092
224,163,235.625,4,0.487,0.0
917,26,303.175,17,0.9943,0.4427
169,106,697.111,4,0.5335,0.0097
960,166,105.029,18,0.9165,0.6755
472,170,633.34,16,0.4258,0.0
997,49,690.706,4,0.5639,0.0
354,135,575.744,9,0.3162,0.0
566,8,242.544,2,0.3704,0.0
616,29,470.752,1,0.6122,0.0272
339,181,210.177,8,0.8767,0.2761
219,149,87.442,5,0.7681,0.3216
521,42,77.755,16,0.7019,0.5305
663,200,7.223,15,0.309,0.2577
262,199,704.427,6,0.8825,0.0
767,9,471.831,5,0.5286,0.0
639,6,231.63,18,0.6858,0.3169
167,49,417.147,9,0.8752,0.1243
939,159,445.924,14,0.337,0.0151
44,120,132.117,14,0.5214,0.2416
654,103,208.341,14,0.9683,0.528
440,84,394.266,20,0.3677,0.0375
654,96,604.732,15,0.5553,0.0226
775,128,93.739,2,0.9293,0.1311
688,13,618.073,9,0.3843,0.0116
651,118,438.666,5,0.7786,0.0
841,45,352.81,5,0.7823,0.0
702,158,104.065,5,0.4703,0.0787
814,40,396.156,17,0.4015,0.0272
403,15,254.938,18,0.832,0.3983
203,87,136.462,5,0.4602,0.0257
235,89,633.641,12,0.8443,0.0595
613,104,331.882,10,0.9351,0.2141
532,173,57.884,16,0.3329,0.1978
78,140,217.889,18,0.4958,0.1586
205,73,131.093,10,0.8096,0.3693
968,146,676.287,9,0.6961,0.0085
727,101,175.383,10,0.6613,0.2374
755,45,364.852,10,0.6278,0.059
197,5,536.903,20,0.9699,0.2702
65,1,114.549,3,0.844,0.1066
292,45,315.272,4,0.6871,0.0
857,164,470.536,8,0.5289,0.0
507,93,635.066,8,0.3166,0.0
785,91,471.127,10,0.7744,0.0448
487,80,58.12,20,0.4088,0.3611
491,52,231.863,12,0.4099,0.0434
601,143,252.996,6,0.3732,0.0
959,3,279.863,6,0.9167,0.1351
438,123,677.995,3,0.7044,0.0028
596,188,26.189,1,0.8621,0.2642
920,177,217.914,6,0.3105,0.0002
373,74,354.822,15,0.6328,0.1665
840,171,62.662,17,0.7372,0.6024
536,48,348.406,14,0.9412,0.3366
880,49,77.579,20,0.7194,0.5976
468,69,603.284,5,0.392,0.0
630,4,194.826,13,0.7973,0.3692
324,54,376.807,16,0.5495,0.1212
636,171,445.38,20,0.4697,0.0774
327,153,220.47,6,0.8943,0.1867
610,66,253.271,4,0.6915,0.0757
789,63,367.816,20,0.6448,0.1841
435,70,580.01,13,0.8887,0.1016
430,24,326.212,16,0.9586,0.3563
323,32,353.7,12,0.7472,0.1179
731,199,429.225,3,0.8915,0.0
593,139,306.44,3,0.5956,0.009
517,136,522.913,7,0.9324,0.0271
26,57,4.031,13,0.8035,0.7764
111,172,348.033,20,0.9375,0.4277
8,36,664.61,11,0.9047,0.0415
851,194,443.643,11,0.5488,0.0182
852,101,350.465,16,0.9192,0.3036
68,67,555.972,14,0.6816,0.0943
47,151,283.264,17,0.8566,0.3746
782,84,336.683,7,0.7966,0.0494
525,54,140.917,5,0.947,0.2676
309,137,89.865,14,0.7928,0.5437
615,145,18.864,3,0.8044,0.6086
237,121,526.821,16,0.9978,0.2166
199,93,337.363,19,0.9083,0.4046
368,66,676.365,14,0.7287,0.0862
896,81,127.719,15,0.8254,0.5175
768,175,176.046,11,0.4787,0.0657
191,72,460.063,8,0.684,0.0171
562,194,39.783,5,0.9871,0.7006
885,30,362.706,11,0.4202,0.0124
952,33,89.417,19,0.9276,0.7348
763,67,116.625,17,0.8205,0.5852
129,1,368.956,8,0.5025,0.0317
241,176,409.946,4,0.9625,0.0
219,69,153.059,20,0.5977,0.3557
151,21,195.656,1,0.6304,0.0
176,124,204.915,4,0.6377,0.0749
317,192,102.532,11,0.4367,0.2056
556,199,695.336,17,0.7467,0.1239
398,22,498.538,2,0.6651,0.022
421,159,80.251,5,0.988,0.4696
246,73,257.477,20,0.8426,0.4272
152,168,124.688,2,0.6068,0.0252
999,122,169.141,5,0.9226,0.1922
599,147,676.454,1,0.9473,0.0168
230,168,98.894,15,0.7008,0.4686
810,180,633.525,7,0.972,0.0402
831,29,606.2,15,0.6641,0.1017
967,145,535.569,1,0.4535,0.0
160,29,357.891,4,0.6676,0.0
640,189,186.396,3,0.6411,0.0044
981,126,598.39,1,0.6588,0.0
807,39,600.617,1,0.4228,0.0
226,59,378.465,5,0.4429,0.0099
894,180,34.758,18,0.5758,0.4922
422,129,139.336,11,0.8289,0.4184
489,46,40.852,16,0.4622,0.3738
559,165,129.893,3,0.3569,0.022
772,144,366.309,18,0.4871,0.0907
121,16,615.078,19,0.5778,0.1035
540,57,470.504,12,0.3389,0.0
817,169,432.85,16,0.587,0.0636
549,71,538.653,9,0.7109,0.0279
275,8,460.916,5,0.8772,0.0
57,121,319.546,18,0.639,0.2503
550,180,587.154,3,0.8117,0.0418
704,112,223.678,8,0.7745,0.2053
550,196,668.279,2,0.6782,0.0
980,23,84.099,7,0.692,0.3252
603,134,459.311,17,0.5031,0.0528
509,130,360.622,15,0.4026,0.0356
56,197,306.836,18,0.6709,0.2497
559,105,309.681,17,0.4893,0.1302
169,165,30.868,11,0.5591,0.4942
725,30,541.214,20,0.8245,0.2288
162,9,254.014,12,0.7692,0.2409
907,144,343.44,13,0.4035,0.0253
303,1,610.344,9,0.391,0.0185
434,175,415.73,6,0.8996,0.0065
145,5,613.109,16,0.5719,0.0308
211,138,99.129,19,0.4275,0.2979
922,91,203.268,18,0.7291,0.3991
284,130,164.497,15,0.9772,0.6389
513,125,638.218,7,0.7229,0.0112
982,89,562.83,17,0.7212,0.1314
624,97,600.636,19,0.9222,0.2341
42,101,409.668,10,0.4394,0.0559
358,136,159.329,5,0.6933,0.0916
387,143,271.75,14,0.4686,0.0651
277,90,396.441,5,0.7783,0.0
242,71,14.155,20,0.6972,0.6677
504,9,460.723,18,0.8991,0.2976
378,156,615.579,14,0.7071,0.0844
295,46,234.795,11,0.7199,0.2104
413,87,489.609,4,0.6403,0.0346
344,199,348.424,2,0.3386,0.0076
229,157,3.362,1,0.6295,0.475
453,70,204.832,3,0.3304,0.0227
943,95,380.295,9,0.7297,0.0508
506,65,522.072,6,0.4646,0.0
598,126,289.763,7,0.3093,0.034
985,31,134.504,4,0.8333,0.188
614,191,44.425,15,0.5301,0.4307
224,198,514.721,20,0.7558,0.1645
399,60,263.147,1,0.7809,0.0
488,47,466.091,15,0.6495,0.1008
475,108,160.05,18,0.3006,0.0946
150,130,543.496,9,0.8599,0.0379
106,129,248.286,12,0.5614,0.1342
350,9,38.179,17,0.4778,0.3965
915,143,367.613,13,0.82,0.1818
718,14,526.776,6,0.8525,0.0
842,69,671.432,7,0.8689,0.0076
175,144,699.032,1,0.8383,0.0
415,178,328.894,17,0.4299,0.0575
582,128,440.743,8,0.844,0.0535
435,32,401.42,18,0.471,0.0657
417,137,384.383,8,0.5146,0.0
360,8,82.911,11,0.4815,0.2667
52,47,483.187,3,0.4531,0.0
858,25,695.012,2,0.7048,0.0082
934,197,91.735,13,0.7321,0.4683
81,74,224.879,15,0.8233,0.3732
414,112,55.937,8,0.4387,0.2392
518,159,290.302,13,0.6311,0.1108
784,194,347.063,6,0.7171,0.0568
987,200,258.094,14,0.5565,0.1544
417,33,343.401,13,0.4552,0.0416
749,79,578.235,17,0.3546,0.0194
938,82,154.418,15,0.4948,0.1778
831,160,545.861,18,0.6653,0.1085
291,68,571.271,20,0.4179,0.0
818,47,418.625,8,0.9132,0.107
413,152,227.374,18,0.7949,0.3871
18,100,674.312,10,0.3713,0.0204
759,150,262.329,1,0.4418,0.0
836,76,36.418,20,0.3361,0.2693
344,98,98.415,4,0.8992,0.2896
451,2,641.999,3,0.4622,0.0013
365,4,108.408,11,0.9771,0.6564
118,1,322.4,14,0.9835,0.3443
995,36,498.374,10,0.471,0.0
23,70,413.237,13,0.9478,0.2165
556,11,470.601,18,0.547,0.1013
15,33,251.472,12,0.5328,0.0938
690,170,476.979,17,0.9364,0.2528
901,171,7.037,13,0.7157,0.7388
644,58,189.909,11,0.7795,0.2835
607,190,89.43,11,0.5907,0.3559
828,24,328.062,19,0.6656,0.2003
975,7,105.42,7,0.8418,0.3732
862,71,394.333,8,0.4194,0.0247
232,53,130.488,16,0.9913,0.7197
564,16,298.563,14,0.8604,0.2855
819,170,53.902,3,0.4876,0.0534
295,196,317.066,14,0.79,0.2357
676,55,581.844,1,0.3092,0.0
23,64,228.51,11,0.8258,0.3377
878,144,508.695,7,0.8582,0.0
615,187,306.997,5,0.398,0.0
744,58,169.015,13,0.5136,0.1761
826,137,218.853,4,0.7542,0.0349
219,5,218.205,8,0.7948,0.1745
451,114,534.642,4,0.348,0.0
859,198,145.073,3,0.5986,0.0164
165,96,704.007,8,0.636,0.0096
823,129,495.145,13,0.7776,0.1233
289,138,289.131,14,0.5449,0.12
576,127,718.564,19,0.5518,0.0179
510,138,156.035,7,0.452,0.0856
687,178,549.415,8,0.9366,0.0517
837,3,195.439,18,0.3664,0.1136
349,177,391.595,4,0.6425,0.0
172,182,39.656,12,0.4,0.313
423,181,609.527,15,0.3211,0.0035
613,74,263.946,10,0.7863,0.216
751,117,421.038,18,0.416,0.0301
754,71,667.681,7,0.7077,0.0
340,169,22.263,3,0.7372,0.4465
937,82,696.989,3,0.9832,0.0025
84,63,378.367,11,0.6017,0.0306
117,138,562.247,12,0.3527,0.0
25,10,340.856,11,0.6222,0.0999
927,76,587.546,8,0.3936,0.0125
181,42,634.062,10,0.6628,0.0
602,75,275.114,20,0.6356,0.19
813,90,520.434,10,0.6181,0.0
767,13,719.006,15,0.8545,0.1354
949,173,545.256,18,0.5611,0.0621
54,84,688.975,3,0.8322,0.0
408,72,530.496,5,0.8474,0.024
507,30,237.854,12,0.5553,0.1079
697,200,595.636,15,0.5207,0.0
623,172,479.932,18,0.3139,0.0149
560,97,24.292,15,0.8448,0.7822
307,67,124.566,19,0.8147,0.5489
107,94,188.486,20,0.4057,0.1458
432,193,535.494,19,0.4098,0.0
260,45,574.037,13,0.8374,0.1009
555,137,595.444,17,0.3897,0.0052
798,181,48.861,20,0.8576,0.7876
553,152,52.417,6,0.4548,0.1736
584,175,215.949,12,0.6378,0.2044
42,190,490.655,13,0.4325,0.0
645,12,606.452,8,0.4785,0.0185
440,48,626.016,15,0.705,0.0047
124,29,149.807,15,0.8967,0.5939
214,114,552.655,17,0.7142,0.1294
781,82,461.538,5,0.4476,0.0042
917,9,667.282,18,0.6873,0.1124
508,112,556.574,20,0.4227,0.0148
977,21,380.843,11,0.6613,0.1096
181,82,564.008,9,0.4549,0.0189
300,74,222.306,7,0.8477,0.173
931,179,566.131,15,0.8972,0.1954
176,137,562.551,11,0.737,0.0496
660,125,615.823,13,0.5763,0.0115
220,167,174.904,19,0.8867,0.5962
332,37,611.356,15,0.5544,0.0165
478,52,122.132,11,0.5464,0.2067
360,151,555.882,4,0.3874,0.009
875,150,669.576,3,0.9078,0.0076
973,5,26.257,15,0.397,0.3324
501,45,450.916,9,0.9631,0.1094
526,46,475.076,1,0.8123,0.0
56,2,586.995,16,0.8889,0.1391
235,133,74.481,15,0.6393,0.4886
40,11,654.835,20,0.476,0.0312
857,169,715.53,6,0.6435,0.0025
228,118,484.08,9,0.8613,0.0289
341,153,309.837,13,0.6297,0.1497
843,100,457.394,16,0.4922,0.0268
714,195,39.861,5,0.6916,0.4151
622,55,542.308,6,0.3221,0.0145
39,112,50.841,13,0.8194,0.6538
563,2,232.604,8,0.7651,0.157
561,167,100.797,20,0.4571,0.2916
319,114,522.887,6,0.4521,0.0052
745,36,428.191,1,0.8417,0.0037
930,164,503.577,14,0.506,0.034
260,198,46.955,16,0.6955,0.6068
332,14,267.007,19,0.6899,0.3021
323,170,292.739,6,0.7249,0.0822
835,148,433.926,17,0.3266,0.0067
78,71,74.127,20,0.6224,0.486
896,127,466.187,12,0.8413,0.1795
776,158,284.486,6,0.8246,0.0572
484,96,652.309,11,0.6027,0.0
584,134,324.138,14,0.3799,0.0218
895,10,73.94,18,0.6725,0.5625
770,186,74.898,10,0.7257,0.4855
277,185,183.466,19,0.8725,0.5717
51,43,173.044,7,0.8376,0.2385
659,96,573.716,16,0.5602,0.018
146,48,520.259,15,0.7376,0.08
88,80,55.666,14,0.6684,0.5142
983,56,613.107,14,0.454,0.0342
474,173,69.666,16,0.4855,0.3305
651,139,565.759,2,0.7973,0.01
218,170,80.809,10,0.8064,0.4817
102,159,271.29,19,0.8025,0.3733
63,146,540.795,9,0.5367,0.0
355,34,182.99,3,0.6565,0.0198
4,166,82.041,20,0.4378,0.3387
421,157,566.887,16,0.7839,0.1444
325,25,497.657,12,0.5494,0.012
527,18,641.767,19,0.5271,0.0037
590,153,462.097,12,0.5438,0.0391
309,79,53.708,18,0.3338,0.2339
456,66,459.998,3,0.6086,0.0053
79,80,592.294,9,0.6721,0.0
302,174,60.707,11,0.3488,0.1987
979,73,98.131,11,0.5601,0.2827
992,75,488.01,8,0.9904,0.0443
486,80,569.862,1,0.6212,0.0333
940,11,254.592,6,0.5803,0.0351
502,8,529.521,17,0.7104,0.1445
126,83,120.921,20,0.5559,0.3737
868,4,319.962,2,0.3852,0.0196
416,152,538.667,19,0.8591,0.2744
613,85,143.671,20,0.8575,0.6246
649,101,251.531,20,0.8113,0.3926
309,68,453.113,6,0.4907,0.0
734,153,249.444,7,0.6947,0.0749
502,86,629.457,4,0.6291,0.0
367,8,688.864,14,0.7756,0.0245
298,98,462.627,4,0.8026,0.0347
747,36,563.437,7,0.5757,0.0227
250,120,652.868,12,0.8439,0.0779
125,113,505.488,9,0.7369,0.0144
882,95,556.9,8,0.8163,0.001
332,78,58.218,6,0.7981,0.4736
642,120,593.197,5,0.8406,0.0272
717,137,198.049,12,0.6989,0.257
839,176,51.444,4,0.7301,0.3696
626,193,424.625,6,0.3757,0.0414
708,17,163.673,2,0.6712,0.0
838,132,57.95,6,0.9352,0.5796
944,17,439.079,6,0.4992,0.0466
47,84,71.408,9,0.5789,0.3399
744,149,638.86,6,0.718,0.0
175,109,697.892,1,0.5084,0.0
892,162,531.629,8,0.4472,0.0273
49,183,207.474,18,0.9337,0.5532
247,195,405.248,12,0.3439,0.0
193,135,23.082,5,0.4701,0.2833
604,135,447.597,19,0.7438,0.2171
5,161,190.333,13,0.8884,0.4615
18,47,327.89,14,0.3938,0.0745
505,61,129.196,2,0.518,0.0
972,69,710.324,6,0.8706,0.0056
529,149,149.742,8,0.4158,0.043
446,71,300.485,14,0.3431,0.0
658,28,183.685,1,0.3289,0.0
552,160,390.172,5,0.9279,0.0371
385,150,651.894,20,0.8722,0.2097
589,119,118.058,6,0.6271,0.214
4,177,101.815,18,0.9349,0.7013
245,159,53.79,4,0.3661,0.0857
674,181,424.538,18,0.3261,0.0033
342,52,433.694,8,0.6422,0.0
55,24,591.49,5,0.8426,0.0321
125,69,601.974,14,0.3511,0.0276
867,166,73.848,12,0.5436,0.3482
330,185,655.623,3,0.3977,0.0131
23,22,597.241,18,0.8028,0.1339
729,172,466.194,16,0.487,0.049
531,96,250.21,8,0.682,0.1052
452,164,536.949,19,0.3054,0.0006
895,137,447.075,1,0.5998,0.0189
314,13,254.517,20,0.357,0.0661
573,97,10.037,9,0.9306,0.9113
745,18,426.776,17,0.7543,0.2205
609,68,415.285,18,0.6859,0.1836
208,152,111.719,17,0.5306,0.3205
682,137,652.602,3,0.3182,0.0
744,141,115.099,9,0.5697,0.2135
123,133,207.066,2,0.4433,0.0089
166,3,268.145,5,0.6496,0.0
675,117,491.894,12,0.373,0.0
119,98,59.24,14,0.6904,0.5115
881,106,505.858,5,0.8785,0.0
110,43,298.717,2,0.5903,0.0
975,142,132.13,8,0.3351,0.0136
672,122,81.142,12,0.7073,0.4569
444,81,297.176,8,0.9547,0.1862
269,12,321.385,20,0.9579,0.4688
345,14,99.288,14,0.5658,0.3414
749,72,347.634,13,0.6011,0.1193
754,108,362.005,1,0.5024,0.0068
209,200,706.337,19,0.9357,0.1513
543,145,513.722,14,0.4469,0.0401
993,98,9.256,20,0.6893,0.6675
258,60,343.607,10,0.6433,0.0757
694,34,16.034,14,0.3613,0.326
173,29,368.318,11,0.6521,0.0823
835,15,243.646,18,0.6946,0.3534
171,183,650.573,15,0.4928,0.0092
298,4,355.421,8,0.4218,0.0298
460,173,612.006,13,0.6125,0.0255
371,117,420.596,3,0.976,0.0048
171,124,285.791,14,0.9704,0.3962
641,192,165.774,10,0.5731,0.1341
20,158,132.282,6,0.857,0.3083
984,30,572.176,18,0.8434,0.1932
53,194,635.809,18,0.9589,0.1374
334,36,233.679,2,0.7621,0.0003
930,114,356.374,13,0.5067,0.0558
156,129,207.357,1,0.9885,0.0
73,49,328.084,10,0.5405,0.0542
744,127,626.099,20,0.3936,0.0045
74,128,99.773,11,0.6369,0.3564
900,196,210.224,3,0.9735,0.0921
452,183,500.748,5,0.7523,0.0
870,80,223.995,1,0.7301,0.0129
246,139,58.892,16,0.5319,0.3904
142,165,269.885,18,0.8132,0.3646
963,6,487.164,6,0.4264,0.0329
763,137,708.492,6,0.3676,0.0018
911,184,642.397,12,0.9116,0.0741
320,25,404.771,16,0.6631,0.1387
405,151,559.791,19,0.9203,0.2147
578,13,411.614,20,0.3248,0.0547
449,81,355.859,12,0.7929,0.1806
243,164,123.27,13,0.3886,0.1243
376,198,210.716,1,0.4039,0.0
609,146,325.791,2,0.4455,0.0015
38,145,709.642,20,0.3281,0.0258
336,52,438.361,5,0.9916,0.0024
293,166,680.34,12,0.7554,0.0126
71,132,186.622,6,0.9327,0.2464
123,189,50.125,4,0.4017,0.0955
496,121,704.441,17,0.8569,0.1055
103,8,237.665,10,0.3643,0.0321
345,103,385.653,3,0.3949,0.0
561,155,51.687,8,0.9121,0.7001
874,158,619.552,9,0.4246,0.0
99,78,0.989,9,0.8631,0.9071
435,35,652.376,16,0.9389,0.2002
103,174,119.484,10,0.3265,0.1062
429,165,132.513,13,0.9555,0.5934
481,176,594.663,17,0.6849,0.0553
800,135,278.393,19,0.7308,0.311
443,166,184.705,5,0.8871,0.1776
936,81,429.639,13,0.7701,0.1493
138,156,183.549,14,0.9747,0.5522
54,98,206.671,14,0.9429,0.4302
5,159,33.273,15,0.4759,0.3956
357,30,388.606,3,0.8181,0.0
193,60,93.617,20,0.5703,0.412
92,43,602.809,15,0.3817,0.0043
236,82,540.859,7,0.5123,0.0
975,163,205.888,9,0.3353,0.0641
801,24,384.554,5,0.667,0.0076
19,147,415.923,13,0.3026,0.0214
916,167,480.012,19,0.4222,0.0614
206,135,301.913,9,0.997,0.2264
406,130,469.997,20,0.9582,0.3515
328,28,122.376,15,0.7213,0.4144
406,123,339.398,16,0.9889,0.4017
761,46,68.138,2,0.6245,0.0463
713,50,677.6,8,0.6383,0.0002
595,173,289.314,10,0.6104,0.081
627,124,444.749,20,0.3251,0.0
728,199,352.923,17,0.5395,0.1317
185,91,19.795,12,0.668,0.6154
396,72,45.622,18,0.6596,0.5592
108,200,190.848,5,0.6556,0.1218
705,125,486.116,4,0.5493,0.0
438,173,462.012,17,0.8012,0.1636
638,9,135.726,16,0.9655,0.7061
565,106,352.057,10,0.8603,0.1792
274,164,264.601,7,0.5259,0.055
139,162,409.568,2,0.5003,0.0362
973,144,241.307,3,0.9191,0.0589
294,33,645.315,16,0.452,0.0
110,110,340.405,13,0.3822,0.0187
306,21,307.423,17,0.4861,0.121
903,161,506.543,2,0.6765,0.0
262,127,562.205,18,0.3054,0.0
987,39,315.319,12,0.4373,0.0806
461,146,78.897,4,0.479,0.0571
862,144,61.722,20,0.6907,0.5862
654,11,235.686,7,0.8104,0.1451
44,18,527.593,8,0.9876,0.0728
510,41,470.793,16,0.4397,0.0
417,15,207.526,10,0.7879,0.2755
202,108,3.661,16,0.4599,0.4083
550,176,462.903,12,0.7185,0.0686
103,13,406.586,18,0.4788,0.0641
699,123,556.306,6,0.6249,0.0073
822,85,494.196,11,0.6346,0.0638
93,168,178.145,4,0.97,0.1216
480,97,527.821,7,0.4814,0.0238
656,134,350.451,20,0.8774,0.4175
63,185,414.052,9,0.8108,0.058
390,28,257.357,15,0.683,0.1986
259,64,569.329,6,0.7964,0.0
40,54,141.585,1,0.5501,0.0292
805,34,147.666,13,0.7408,0.4226
445,130,171.328,5,0.4022,0.0
752,2,568.583,10,0.8521,0.0569
588,78,524.371,16,0.535,0.0602
876,25,194.468,12,0.99,0.5258
998,124,104.025,2,0.6042,0.0353
603,151,20.782,14,0.9513,0.9271
353,94,492.512,9,0.4819,0.0243
423,89,388.219,5,0.5043,0.0
826,90,505.815,14,0.8616,0.1569
427,40,510.09,18,0.9172,0.259
520,76,608.316,5,0.6418,0.0174
195,187,299.788,1,0.3448,0.0
991,9,595.724,17,0.5446,0.0227
651,158,314.035,5,0.8636,0.0507
331,33,509.778,7,0.6355,0.0274
586,23,397.047,3,0.8029,0.0246
402,58,663.465,2,0.5649,0.0
155,54,266.807,9,0.3231,0.0376
875,64,496.831,13,0.7736,0.1025
886,170,430.829,19,0.5083,0.0416
835,181,719.052,10,0.6413,0.0
369,139,56.09,17,0.9385,0.7705
257,30,430.839,19,0.4554,0.0659
50,190,167.743,10,0.5449,0.1416
732,170,636.672,12,0.4095,0.0
328,16,572.142,9,0.3257,0.0568
893,78,476.693,16,0.5887,0.0859
870,156,346.111,1,0.3691,0.0256
129,18,490.689,19,0.5098,0.0562
917,16,399.346,10,0.8944,0.1404
141,122,207.212,3,0.3301,0.0
491,68,590.074,6,0.7432,0.0273
474,89,369.298,11,0.5721,0.0736
957,151,185.497,1,0.5735,0.0033
658,109,478.5,16,0.6506,0.0746
876,143,13.913,17,0.5414,0.5428
596,26,518.604,12,0.3571,0.0057
826,1,338.906,15,0.9199,0.2856
853,51,456.889,2,0.4347,0.0623
860,41,113.618,19,0.7791,0.5754
412,65,517.282,9,0.827,0.0483
382,156,520.897,10,0.4448,0.0
985,31,534.074,6,0.4114,0.0207
757,26,336.65,10,0.9391,0.1764
918,41,461.344,1,0.318,0.0453
578,66,395.689,12,0.6054,0.0069
930,40,168.201,6,0.3487,0.0335
720,37,17.065,18,0.5977,0.5978
743,116,298.069,4,0.4339,0.0067
178,23,586.833,5,0.9429,0.0087
567,31,232.35,13,0.5202,0.1322
732,168,539.407,2,0.8583,0.0
761,4,460.739,14,0.5618,0.0353
958,13,254.673,14,0.6713,0.2245
327,14,0.914,11,0.7737,0.7921
303,108,310.609,11,0.7704,0.1895
970,139,283.156,16,0.895,0.3676
987,139,100.325,12,0.5224,0.2878
180,139,589.575,17,0.6412,0.0853
379,12,687.97,18,0.8846,0.0952
949,69,87.734,6,0.5247,0.126
200,127,166.662,19,0.447,0.2209
784,137,455.581,12,0.4946,0.0204
113,67,684.645,8,0.5299,0.0292
179,170,672.512,17,0.4104,0.0565
785,167,670.602,14,0.4274,0.0362
608,154,317.184,15,0.3366,0.0123
555,160,709.857,10,0.4561,0.0
857,196,262.875,2,0.9349,0.0005
308,159,62.88,12,0.7279,0.5541
504,118,507.344,16,0.5317,0.075
609,80,400.675,17,0.8608,0.2326
740,73,575.702,2,0.7194,0.0036
333,165,447.387,6,0.4305,0.024
634,60,590.955,15,0.7349,0.1111
449,126,247.93,2,0.955,0.0365
542,101,207.671,18,0.3536,0.0484
863,76,545.339,14,0.9932,0.1507
394,91,358.609,16,0.5969,0.1375
669,17,129.575,7,0.6421,0.2372
942,142,270.326,13,0.316,0.0275
763,14,576.573,6,0.4849,0.0
989,15,665.262,3,0.5638,0.0
584,51,547.552,3,0.9775,0.0
282,107,517.191,4,0.8169,0.0
992,60,584.481,20,0.9573,0.2622
645,177,144.782,2,0.8126,0.0044
242,186,417.509,17,0.8934,0.2994
318,79,428.017,11,0.3222,0.0344
263,200,681.099,15,0.905,0.1051
834,18,11.512,14,0.8692,0.8229
93,29,698.791,11,0.7157,0.0034
740,70,522.91,19,0.7912,0.2302
555,189,16.644,1,0.8404,0.3407
74,101,373.786,11,0.3357,0.0092
614,142,50.71,20,0.4742,0.3517
754,131,434.643,13,0.9568,0.1757
726,100,325.431,4,0.5103,0.0
529,187,556.261,5,0.3724,0.0021
336,191,417.399,15,0.7782,0.1527
164,90,566.301,13,0.5658,0.0
13,143,265.842,11,0.8781,0.2487
360,125,617.03,1,0.7051,0.0
633,119,623.807,6,0.9943,0.0082
38,21,472.088,9,0.8012,0.0885
999,42,190.245,10,0.7549,0.2862
586,199,713.834,12,0.6458,0.0125
295,49,588.859,12,0.3449,0.0
963,131,613.263,10,0.3229,0.0
184,183,8.811,15,0.8242,0.8126
958,121,594.911,14,0.8326,0.156
282,44,157.179,15,0.4471,0.1627
380,172,366.19,7,0.6862,0.0
426,7,507.233,1,0.5293,0.017
995,145,295.705,20,0.8141,0.4112
251,54,175.787,18,0.8737,0.5566
973,129,360.381,6,0.6091,0.0085
347,97,216.182,15,0.7829,0.3444
286,114,443.223,7,0.5528,0.0
639,77,79.434,16,0.6656,0.4989
694,106,294.284,4,0.8181,0.0
346,188,426.158,7,0.3851,0.009
135,166,713.18,11,0.3128,0.0
397,84,356.982,14,0.7525,0.2069
541,189,306.925,6,0.8524,0.0598
41,178,712.238,13,0.7394,0.031
79,126,666.314,9,0.4278,0.0116
918,119,484.7,7,0.653,0.0376
36,8,392.464,17,0.584,0.1317
407,105,195.409,4,0.961,0.1179
764,43,449.362,15,0.7841,0.1609
329,33,600.544,12,0.6637,0.0009
495,172,706.752,14,0.5785,0.0089
87,55,123.513,16,0.5373,0.3313
795,124,197.684,17,0.3943,0.1186
635,174,636.844,7,0.7921,0.0
852,120,619.964,9,0.6775,0.0289
864,156,516.136,18,0.3543,0.0167
351,156,75.135,11,0.5865,0.3134
42,90,508.651,18,0.8364,0.1833
347,185,337.988,20,0.4017,0.0396
146,182,267.615,16,0.8441,0.3438
534,68,180.869,17,0.6206,0.2875
147,164,229.287,3,0.3485,0.0158
922,37,386.003,15,0.9581,0.2888
603,23,117.023,11,0.4301,0.12
254,107,366.945,11,0.3294,0.0233
922,122,35.182,20,0.6711,0.5986
770,117,295.953,6,0.4043,0.0238
438,160,691.239,6,0.3341,0.0033
147,79,532.193,4,0.7708,0.0936
344,162,49.859,1,0.3756,0.0
585,181,495.398,4,0.976,0.0
766,19,141.603,11,0.8683,0.4743
262,90,341.661,8,0.9101,0.1206
743,45,212.154,6,0.7683,0.1212
283,132,672.629,20,0.6817,0.0793
247,83,39.67,15,0.7792,0.7065
448,57,634.349,4,0.7104,0.0315
161,51,505.142,19,0.8656,0.2258
405,71,261.527,13,0.4298,0.0789
358,22,633.403,9,0.3928,0.0225
281,21,292.835,8,0.7745,0.1342
776,126,502.977,16,0.4398,0.0
332,189,567.369,9,0.9859,0.0792
696,102,206.558,15,0.4049,0.0721
721,186,52.488,10,0.7631,0.5602
666,31,625.117,14,0.8584,0.1007
270,195,166.911,16,0.4989,0.1933
830,118,670.935,1,0.7696,0.0003
237,149,227.171,3,0.9698,0.0588
278,13,299.018,15,0.9675,0.4177
875,121,310.108,6,0.4036,0.0
340,77,337.146,16,0.3799,0.0422
698,180,693.208,8,0.5133,0.0059
43,159,176.84,2,0.3414,0.0143
615,173,438.153,9,0.3986,0.0
869,179,212.127,19,0.5687,0.2441
709,145,94.704,20,0.3088,0.1634
583,50,208.272,10,0.3489,0.0686
850,57,397.955,14,0.9755,0.2701
299,172,437.229,16,0.8035,0.2016
377,121,190.247,9,0.5186,0.0825
70,179,710.873,14,0.3842,0.0
699,160,261.493,18,0.6354,0.2554
724,122,599.151,16,0.7181,0.0673
752,31,25.707,12,0.4916,0.4349
749,197,500.709,1,0.6968,0.0
128,49,218.841,15,0.617,0.228
667,50,386.792,13,0.7458,0.148
764,30,602.436,10,0.5935,0.0085
204,14,522.026,7,0.6517,0.0
477,76,259.256,10,0.3855,0.0
914,169,527.519,8,0.4496,0.0132
415,174,298.371,3,0.6274,0.0321
754,99,46.178,3,0.671,0.2267
531,63,479.388,7,0.8414,0.0
658,70,674.539,12,0.4277,0.0121
627,184,60.688,1,0.7879,0.0461
651,12,495.246,15,0.6192,0.0878
780,12,604.689,1,0.3206,0.0099
905,13,429.777,5,0.3361,0.0173
296,178,349.747,19,0.6643,0.2581
929,19,171.174,4,0.7724,0.0609
628,189,139.976,5,0.9034,0.2775
596,37,285.635,20,0.4628,0.1738
328,110,461.907,2,0.8721,0.0027
417,195,226.907,5,0.4231,0.0
652,24,351.908,12,0.7556,0.1354
364,57,432.192,7,0.4189,0.0
288,146,151.58,12,0.7383,0.2855
820,164,533.934,18,0.4909,0.0681
416,182,452.813,10,0.5648,0.0086
645,4,426.325,9,0.7526,0.0506
32,156,344.501,7,0.6713,0.0069
78,65,262.978,7,0.3622,0.0009
849,112,395.371,12,0.7324,0.1397
143,182,551.444,2,0.6939,0.0
796,181,508.474,3,0.8187,0.0473
901,38,531.283,16,0.8965,0.1861
482,95,151.176,9,0.4378,0.0913
885,57,561.483,15,0.7717,0.1275
428,123,241.829,18,0.5471,0.2186
952,166,168.202,6,0.4652,0.0602
238,64,87.956,8,0.7992,0.5146
428,25,597.921,13,0.6598,0.0579
389,13,448.89,14,0.9258,0.2226
785,11,605.82,2,0.4684,0.0221
44,74,404.439,12,0.4215,0.0
829,194,619.472,5,0.6525,0.0051
24,51,400.953,10,0.8514,0.1752
316,81,465.185,17,0.6621,0.1085
597,135,41.051,4,0.5989,0.312
146,132,482.319,19,0.7513,0.1697
491,55,430.554,7,0.6723,0.0
998,26,174.674,16,0.7463,0.3931
824,32,81.612,4,0.8304,0.3409
31,45,250.299,15,0.9874,0.4987
592,18,43.801,17,0.4711,0.3687
598,92,432.797,14,0.7214,0.1146
69,130,393.306,19,0.7211,0.2122
651,136,660.868,2,0.4607,0.0036
522,182,372.886,19,0.9735,0.3987
682,59,525.541,12,0.8514,0.1127
298,131,478.237,5,0.4564,0.027
256,177,503.908,14,0.9866,0.2134
736,6,226.173,10,0.4577,0.0255
722,157,299.344,16,0.4769,0.0995
162,18,86.674,15,0.3092,0.1111
217,111,468.515,15,0.3788,0.0
587,167,218.104,17,0.3554,0.0968
830,92,395.356,7,0.9535,0.0218
202,112,663.536,5,0.8997,0.006
220,124,491.857,12,0.7766,0.1078
808,116,193.086,5,0.571,0.0881
697,147,370.789,17,0.8263,0.233
903,172,433.766,19,0.6382,0.1346
784,27,612.185,10,0.9728,0.0504
954,84,571.611,16,0.323,0.0156
189,171,227.312,9,0.3052,0.0
272,77,662.182,18,0.5663,0.0933
238,98,106.546,2,0.8889,0.0489
56,149,199.145,20,0.7771,0.4581
780,188,24.865,11,0.5269,0.4563
662,51,224.454,20,0.3695,0.1178
86,192,298.408,15,0.6941,0.2044
199,142,174.121,15,0.693,0.3031
191,7,9.574,8,0.3219,0.2692
403,173,8.065,14,0.8806,0.8178
456,77,665.294,16,0.8298,0.1007
289,57,529.193,15,0.6474,0.0745
931,106,502.995,20,0.421,0.0219
213,116,565.836,2,0.6722,0.0
562,108,499.969,5,0.741,0.0
438,12,44.719,9,0.9377,0.8185
388,165,666.563,13,0.4648,0.0187
826,69,309.029,12,0.8479,0.2086
979,29,326.741,7,0.6524,0.0061
6,114,638.387,3,0.3375,0.0114
464,125,147.64,5,0.8607,0.1573
120,21,225.574,16,0.7051,0.2862
434,189,615.681,12,0.3341,0.022
618,121,374.396,1,0.7777,0.0241
412,200,302.798,8,0.6905,0.0775
310,135,687.308,8,0.5812,0.0009
313,3,639.932,13,0.3636,0.041
300,42,638.977,17,0.9235,0.1416
326,195,153.179,14,0.9509,0.5716
374,112,607.684,20,0.9554,0.2959
688,25,472.992,9,0.7425,0.0363
97,15,498.054,17,0.3442,0.023
41,108,34.914,1,0.7461,0.109
517,119,400.351,7,0.8839,0.1298
682,50,157.755,19,0.9956,0.6903
259,39,667.56,2,0.6932,0.0245
202,122,404.595,20,0.5492,0.0743
625,88,444.712,11,0.6155,0.047
385,8,175.544,6,0.7022,0.1529
737,12,303.68,1,0.8779,0.0224
147,48,381.404,18,0.9613,0.3971
122,113,584.763,4,0.4571,0.0202
553,61,440.537,19,0.4747,0.0457
393,3,81.83,20,0.8853,0.7508
730,184,324.837,5,0.6224,0.0579
507,139,213.129,14,0.4925,0.1201
355,117,388.25,10,0.3844,0.0474
160,49,338.546,12,0.4287,0.0311
164,142,16.565,2,0.5328,0.2895
756,190,149.808,9,0.3204,0.0
227,136,475.427,9,0.98,0.0736
503,60,392.145,12,0.6827,0.092
819,79,38.836,7,0.8764,0.7025
898,186,430.522,9,0.6081,0.0096
268,3,362.593,4,0.9705,0.0017
110,45,108.57,7,0.5965,0.1899
775,22,1.91,12,0.5788,0.6241
688,129,241.832,13,0.8091,0.3362
332,92,561.489,3,0.6937,0.0
594,27,96.215,13,0.5144,0.2829
189,189,680.019,8,0.3007,0.0
701,111,390.795,5,0.3865,0.0
728,50,546.165,18,0.4821,0.0103
300,190,703.347,16,0.3751,0.0
469,140,189.478,14,0.662,0.3139
335,26,419.866,9,0.5368,0.0066
32,166,245.603,17,0.7896,0.3397
128,12,61.331,9,0.6322,0.3936
960,182,571.424,5,0.4476,0.0
457,79,9.196,10,0.6074,0.5657
148,59,625.627,12,0.81,0.0532
45,11,572.181,13,0.6641,0.0542
354,187,459.829,6,0.5977,0.0
983,112,425.825,11,0.5514,0.0656
385,122,608.953,10,0.7851,0.0096
1000,171,40.58,5,0.8002,0.5344
490,102,530.333,13,0.7405,0.0481
764,58,130.312,7,0.6987,0.205
786,156,15.145,8,0.5511,0.5058
29,107,225.193,20,0.8224,0.4846
7,48,235.898,11,0.9142,0.3744
923,169,139.089,11,0.3883,0.1264
933,163,511.947,12,0.9443,0.0948
133,50,402.636,3,0.4627,0.0138
646,130,662.484,3,0.3941,0.0042
924,185,548.538,9,0.7668,0.0016
951,160,594.9,1,0.6067,0.0
297,40,649.852,6,0.9859,0.0
818,172,580.675,2,0.5901,0.0123
647,12,85.499,13,0.7579,0.5535
928,124,133.952,18,0.4041,0.1883
147,103,289.603,1,0.5936,0.0
602,8,239.422,20,0.777,0.4039
25,146,637.564,10,0.3846,0.0
358,60,377.662,3,0.7024,0.0578
12,171,630.736,7,0.9685,0.0462
443,176,279.063,8,0.5085,0.0518
812,119,652.733,7,0.7214,0.0
659,126,52.108,7,0.74,0.5113
317,11,321.072,20,0.8849,0.4217
427,179,648.861,12,0.4065,0.0
368,137,324.006,4,0.8005,0.0227
732,77,527.672,7,0.6873,0.0
267,18,260.151,7,0.6813,0.0738
92,101,597.117,20,0.7458,0.1323
507,181,454.802,18,0.855,0.2331
830,173,584.632,4,0.8029,0.0
478,20,386.502,15,0.3383,0.0023
205,153,459.264,10,0.6355,0.0225
47,17,380.867,5,0.7697,0.0239
944,76,408.681,5,0.3058,0.0
761,90,496.356,14,0.5103,0.0
156,5,87.45,9,0.3796,0.1162
74,28,553.491,1,0.5216,0.0
130,177,256.072,5,0.8315,0.062
377,126,9.551,1,0.8495,0.5763
812,158,463.624,2,0.7687,0.0
160,115,442.014,4,0.3947,0.0
819,90,522.728,19,0.8069,0.217
2,4,718.791,7,0.8089,0.0074
739,110,332.513,12,0.3306,0.0333
283,155,700.805,19,0.6869,0.0162
961,41,416.214,14,0.6519,0.0809
476,99,257.993,20,0.7534,0.3826
271,83,488.17,9,0.7823,0.027
243,175,141.849,1,0.3463,0.0338
827,33,695.747,4,0.4742,0.0
403,22,317.841,19,0.8777,0.4434
353,43,8.149,20,0.6633,0.6362
736,32,472.007,13,0.8702,0.1631
538,170,87.078,7,0.479,0.1394
664,53,64.475,4,0.9569,0.4649
446,73,17.447,15,0.6241,0.6211
65,52,635.795,8,0.6406,0.0
6,163,24.731,19,0.5056,0.4531
40,133,387.017,14,0.8555,0.2565
575,95,352.65,12,0.7878,0.145
514,160,655.992,17,0.905,0.1744
748,15,656.067,9,0.5967,0.0
895,136,663.074,13,0.8714,0.036
175,73,288.302,6,0.6083,0.0455
958,76,341.184,20,0.5126,0.1902
932,32,594.569,2,0.9905,0.0306
616,20,86.954,5,0.491,0.1206
531,139,82.824,2,0.4391,0.0
177,171,663.683,19,0.7101,0.0983
179,183,21.678,14,0.8362,0.7955
19,49,275.978,6,0.3971,0.0
646,153,140.764,19,0.8611,0.5431
434,23,60.928,15,0.9795,0.7842
192,156,701.198,16,0.659,0.0225
134,114,119.903,11,0.9761,0.6038
64,173,311.306,7,0.3962,0.0
641,14,184.816,19,0.7,0.3902
686,156,353.897,3,0.9189,0.0
632,94,552.28,5,0.6197,0.0044
111,114,475.166,5,0.8783,0.0005
42,108,411.874,16,0.7583,0.1698
107,143,367.935,18,0.4822,0.0818
752,120,95.368,17,0.9302,0.7078
740,84,290.101,6,0.5597,0.0507
295,88,651.839,11,0.332,0.0
56,15,590.866,11,0.4619,0.0004
320,145,47.08,20,0.8595,0.8052
810,142,605.199,20,0.803,0.149
144,114,596.274,7,0.7677,0.0312
797,145,577.511,20,0.3619,0.0003
464,54,586.758,18,0.8382,0.2184
142,45,707.793,5,0.7274,0.0
934,185,40.22,15,0.3911,0.265
519,191,276.647,20,0.6094,0.2647
672,171,697.291,6,0.5221,0.0558
97,11,398.145,7,0.7991,0.0552
372,110,491.413,18,0.5926,0.0788
633,148,260.855,17,0.7773,0.3071
646,8,152.962,17,0.9423,0.6397
63,194,704.478,5,0.5995,0.0434
605,158,260.709,6,0.9133,0.143
945,62,404.044,1,0.5457,0.0
787,102,175.925,15,0.5208,0.1933
208,183,696.221,17,0.4092,0.0141
913,171,186.429,17,0.8096,0.4357
683,166,658.084,10,0.821,0.0362
57,197,210.457,2,0.3919,0.0271
129,149,681.813,20,0.9498,0.2247
922,188,264.795,18,0.5644,0.1942
210,191,627.947,8,0.7553,0.0
97,4,432.074,15,0.9032,0.2506
451,131,82.396,8,0.6528,0.3152
526,67,213.2,18,0.9166,0.5547
574,99,547.959,12,0.8318,0.1042
659,34,480.793,20,0.5624,0.0598
999,136,256.712,16,0.6133,0.1843
760,167,141.051,13,0.7491,0.4052
26,83,596.845,1,0.9147,0.0
89,140,448.305,9,0.9914,0.1083
1,65,491.174,13,0.4114,0.0281
396,150,345.189,11,0.7351,0.1408
351,17,252.57,5,0.9349,0.1163
934,177,275.529,12,0.4921,0.0873
367,76,22.885,5,0.6507,0.53
31,101,679.538,20,0.7912,0.1264
884,161,264.23,2,0.6295,0.017
261,6,347.996,6,0.4197,0.0
913,190,257.474,1,0.4331,0.0
775,123,256.056,5,0.7157,0.0528
881,196,493.8,7,0.9921,0.0525
820,111,482.821,19,0.3783,0.0227
144,42,583.457,13,0.6436,0.0314
627,117,52.154,3,0.3613,0.0
413,115,629.385,9,0.8307,0.0007
629,185,688.833,4,0.867,0.0
746,116,712.162,3,0.7912,0.0328
501,82,93.166,12,0.7637,0.5057
313,36,350.679,10,0.876,0.161
917,66,676.141,4,0.8029,0.0
664,117,546.555,17,0.7272,0.0971
886,74,43.815,20,0.8013,0.752
238,73,626.684,17,0.3758,0.0
839,3,603.834,18,0.5427,0.0824
324,189,561.831,12,0.7624,0.051
461,168,296.817,5,0.8585,0.0461
861,52,455.436,12,0.4469,0.0102
355,28,515.607,4,0.5314,0.0067
251,167,285.889,8,0.6117,0.0184
916,168,564.588,8,0.9387,0.0415
965,180,197.13,10,0.5578,0.1122
312,110,132.625,17,0.398,0.174
307,148,618.478,16,0.9098,0.1454
228,146,244.642,14,0.5781,0.1214
24,43,41.347,9,0.9039,0.722
553,105,599.626,1,0.3587,0.0227
255,53,575.392,17,0.9622,0.2177
850,151,577.82,4,0.9684,0.0
172,195,245.766,13,0.5002,0.0509
636,16,434.538,3,0.3254,0.0
507,16,10.512,9,0.5808,0.5418
612,53,2.144,4,0.4616,0.471
113,24,187.042,19,0.8412,0.4386
467,2,378.459,9,0.3307,0.0341
627,196,432.427,18,0.3811,0.0426
341,117,96.482,9,0.7616,0.4198
875,156,624.784,8,0.8708,0.0015
530,114,690.898,8,0.3237,0.0229
363,150,86.273,15,0.4778,0.2926
31,138,593.266,16,0.7268,0.0491
169,33,442.444,19,0.4967,0.0922
477,31,361.976,2,0.7555,0.0088
401,98,352.381,12,0.7336,0.174
872,75,540.006,5,0.6541,0.0104
786,169,150.814,19,0.8483,0.617
159,62,438.646,6,0.3496,0.0381
592,66,188.544,2,0.3752,0.0
455,106,61.774,8,0.391,0.2071
102,39,398.297,19,0.984,0.3822
666,172,193.763,12,0.4929,0.0863
538,3,534.839,14,0.5756,0.0248
88,170,468.472,12,0.489,0.0554
469,125,161.9,4,0.8162,0.1137
732,178,620.394,19,0.4855,0.0343
328,59,250.165,3,0.6972,0.0271
357,181,510.664,7,0.377,0.0
111,173,192.839,15,0.8694,0.4606
205,92,141.953,19,0.9683,0.7072
982,57,619.466,5,0.5487,0.0059
621,40,661.48,20,0.3686,0.009
177,31,253.801,1,0.5445,0.0
483,117,227.121,11,0.4146,0.0334
193,193,505.996,5,0.9231,0.0033
443,114,164.088,18,0.9751,0.6315
146,193,622.296,3,0.5071,0.0
619,152,6.626,12,0.8316,0.8188
571,138,102.758,4,0.8345,0.192
634,145,87.346,3,0.8444,0.1671
444,186,229.174,11,0.3642,0.0166
286,172,623.689,6,0.8942,0.0443
250,33,460.987,11,0.6086,0.0646
216,117,77.827,6,0.8753,0.4297
430,93,57.281,9,0.534,0.3127
452,176,208.027,5,0.9421,0.1712
674,41,446.469,15,0.4555,0.0684
53,164,427.709,19,0.427,0.0256
282,96,82.683,1,0.3085,0.0097
853,187,547.895,9,0.5013,0.0
916,159,455.415,18,0.5971,0.1264
931,69,707.809,19,0.8369,0.1206
307,169,398.092,20,0.3448,0.026
138,38,236.009,2,0.4578,0.0
199,1,86.373,19,0.7199,0.5744
132,102,661.793,2,0.8369,0.0097
955,78,27.603,6,0.7831,0.6191
884,26,251.41,10,0.8374,0.2285
811,199,382.367,18,0.8437,0.2827
730,8,410.465,9,0.4165,0.0184
344,118,419.482,15,0.4993,0.033
476,53,516.468,12,0.9288,0.1555
842,60,92.828,10,0.8099,0.5325
815,43,518.07,3,0.9727,0.0
519,78,640.508,20,0.9781,0.2506
838,134,22.407,2,0.3023,0.018
347,65,26.264,5,0.7153,0.5216
414,145,713.798,18,0.8588,0.1211
840,90,224.943,12,0.7547,0.2755
377,158,327.918,7,0.3477,0.019
753,89,223.59,5,0.7771,0.0795
454,74,400.892,3,0.63,0.0275
298,102,512.411,6,0.7014,0.0051
219,138,547.284,17,0.8559,0.153
607,93,256.202,17,0.4183,0.1232
480,182,187.985,14,0.5503,0.1704
370,104,393.802,13,0.3355,0.0
744,60,276.972,6,0.7003,0.0427
2,6,448.109,15,0.3617,0.0
93,79,440.513,19,0.4765,0.0547
962,11,644.059,8,0.8258,0.0
664,8,3.275,12,0.3792,0.3541
550,75,73.78,19,0.5423,0.3652
15,59,566.566,3,0.8261,0.0131
599,177,420.371,10,0.8393,0.1079
435,147,45.473,15,0.8243,0.678
600,159,678.67,7,0.7186,0.0
42,110,468.466,2,0.7877,0.0
551,23,350.174,4,0.7656,0.0
578,171,561.412,18,0.6824,0.1205
291,99,429.333,6,0.5712,0.0
55,86,269.087,18,0.3775,0.0962
972,121,213.929,16,0.8823,0.4572
710,33,326.743,13,0.649,0.1163
622,97,342.44,7,0.8482,0.0449
768,122,512.807,9,0.6287,0.0058
671,140,340.826,7,0.7475,0.0181
135,101,13.697,8,0.987,0.9192
455,200,493.106,8,0.3666,0.0274
889,199,50.583,8,0.5026,0.3505
288,20,609.435,7,0.4803,0.0
973,17,510.105,8,0.9261,0.0582
65,104,430.646,11,0.3866,0.0112
331,166,327.267,11,0.8873,0.2631
351,103,124.334,20,0.3731,0.1866
618,44,471.77,4,0.9875,0.0
177,113,79.281,19,0.4013,0.2548
230,189,435.471,17,0.3261,0.0
663,34,132.412,19,0.9405,0.7329
285,90,429.948,17,0.9502,0.3249
880,128,109.259,13,0.6205,0.378
871,79,68.48,9,0.7332,0.4576
303,9,339.291,20,0.4359,0.0982
560,134,511.168,17,0.9692,0.2629
333,149,172.068,8,0.8876,0.2775
345,132,358.599,6,0.921,0.0318
671,133,575.295,4,0.8916,0.0088
294,132,395.819,14,0.6879,0.1839
150,67,430.135,19,0.5325,0.113
260,4,158.905,18,0.9953,0.704
930,198,90.077,17,0.5788,0.4329
260,41,107.736,17,0.9803,0.7337
364,166,700.433,8,0.4632,0.0148
629,109,62.822,17,0.7195,0.5521
102,108,109.509,5,0.6854,0.181
269,5,148.497,12,0.4862,0.1512
175,199,567.427,8,0.4818,0.0233
925,106,286.828,6,0.8472,0.0297
933,167,569.55,9,0.5322,0.0
756,156,301.919,16,0.7678,0.3126
248,28,572.312,17,0.6687,0.1065
617,190,644.792,12,0.4315,0.0047
663,119,322.329,8,0.4969,0.0299
870,38,710.191,13,0.5254,0.0146
157,117,671.73,10,0.4895,0.0603
737,124,11.55,7,0.3712,0.3148
195,131,406.4,4,0.306,0.0112
569,65,473.299,10,0.8599,0.0742
880,189,607.157,15,0.485,0.0171
63,48,484.983,12,0.9292,0.117
149,99,495.697,13,0.3186,0.0082
814,168,208.9,16,0.8489,0.459
19,16,590.88,3,0.5092,0.0072
686,81,46.036,17,0.7698,0.6961
502,96,473.496,6,0.7858,0.0465
347,155,145.856,6,0.4525,0.0847
863,158,551.332,7,0.4413,0.0
849,160,569.079,16,0.8953,0.1927
326,72,126.258,13,0.4589,0.2048
5,99,571.461,2,0.3845,0.0239
129,6,603.078,1,0.7825,0.0
108,165,38.656,14,0.452,0.353
983,61,309.89,12,0.8065,0.1942
597,94,139.144,7,0.6212,0.1979
677,137,91.449,6,0.5532,0.1777
231,156,578.658,15,0.3427,0.0458
851,18,211.442,19,0.5061,0.1741
723,154,463.855,18,0.4832,0.0568
753,76,3.149,17,0.8222,0.8168
469,84,57.667,1,0.6501,0.0
699,27,439.568,12,0.9389,0.203
545,144,266.911,6,0.3574,0.0305
385,96,633.448,6,0.6574,0.0
595,21,59.671,18,0.4682,0.3494
325,29,449.294,6,0.624,0.0
953,145,506.224,14,0.4389,0.0473
717,22,440.272,2,0.5156,0.0
739,105,490.27,15,0.778,0.0851
717,140,179.893,8,0.8743,0.319
449,183,552.483,3,0.6889,0.0126
951,32,399.577,3,0.5231,0.0157
208,60,567.497,8,0.5553,0.0096
569,31,88.11,13,0.6605,0.4555
70,176,91.897,17,0.6859,0.4951
295,119,285.076,18,0.8732,0.4012
575,197,281.006,17,0.9693,0.5251
490,9,92.932,2,0.4403,0.0159
942,142,58.927,16,0.9473,0.7963
614,7,58.618,18,0.7053,0.5789
412,22,38.187,13,0.5494,0.4126
427,87,24.349,9,0.4318,0.3686
612,74,581.682,17,0.7585,0.0905
792,74,673.221,1,0.7748,0.0004
277,14,306.773,1,0.9297,0.01
585,109,134.86,2,0.5286,0.0
575,69,236.761,15,0.6766,0.2483
10,199,589.422,1,0.7479,0.0011
913,158,669.096,2,0.8447,0.0
570,87,172.235,12,0.8973,0.4511
243,154,22.523,12,0.8154,0.7562
634,116,222.551,6,0.5097,0.054
678,100,277.77,17,0.6524,0.2374
916,184,2.664,10,0.6718,0.6206
35,118,490.785,13,0.9853,0.1852
414,97,90.08,15,0.6757,0.4503
181,114,59.385,14,0.3284,0.1609
575,157,517.918,9,0.8249,0.0086
502,149,555.078,12,0.5758,0.0256
475,110,132.908,4,0.6621,0.0663
983,36,553.429,14,0.818,0.1265
532,128,214.543,17,0.9744,0.5961
412,87,222.194,14,0.8634,0.3468
68,187,88.59,5,0.4788,0.1497
290,182,163.477,20,0.4516,0.2269
898,1,28.394,15,0.9843,0.9227
452,200,483.977,19,0.4492,0.0568
911,181,613.061,14,0.3965,0.0
533,182,35.283,14,0.926,0.7938
549,100,184.266,17,0.6116,0.2888
430,55,249.596,18,0.3341,0.0
557,122,282.937,9,0.7151,0.1576
67,177,593.517,13,0.5583,0.0004
58,91,31.35,19,0.6065,0.5475
476,198,442.355,16,0.7195,0.1107
598,53,383.466,3,0.9943,0.0348
551,171,603.782,19,0.3772,0.0119
430,14,220.569,11,0.4658,0.106
295,168,73.759,4,0.8855,0.3999
710,190,94.451,15,0.3956,0.1614
605,141,454.201,20,0.9816,0.3684
48,125,393.172,18,0.5299,0.0846
453,83,426.648,4,0.7411,0.0
711,175,99.137,13,0.4373,0.2316
785,26,31.072,4,0.5215,0.2794
287,59,408.092,14,0.6884,0.1237
925,27,58.824,10,0.9754,0.7537
652,56,669.376,20,0.5652,0.0514
438,105,578.487,1,0.9321,0.0
628,68,129.976,9,0.4459,0.1438
872,85,430.649,16,0.3249,0.0185
227,47,95.492,11,0.8882,0.5533
151,71,674.075,10,0.7925,0.029
441,100,424.611,14,0.3808,0.0096
84,43,229.125,6,0.3146,0.0142
836,188,490.048,6,0.8746,0.0163
971,180,2.326,8,0.4198,0.4133
606,176,207.614,8,0.6352,0.1297
980,1,168.985,5,0.897,0.2174
69,100,249.574,14,0.6987,0.2424
633,160,61.878,8,0.9302,0.6634
443,70,696.969,8,0.326,0.0432
278,47,337.145,4,0.5966,0.0165
312,123,616.686,19,0.4378,0.0
546,1,43.32,3,0.5811,0.1789
642,123,608.351,12,0.8328,0.0646
165,91,470.358,19,0.9249,0.3207
615,137,488.877,14,0.4037,0.0442
927,137,580.664,20,0.5423,0.0163
11,108,379.01,4,0.6106,0.0
879,117,456.671,10,0.4736,0.0159
608,6,647.895,20,0.4388,0.0113
343,197,90.513,2,0.8752,0.1019
735,16,40.552,20,0.9073,0.8203
618,196,707.547,3,0.3213,0.0096
769,195,634.738,14,0.9449,0.1694
82,144,370.313,17,0.8529,0.2874
59,150,562.264,5,0.5021,0.0
643,6,635.042,17,0.7471,0.1009
304,190,336.403,11,0.624,0.0833
239,106,70.981,13,0.4446,0.3276
422,68,346.324,2,0.3772,0.0
726,134,253.313,2,0.7136,0.0157
180,107,17.151,2,0.3237,0.0922
974,73,690.534,7,0.8616,0.0
421,65,515.507,7,0.7621,0.0
151,24,565.896,13,0.7549,0.0752
72,182,429.869,5,0.6803,0.0
858,134,194.169,9,0.7318,0.2151
114,58,421.193,20,0.9422,0.4
419,145,489.955,20,0.6906,0.1736
669,139,430.286,15,0.4938,0.0407
514,28,91.98,12,0.8059,0.5912
263,36,585.851,15,0.535,0.0066
108,47,214.589,15,0.9057,0.5089
712,22,285.948,16,0.6083,0.1618
491,165,396.738,8,0.4867,0.0198
49,32,703.909,8,0.3544,0.0
182,163,225.361,12,0.5335,0.1311
563,106,30.63,20,0.6626,0.6335
169,24,700.182,14,0.3558,0.0
392,169,689.406,12,0.9833,0.1233
125,35,143.162,20,0.724,0.4763
797,200,596.997,5,0.8364,0.0
631,3,662.165,16,0.3553,0.0401
784,125,9.848,14,0.5843,0.538
53,63,543.542,6,0.5711,0.0
376,107,129.928,12,0.7698,0.3854
268,168,595.656,11,0.6304,0.0326
623,158,15.571,13,0.4755,0.4053
822,57,497.848,19,0.8238,0.2116
228,13,588.17,6,0.7859,0.0
770,57,26.142,9,0.5864,0.5085
581,162,545.207,12,0.9131,0.1305
825,104,85.95,2,0.3985,0.0201
82,152,57.402,2,0.6599,0.12
991,99,662.918,9,0.8948,0.0203
435,106,664.62,17,0.7944,0.0794
281,13,533.751,8,0.6682,0.0
183,5,641.003,13,0.3662,0.011
985,141,12.521,16,0.3243,0.2826
884,41,368.653,14,0.7687,0.2058
132,73,627.644,12,0.6065,0.0115
445,74,642.852,12,0.5924,0.0275
734,127,264.576,11,0.5737,0.1412
591,189,234.057,20,0.4215,0.1848
190,152,504.134,8,0.6923,0.0119
361,128,43.791,2,0.566,0.1293
369,167,562.084,18,0.3513,0.0
289,103,180.146,10,0.9499,0.4043
961,30,375.771,20,0.6498,0.1974
203,98,139.04,14,0.4749,0.2178
707,196,528.871,12,0.7928,0.0637
912,156,688.68,13,0.8948,0.0544
795,70,389.63,8,0.5099,0.0
800,65,684.541,15,0.9501,0.1482
159,184,289.789,7,0.7138,0.0666
134,19,206.566,20,0.4822,0.2057
783,187,603.88,12,0.792,0.0634
747,136,27.792,10,0.7339,0.6404
742,162,202.806,6,0.9463,0.2134
419,66,497.307,16,0.9199,0.2338
524,130,136.422,10,0.7225,0.3373
16,66,641.181,10,0.7434,0.0
292,4,347.427,4,0.4497,0.0149
529,91,177.427,15,0.823,0.4571
126,196,267.618,2,0.8738,0.0031
131,49,204.656,10,0.9946,0.3971
46,33,504.811,16,0.4546,0.017
210,185,79.577,10,0.6889,0.4223
993,183,614.718,4,0.98,0.0
697,170,107.576,20,0.8037,0.6072
949,196,203.735,1,0.5323,0.0
258,199,451.414,14,0.3313,0.0163
599,184,255.352,1,0.9849,0.0
892,193,367.483,14,0.7488,0.1671
353,149,409.971,20,0.8746,0.3282
658,63,186.866,11,0.3556,0.0043
693,92,385.146,1,0.7043,0.0
833,77,676.372,2,0.9444,0.0027
970,102,2.281,5,0.7414,0.6875
616,140,429.486,8,0.5663,0.0068
583,49,230.888,18,0.5093,0.1595
869,4,620.749,1,0.3699,0.0
685,121,69.998,11,0.3023,0.1391
362,199,44.119,15,0.5402,0.3974
631,173,291.823,14,0.698,0.1872
550,3,485.258,16,0.9299,0.1963
229,120,5.142,14,0.9897,0.9615
516,107,584.183,1,0.3688,0.0
624,85,242.622,18,0.5006,0.1649
904,134,662.622,10,0.3221,0.0256
581,86,652.198,10,0.5418,0.0
165,183,550.061,19,0.7574,0.1568
988,182,530.776,16,0.591,0.0355
579,129,432.784,3,0.8686,0.0
288,92,572.134,7,0.3469,0.0112
755,120,128.631,8,0.7476,0.2824
385,181,588.409,20,0.999,0.2686
371,61,407.167,3,0.431,0.0
840,174,563.132,10,0.9753,0.0601
868,119,355.788,10,0.8377,0.1268
524,13,454.475,4,0.5261,0.0
374,150,246.279,11,0.5966,0.1204
864,41,305.864,5,0.3747,0.0058
174,104,262.954,8,0.778,0.1122
748,191,533.355,16,0.6928,0.0916
585,156,144.795,17,0.4267,0.1714
855,140,670.01,1,0.6681,0.0349
421,14,597.17,9,0.9696,0.0125
833,172,620.518,1,0.9776,0.019
16,68,658.109,3,0.856,0.0068
759,11,314.216,1,0.3997,0.0
70,192,642.233,16,0.5544,0.0238
643,39,320.034,11,0.7265,0.1407
196,65,73.605,5,0.4225,0.1254
964,29,36.177,10,0.9118,0.7775
770,125,46.248,15,0.7829,0.6206
105,174,135.771,6,0.4918,0.0728
893,104,259.38,9,0.9131,0.262
252,174,705.072,3,0.7829,0.0486
546,188,174.043,5,0.8747,0.1449
86,175,657.398,5,0.7489,0.0417
106,33,583.607,2,0.9719,0.0023
242,42,620.078,17,0.9016,0.1217
535,60,565.136,17,0.9625,0.2669
543,128,700.641,11,0.9488,0.0369
856,173,86.706,5,0.7336,0.2935
166,63,345.125,1,0.8962,0.0
750,134,247.17,20,0.5578,0.2491
6,38,205.009,9,0.3695,0.034
292,109,321.99,11,0.6406,0.079
176,156,346.529,11,0.3894,0.0
124,79,709.888,15,0.4443,0.0
585,33,190.938,9,0.7108,0.1854
901,83,656.455,12,0.479,0.0
667,153,120.638,16,0.3103,0.0817
855,187,479.001,20,0.5053,0.1197
592,124,220.247,15,0.6911,0.2738
54,135,691.493,5,0.6425,0.0055
346,84,457.104,4,0.5201,0.0
824,186,46.703,8,0.8019,0.6195
45,174,664.987,17,0.4806,0.0361
98,195,211.902,18,0.8022,0.4209
834,173,667.763,10,0.4426,0.0
64,110,10.203,4,0.3509,0.2292
960,193,157.848,14,0.5531,0.2153
759,122,200.808,13,0.9018,0.4546
666,121,495.506,3,0.8173,0.0
537,132,574.626,18,0.7927,0.1262
90,38,453.85,19,0.354,0.0031
415,168,45.126,20,0.4252,0.3714
808,73,312.503,11,0.7599,0.1468
904,132,355.921,17,0.7783,0.2661
447,169,258.601,1,0.5877,0.0072
840,23,302.363,2,0.9415,0.0033
777,61,347.742,1,0.9801,0.0
58,189,399.104,12,0.4072,0.0452
621,73,454.469,9,0.4562,0.0157
617,133,151.683,14,0.9832,0.6162
543,113,649.263,5,0.8628,0.0
773,174,596.162,7,0.4632,0.0
890,103,566.468,7,0.9294,0.0541
551,85,580.312,14,0.7471,0.093
321,4,378.567,7,0.6868,0.0715
984,95,686.225,19,0.8212,0.1374
964,118,263.801,5,0.4562,0.017
687,138,302.678,13,0.5857,0.0545
641,157,587.813,5,0.5976,0.0141
105,156,625.748,10,0.5782,0.0294
402,92,323.546,12,0.3659,0.0527
199,16,610.644,16,0.5907,0.0
515,51,456.112,19,0.4045,0.0
827,82,279.681,6,0.7378,0.0669
225,196,652.005,16,0.9338,0.1562
997,154,362.539,14,0.8195,0.1822
130,179,611.459,16,0.6095,0.0553
99,199,585.035,11,0.6309,0.0112
975,27,70.027,5,0.7257,0.3025
101,3,627.275,13,0.9635,0.0941
736,115,117.363,8,0.9675,0.4935
764,53,586.072,10,0.7953,0.0162
331,174,544.132,4,0.6077,0.0
65,93,530.898,9,0.4546,0.0452
309,2,663.071,13,0.419,0.0404
69,45,432.602,2,0.3056,0.0271
673,69,244.126,8,0.5559,0.0524
889,6,427.302,13,0.3428,0.0
998,64,501.365,10,0.7859,0.0103
801,108,262.844,20,0.4031,0.1204
775,179,183.466,19,0.8675,0.5358
882,130,352.833,8,0.5114,0.057
770,19,646.832,20,0.9013,0.2032
651,84,454.119,13,0.3113,0.0029
997,154,646.075,7,0.3728,0.0
323,74,342.346,15,0.8498,0.3223
413,113,681.86,3,0.7458,0.0
907,198,570.026,13,0.3983,0.0035
312,28,255.623,19,0.9301,0.4892
299,96,322.994,19,0.7713,0.3296
153,122,718.395,3,0.6512,0.0
276,160,686.687,19,0.8085,0.1042
594,168,295.668,8,0.7411,0.0982
887,58,600.246,18,0.3012,0.0338
137,94,655.05,11,0.9274,0.0718
681,167,181.633,9,0.884,0.3569
767,168,372.918,10,0.7046,0.1031
896,165,545.223,3,0.6682,0.0
751,134,55.802,15,0.8634,0.7629
156,54,580.19,9,0.4004,0.0
489,74,152.348,7,0.9609,0.3717
953,132,345.122,11,0.9549,0.2917
909,51,270.459,7,0.6022,0.0354
613,137,533.052,1,0.7176,0.0168
964,104,168.262,16,0.7632,0.386
669,89,336.045,17,0.8521,0.2889
65,72,191.584,18,0.8792,0.5559
915,155,39.93,18,0.7947,0.6913
169,94,607.407,2,0.8726,0.0177
381,62,162.042,13,0.4945,0.2078
239,77,167.724,4,0.6441,0.0148
720,97,34.143,12,0.9207,0.8706
30,124,362.19,20,0.7835,0.2752
641,199,194.02,8,0.8344,0.2581
865,69,407.378,11,0.6172,0.0788
788,36,521.079,20,0.6666,0.1395
307,196,33.546,13,0.3979,0.3207
897,30,144.752,9,0.7589,0.2978
363,181,281.746,20,0.7179,0.3082
681,29,633.49,5,0.9848,0.0141
507,73,79.447,9,0.6508,0.3868
68,200,535.686,20,0.634,0.0768
3,34,686.603,15,0.6655,0.0511
184,32,56.381,17,0.9093,0.7681
935,122,240.1,6,0.6956,0.0458
954,39,554.204,7,0.6283,0.0354
411,5,673.363,10,0.4999,0.0
969,139,178.021,12,0.9995,0.5379
50,192,462.333,12,0.7843,0.1138
968,152,526.86,12,0.3799,0.0182
231,193,291.195,5,0.39,0.0
37,106,482.225,18,0.6907,0.1372
758,123,395.597,17,0.7601,0.1927
383,197,674.799,11,0.5282,0.0091
293,101,388.11,3,0.3097,0.0077
760,8,372.204,9,0.7398,0.0972
334,48,482.058,8,0.3966,0.0298
753,125,110.078,12,0.6757,0.3677
196,172,382.525,8,0.9362,0.1376
86,122,36.969,20,0.6425,0.5436
325,82,451.644,13,0.4119,0.0189
610,65,385.191,2,0.6723,0.0296
225,137,604.448,6,0.3699,0.0327
143,180,574.447,13,0.8605,0.1148
750,56,311.716,4,0.6688,0.0342
494,111,474.646,2,0.5694,0.0103
432,86,218.735,11,0.6836,0.1914
240,50,279.549,6,0.4373,0.0359
18,82,56.639,1,0.5117,0.0
54,18,72.956,14,0.5408,0.3758
682,107,589.587,15,0.7403,0.0703
81,22,699.814,15,0.7155,0.0478
247,95,352.495,2,0.3843,0.0585
911,180,92.57,17,0.9205,0.7357
344,30,64.059,2,0.4754,0.0139
745,51,33.17,11,0.9072,0.7449
344,145,632.782,20,0.5408,0.027
932,182,318.662,17,0.6604,0.226
822,192,633.925,19,0.6314,0.058
470,25,261.555,11,0.7651,0.2065
685,48,423.61,9,0.4833,0.001
414,197,485.327,5,0.7588,0.0
945,102,36.499,20,0.6026,0.5765
359,167,490.907,9,0.8153,0.0556
837,3,575.896,13,0.6891,0.0581
617,24,16.386,4,0.8492,0.7404
644,41,42.822,7,0.919,0.692
352,18,376.143,11,0.5927,0.0422
833,179,699.41,17,0.4369,0.0101
747,161,700.75,11,0.3508,0.0
816,79,79.342,4,0.5434,0.1243
802,16,547.953,6,0.7036,0.0019
158,22,571.293,12,0.7923,0.0595
876,53,631.469,10,0.7503,0.0495
842,146,31.811,5,0.4272,0.2347
243,161,700.166,13,0.6422,0.0275
982,108,591.719,14,0.8388,0.1118
528,182,437.73,9,0.8506,0.0892
322,186,48.583,18,0.7183,0.6079
224,154,173.294,5,0.3933,0.0
365,16,249.901,8,0.6093,0.0509
38,178,617.39,20,0.3001,0.0
691,182,548.126,2,0.7792,0.0167
708,112,677.348,17,0.5654,0.0402
668,120,304.516,4,0.4376,0.0339
549,156,660.136,5,0.459,0.0015
363,119,644.962,4,0.3048,0.0657
724,69,13.801,10,0.8885,0.8633
872,140,172.643,5,0.3031,0.0
88,158,576.016,8,0.5489,0.0
383,29,479.034,4,0.7446,0.0
996,136,160.868,20,0.8723,0.611
862,35,562.768,13,0.9691,0.165
995,115,228.262,15,0.4965,0.1557
184,22,433.743,2,0.3008,0.0
465,199,672.986,13,0.8183,0.0395
131,134,172.905,16,0.6557,0.3056
867,94,40.337,3,0.592,0.2321
519,101,475.47,19,0.7947,0.1884
244,124,524.599,4,0.9953,0.0
91,25,225.4,19,0.4581,0.1244
738,102,337.522,19,0.7394,0.2757
812,144,361.034,6,0.7172,0.0671
880,53,587.574,9,0.7308,0.0366
972,96,499.17,3,0.6708,0.0257
815,67,196.912,1,0.982,0.051
787,33,196.932,10,0.4774,0.1061
812,196,234.312,10,0.911,0.3243
999,119,105.513,4,0.7618,0.1363
464,79,97.113,13,0.9349,0.6949
759,68,588.628,19,0.8574,0.1781
820,136,598.912,6,0.7616,0.0135
117,22,187.628,16,0.3325,0.0958
691,114,612.36,9,0.7234,0.0096
339,47,411.144,9,0.4554,0.0096
133,178,512.898,6,0.5373,0.0
171,157,633.98,20,0.5782,0.0303
115,152,222.354,9,0.9118,0.2951
898,30,476.972,19,0.9555,0.2699
772,17,222.49,20,0.8401,0.5253
103,92,650.147,4,0.4063,0.0
626,72,216.052,10,0.5765,0.1293
661,145,450.428,2,0.3037,0.0
520,143,137.944,17,0.8999,0.5999
607,80,266.556,8,0.3965,0.0035
908,33,253.331,3,0.7538,0.0
519,65,540.359,5,0.6718,0.0089
660,101,206.705,16,0.4772,0.1839
572,51,236.071,2,0.7061,0.0
397,64,7.274,11,0.5123,0.4875
891,49,227.745,20,0.5198,0.2033
414,13,196.31,8,0.3926,0.008
800,121,392.345,4,0.6839,0.0023
606,200,289.581,12,0.9279,0.3165
685,191,705.949,13,0.5422,0.0218
761,186,393.442,8,0.7036,0.0171
736,132,52.843,15,0.5634,0.4335
565,150,582.925,17,0.497,0.0142
616,13,38.824,13,0.6443,0.5225
509,41,602.887,16,0.4774,0.0254
340,142,292.237,7,0.7836,0.0292
727,198,44.877,5,0.9389,0.6553
879,182,703.715,18,0.5933,0.0453
706,127,356.959,9,0.773,0.1237
773,22,615.538,3,0.4717,0.0
831,194,303.091,3,0.6616,0.0222
368,64,332.627,20,0.7156,0.2464
63,9,261.221,1,0.8867,0.0208
338,154,265.939,18,0.7828,0.3764
755,35,571.391,6,0.5049,0.0452
816,61,22.649,20,0.846,0.8099
514,136,352.957,12,0.8936,0.175
779,194,191.568,16,0.684,0.3169
75,182,401.059,16,0.6985,0.1667
645,33,155.345,9,0.7757,0.3085
680,36,251.426,19,0.6267,0.2324
508,162,384.179,15,0.7028,0.1709
717,64,534.231,9,0.7844,0.0971
492,16,681.125,8,0.4905,0.0027
524,118,175.432,1,0.3582,0.0272
604,132,347.956,5,0.519,0.0098
794,200,251.352,13,0.5784,0.1221
249,98,436.544,14,0.9251,0.1929
301,160,264.183,5,0.935,0.0942
419,107,70.269,10,0.7325,0.4964
202,185,442.558,12,0.3673,0.0
335,98,26.088,4,0.3974,0.2014
351,136,31.469,10,0.3015,0.1684
315,193,636.697,17,0.6125,0.046
411,176,626.667,6,0.7714,0.0031
505,81,405.373,16,0.9574,0.3006
696,102,13.453,6,0.4572,0.3442
303,119,247.364,2,0.3958,0.0
846,25,249.64,7,0.488,0.0754
480,47,519.181,9,0.6804,0.0
721,142,584.668,4,0.3261,0.0035
115,15,255.375,15,0.8806,0.4133
174,121,303.942,15,0.7321,0.2592
454,97,162.143,12,0.8363,0.4775
367,98,524.237,8,0.967,0.0238
497,170,251.715,2,0.809,0.0
159,55,508.093,15,0.8669,0.1457
474,159,509.115,7,0.758,0.0197
687,157,112.896,12,0.493,0.2015
729,199,637.602,7,0.4479,0.0014
249,165,593.744,5,0.9852,0.0
345,102,419.977,12,0.5886,0.0193
526,73,62.611,7,0.6547,0.3463
518,157,120.84,9,0.4438,0.0958
792,186,66.822,19,0.3819,0.2684
391,57,334.071,6,0.6138,0.0051
671,74,191.536,9,0.7441,0.2291
884,100,598.258,7,0.9112,0.0
299,22,314.171,3,0.5304,0.0045
823,63,325.784,9,0.5816,0.0331
333,34,663.825,13,0.9093,0.1198
335,155,416.207,7,0.796,0.085
654,99,279.196,7,0.4984,0.0285
622,121,708.098,14,0.9411,0.1187
550,16,333.223,10,0.3335,0.0
232,115,417.58,12,0.7507,0.1165
97,144,275.35,5,0.9806,0.0854
909,138,481.995,10,0.3412,0.0034
874,160,558.694,1,0.6869,0.0
887,23,452.808,12,0.558,0.0404
513,110,179.239,12,0.5883,0.2157
885,97,678.483,4,0.4668,0.0027
474,179,368.681,9,0.9342,0.1557
76,139,594.823,14,0.4115,0.0493
199,191,6.849,9,0.3576,0.3254
273,6,373.031,20,0.37,0.0646
377,90,673.649,19,0.3282,0.0
940,141,495.667,3,0.6985,0.0192
333,18,82.654,6,0.4777,0.1677
613,131,511.326,7,0.9303,0.0609
271,47,11.307,12,0.8438,0.8262
644,15,265.766,12,0.7272,0.2344
568,132,170.808,17,0.489,0.1846
151,86,181.733,8,0.9731,0.3421
463,82,30.345,10,0.4168,0.34
106,66,444.527,10,0.9518,0.1134
890,138,534.3,16,0.528,0.0429
705,124,210.475,10,0.793,0.2928
942,134,422.739,12,0.7924,0.1192
876,158,358.375,2,0.6749,0.0
220,122,715.07,8,0.5336,0.0
708,15,584.973,10,0.4796,0.0115
101,32,681.174,19,0.6045,0.0552
961,199,593.605,3,0.9361,0.0403
786,58,473.695,8,0.5212,0.0158
681,86,51.704,13,0.7296,0.6192
995,76,617.755,10,0.3568,0.029
847,199,548.053,7,0.4208,0.0216
864,165,203.515,13,0.31,0.0167
101,97,194.322,1,0.9394,0.0371
24,137,377.699,12,0.7323,0.1044
962,111,204.119,18,0.8201,0.4541
252,129,698.865,11,0.8049,0.0147
427,191,139.773,16,0.3142,0.1064
44,135,110.856,14,0.6289,0.3545
624,23,31.815,13,0.927,0.7903
821,101,398.089,14,0.8134,0.2626
842,164,533.167,20,0.7936,0.1641
582,8,422.373,11,0.7345,0.1175
662,72,150.355,6,0.5047,0.0909
514,41,664.906,11,0.5538,0.0218
447,145,273.404,10,0.3007,0.0027
555,29,101.807,4,0.7737,0.1638
936,125,137.965,20,0.4819,0.2721
253,13,315.793,15,0.5535,0.1455
471,185,392.178,8,0.3588,0.019
602,64,433.242,20,0.9127,0.3432
571,82,53.194,7,0.4214,0.2412
31,158,624.662,6,0.6116,0.0215
288,76,242.562,5,0.5529,0.0113
647,24,187.136,5,0.4425,0.0331
695,181,495.205,13,0.8935,0.1509
735,23,441.957,19,0.4792,0.0289
992,100,714.834,11,0.5212,0.0625
674,25,295.749,9,0.8789,0.2014
580,140,132.347,17,0.5919,0.2781
333,54,700.404,14,0.6972,0.06
371,187,347.311,3,0.8401,0.0376
827,41,476.468,10,0.5472,0.0374
469,134,30.946,13,0.6174,0.561
716,3,242.17,12,0.5298,0.1244
125,23,710.808,1,0.3624,0.0
129,56,694.37,7,0.7774,0.0164
216,177,708.597,20,0.5594,0.0784
196,200,593.318,16,0.3382,0.0375
607,123,360.616,15,0.9695,0.3191
638,68,412.068,11,0.6133,0.086
558,63,54.357,12,0.3117,0.1621
290,43,571.261,10,0.5523,0.0052
577,69,539.457,5,0.8162,0.006
120,100,510.12,12,0.4863,0.0653
473,138,275.756,17,0.3214,0.0046
155,46,191.778,19,0.992,0.6412
77,8,583.236,8,0.7341,0.0304
166,112,701.68,17,0.6478,0.0502
112,49,305.197,7,0.8492,0.1042
478,81,40.443,2,0.5099,0.1272
546,143,648.573,6,0.7464,0.0
608,180,496.555,8,0.3239,0.0
440,107,483.588,20,0.5036,0.1416
177,186,679.894,4,0.3309,0.0
21,54,482.922,9,0.4508,0.0122
713,143,444.798,19,0.8881,0.29
983,196,511.425,5,0.5623,0.0
282,44,348.698,5,0.359,0.0
205,148,206.987,13,0.9843,0.4808
312,95,181.661,16,0.6098,0.3085
215,177,523.033,6,0.4294,0.0
224,62,175.057,13,0.5505,0.2333
495,193,670.466,13,0.3287,0.0
786,160,290.458,16,0.5902,0.1798
713,142,456.353,12,0.5538,0.0435
960,6,31.294,14,0.942,0.8574
358,17,323.512,8,0.7507,0.1043
493,133,287.984,6,0.74,0.0576
381,96,543.476,9,0.9634,0.0928
43,65,40.375,10,0.4003,0.2271
389,169,289.993,12,0.6696,0.121
261,97,617.927,4,0.7528,0.0
479,92,481.485,17,0.6302,0.0709
159,65,559.857,5,0.4357,0.0099
742,197,549.671,6,0.4872,0.0034
843,73,476.77,3,0.3107,0.0425
961,52,282.038,6,0.4793,0.0298
85,135,287.863,18,0.6915,0.2513
118,7,37.326,18,0.8878,0.812
967,120,140.802,6,0.7859,0.2508
849,113,402.044,5,0.9614,0.0498
589,49,644.51,3,0.9956,0.0065
322,154,440.998,7,0.4908,0.0
518,9,278.981,5,0.7556,0.0377
536,197,599.077,2,0.8182,0.0
848,172,323.39,6,0.336,0.0223
530,36,187.485,5,0.6562,0.0832
28,99,58.112,3,0.8415,0.3104
700,40,596.642,7,0.6281,0.0097
778,124,443.696,14,0.5908,0.0714
299,71,418.4,20,0.6844,0.1966
117,98,519.022,14,0.3756,0.0
143,192,435.827,15,0.352,0.0
841,124,252.704,12,0.3074,0.0381
448,174,444.85,13,0.5891,0.065
530,126,101.26,18,0.6223,0.4463
961,95,213.598,18,0.9621,0.5812
62,4,387.097,2,0.9375,0.0
206,18,50.253,11,0.5664,0.4099
834,107,591.773,13,0.9787,0.1417
541,101,32.618,20,0.4107,0.3339
28,101,268.418,12,0.4661,0.019
703,170,327.437,6,0.6633,0.0
139,20,490.269,15,0.5612,0.0302
783,132,111.929,20,0.6713,0.4747
798,150,591.474,7,0.3039,0.0213
825,130,307.087,7,0.7729,0.111
465,48,181.202,9,0.4924,0.0788
268,82,71.253,13,0.5154,0.3466
882,11,666.263,7,0.9385,0.0224
559,36,290.735,14,0.9206,0.3892
636,161,274.87,8,0.5845,0.0888
137,124,130.185,10,0.5636,0.2499
624,174,364.81,13,0.853,0.2374
581,139,230.656,5,0.8109,0.0749
293,49,119.882,6,0.3966,0.0531
767,163,542.19,6,0.5798,0.004
134,138,646.802,18,0.6487,0.0576
720,39,253.976,13,0.6309,0.1463
962,1,206.633,20,0.3719,0.0671
568,153,269.151,6,0.7415,0.0203
105,145,665.919,9,0.7456,0.0061
554,18,420.405,9,0.8489,0.0861
530,93,119.874,20,0.7234,0.5235
553,183,455.573,14,0.331,0.0082
273,159,289.205,10,0.471,0.0558
627,164,13.026,12,0.6749,0.6282
265,79,698.365,1,0.5907,0.0256
558,25,83.168,8,0.7279,0.417
595,71,298.011,19,0.3499,0.0388
646,138,473.671,6,0.5154,0.0324
798,169,422.144,7,0.452,0.0
883,129,3.535,9,0.709,0.6908
778,8,437.874,2,0.3863,0.0003
796,119,523.772,10,0.5375,0.0251
869,38,611.587,4,0.8946,0.0445
243,122,132.847,15,0.7948,0.4792
293,83,26.946,15,0.6112,0.567
534,107,679.981,9,0.6517,0.048
466,120,490.069,5,0.3106,0.0343
703,128,327.846,16,0.8698,0.3092
10,2,522.174,15,0.5218,0.0629
139,194,113.519,7,0.4739,0.121
747,116,690.067,17,0.5239,0.0
822,102,471.229,11,0.4396,0.0
303,76,631.467,19,0.872,0.1449
311,21,401.052,14,0.3406,0.0133
562,127,576.679,19,0.6321,0.0923
478,73,236.262,6,0.7597,0.0905
170,182,96.248,4,0.3353,0.0
501,132,255.074,16,0.6675,0.2201
820,89,645.837,12,0.5837,0.0214
730,7,502.777,16,0.8078,0.1774
818,111,328.766,18,0.9196,0.4034
644,170,169.735,8,0.3232,0.0
878,93,430.793,5,0.488,0.0
250,131,427.094,4,0.7538,0.0185
46,24,382.497,20,0.9694,0.4071
115,82,531.35,12,0.9666,0.1577
993,159,175.204,15,0.9974,0.605
641,85,368.157,20,0.8948,0.3748
248,178,222.398,19,0.3826,0.1349
855,82,148.43,20,0.867,0.6087
310,163,239.936,7,0.4157,0.0
598,129,578.221,14,0.6568,0.0131
250,190,82.442,5,0.7006,0.2148
95,107,198.709,10,0.7385,0.2437
268,94,384.012,19,0.3873,0.0426
229,71,288.997,6,0.8331,0.1157
553,131,596.013,6,0.3491,0.0103
21,197,561.164,12,0.9706,0.1439
240,34,488.263,19,0.6612,0.1179
568,188,203.757,13,0.5278,0.1361
394,196,15.767,4,0.4386,0.3206
636,154,226.355,20,0.9468,0.5677
656,117,432.888,8,0.8,0.026
966,173,73.491,10,0.6894,0.4763
837,53,593.067,13,0.8061,0.0696
229,127,710.356,14,0.9052,0.0662
693,162,531.175,19,0.63,0.1494
628,162,298.814,5,0.9734,0.0598
595,118,574.099,10,0.4605,0.0
799,78,196.633,7,0.8479,0.2469
148,190,686.982,12,0.7448,0.0805
376,135,264.275,6,0.9999,0.1627
817,154,496.878,7,0.8974,0.0753
893,125,14.11,14,0.9916,0.9476
38,176,454.302,4,0.7857,0.0
472,96,213.492,9,0.7025,0.1461
265,110,73.979,15,0.6124,0.4734
168,161,312.434,10,0.6006,0.0833
58,104,76.662,15,0.8016,0.6226
539,49,133.652,10,0.4067,0.0855
668,152,644.551,18,0.4888,0.0139
532,76,46.153,17,0.605,0.513
369,22,450.184,4,0.893,0.0
772,75,43.877,18,0.3128,0.1957
653,11,517.137,2,0.4198,0.0
909,176,704.092,19,0.8995,0.164
348,197,309.547,13,0.6569,0.1389
239,54,697.085,3,0.5827,0.0404
456,184,462.05,10,0.3262,0.0422
507,143,428.939,20,0.7085,0.2083
458,192,123.655,13,0.7689,0.4353
833,33,685.722,11,0.3901,0.0111
46,13,620.385,5,0.7617,0.0
528,185,95.299,8,0.9677,0.5098
431,54,21.105,17,0.6842,0.6791
211,120,258.839,18,0.4572,0.0944
642,181,115.209,9,0.8395,0.4952
802,69,242.362,12,0.4047,0.0502
547,18,690.114,14,0.4395,0.0367
85,159,620.639,20,0.8203,0.2082
76,91,317.167,4,0.9086,0.0471
422,5,198.96,2,0.5171,0.0083
669,69,416.232,1,0.6871,0.0044
314,107,675.029,11,0.694,0.0231
309,176,569.374,8,0.818,0.0
861,46,624.848,3,0.4176,0.0
15,104,548.12,9,0.3563,0.0
80,37,362.879,13,0.8126,0.1842
156,59,102.315,9,0.9641,0.5536
984,53,589.49,14,0.9692,0.174
498,105,468.873,5,0.8759,0.0
159,133,556.441,20,0.9454,0.2707
311,23,528.62,10,0.4672,0.0099
970,16,177.578,10,0.3195,0.0383
695,147,206.038,11,0.4268,0.0292
224,59,616.663,19,0.7246,0.1464
241,124,293.534,6,0.6689,0.0316
75,16,128.373,10,0.9757,0.5523
773,121,462.93,7,0.372,0.0
138,182,215.139,12,0.4507,0.0825
287,88,462.907,12,0.3117,0.0
349,116,425.051,19,0.4727,0.0683
621,59,477.627,1,0.5815,0.0
607,58,715.276,15,0.5587,0.0021
800,14,200.024,1,0.3335,0.0
298,96,702.47,12,0.7052,0.003
386,190,549.811,9,0.494,0.0
389,24,615.96,2,0.3402,0.0
47,84,577.896,2,0.5796,0.0
738,168,17.021,16,0.9499,0.9316
536,100,362.904,15,0.9403,0.3568
476,153,76.598,12,0.4431,0.2681
996,76,485.068,12,0.4285,0.043
179,121,43.414,2,0.7603,0.2583
969,198,24.386,1,0.9242,0.3062
681,120,652.893,17,0.6758,0.0555
222,160,660.323,7,0.7119,0.0477
679,139,449.303,16,0.722,0.1436
756,20,331.417,2,0.7583,0.0
363,33,596.602,14,0.9357,0.1537
345,122,694.257,19,0.7534,0.1416
836,70,39.563,8,0.3872,0.249
161,97,74.988,7,0.9441,0.5837
14,97,651.711,15,0.5869,0.0563
666,159,72.016,8,0.3054,0.0632
907,199,514.345,7,0.7209,0.021
501,200,398.751,16,0.9132,0.286
135,16,375.817,14,0.7491,0.1515
540,149,70.753,5,0.3162,0.0296
252,146,524.805,9,0.669,0.0228
828,173,433.647,5,0.8355,0.011
613,86,668.802,10,0.6049,0.0315
337,101,346.574,17,0.4581,0.0467
625,91,656.983,13,0.9655,0.1795
668,75,132.811,11,0.3397,0.0837
679,50,147.199,7,0.3329,0.0334
367,129,683.29,6,0.7466,0.0216
571,4,72.005,13,0.5202,0.2957
43,150,170.69,4,0.9405,0.1936
404,169,102.204,18,0.8672,0.6437
379,46,511.151,16,0.6372,0.1033
535,43,561.883,16,0.6312,0.075
951,101,649.112,5,0.8695,0.0
954,170,106.127,7,0.8311,0.4079
484,23,231.991,10,0.7424,0.1983
647,87,228.722,17,0.7775,0.3881
109,44,700.913,4,0.9284,0.0176
483,171,419.902,17,0.3618,0.022
688,177,243.33,8,0.4424,0.033
683,17,215.441,18,0.523,0.1874
964,29,230.031,2,0.5579,0.0
467,32,512.914,15,0.3886,0.0328
908,163,395.709,1,0.7556,0.0
979,181,449.188,7,0.5897,0.0444
572,75,339.028,12,0.4703,0.0159
92,32,19.391,16,0.9005,0.8521
377,133,494.874,12,0.6746,0.0689
765,179,521.509,8,0.5233,0.0319
581,183,130.189,4,0.8789,0.1925
937,90,467.724,8,0.6313,0.0655
816,157,631.895,4,0.5934,0.0
64,192,434.192,1,0.8039,0.0
862,166,481.515,16,0.9552,0.2191
358,95,504.663,20,0.8017,0.1772
819,53,233.859,9,0.9403,0.2656
508,75,111.515,7,0.9959,0.4973
456,73,340.573,13,0.8864,0.2454
73,198,167.277,1,0.7959,0.0
119,147,494.792,6,0.6415,0.0
596,172,514.888,10,0.5677,0.0129
570,156,6.387,12,0.7832,0.7808
555,96,687.048,6,0.6273,0.0
157,159,666.039,9,0.6541,0.0
510,128,95.43,5,0.8564,0.3625
61,149,344.273,6,0.8676,0.0755
145,61,150.892,7,0.4558,0.0514
499,47,694.039,12,0.7269,0.0564
617,37,407.761,19,0.9798,0.3853
656,58,504.265,2,0.9255,0.0153
982,196,704.089,4,0.3249,0.0
855,189,484.724,3,0.8948,0.0
380,30,627.023,4,0.9133,0.0
783,111,173.577,9,0.4902,0.0937
96,189,165.547,19,0.978,0.6618
858,151,317.941,7,0.6,0.0058
387,123,634.723,15,0.8244,0.1032
761,120,28.647,17,0.329,0.289
971,66,318.076,4,0.4143,0.0
704,185,594.021,4,0.5872,0.0053
921,17,128.177,15,0.3687,0.1382
11,174,443.514,3,0.7125,0.0
171,175,50.838,17,0.4812,0.3598
627,53,7.962,2,0.499,0.3924
541,103,229.95,12,0.7689,0.2625
121,177,580.16,17,0.6507,0.1225
719,95,30.241,19,0.4521,0.3779
59,61,262.973,18,0.4477,0.0969
991,15,524.75,13,0.5317,0.0746
157,89,266.092,19,0.5222,0.2052
446,56,345.001,11,0.9474,0.2239
824,171,360.501,18,0.823,0.2945
515,173,653.781,20,0.4881,0.0
744,65,630.704,18,0.9638,0.2287
704,43,46.278,14,0.9412,0.7988
949,59,498.545,20,0.8994,0.2806
464,81,391.131,20,0.8122,0.2678
979,134,255.577,8,0.8387,0.201
517,31,354.888,6,0.6317,0.0
894,200,633.52,14,0.5054,0.0215
733,141,556.715,10,0.6668,0.0172
133,27,409.228,1,0.8331,0.0372
644,63,126.847,7,0.5665,0.1699
879,141,445.623,18,0.5294,0.0778
129,101,358.828,18,0.405,0.0466
839,106,322.032,3,0.835,0.0
106,9,679.586,14,0.7645,0.012
872,83,714.698,14,0.6803,0.0
789,123,685.003,16,0.5153,0.0235
152,150,532.121,7,0.688,0.0269
727,90,431.385,16,0.3378,0.0406
117,111,230.332,12,0.4062,0.0557
569,45,681.997,4,0.5073,0.0011
924,160,328.319,16,0.369,0.0243
206,140,145.573,20,0.3207,0.1148
174,149,80.178,11,0.4582,0.2526
423,134,601.847,3,0.9172,0.0
369,198,236.615,20,0.3044,0.0654
49,176,551.797,4,0.8606,0.0043
456,163,451.908,7,0.6989,0.014
260,68,204.495,6,0.3344,0.0028
125,14,612.557,12,0.593,0.0441
277,1,608.387,5,0.7434,0.0141
21,156,124.127,18,0.3568,0.1679
916,180,88.097,7,0.3753,0.1102
995,130,432.567,12,0.3755,0.0
368,145,168.437,4,0.828,0.1265
877,18,239.509,11,0.3604,0.0561
462,114,674.467,5,0.7379,0.0
913,122,126.812,8,0.5099,0.1419
174,32,339.02,11,0.7185,0.1146
285,151,212.684,16,0.3171,0.0723
740,68,250.836,17,0.6678,0.2757
221,40,266.781,8,0.8747,0.1533
824,140,187.568,7,0.8451,0.2223
426,87,549.832,5,0.6726,0.0352
404,108,584.641,18,0.4484,0.0144
454,109,388.683,3,0.8334,0.0255
798,125,647.549,2,0.6802,0.0402
6,83,98.82,9,0.5029,0.2022
751,163,364.996,8,0.9499,0.1614
780,176,596.555,6,0.6726,0.0
822,97,447.247,9,0.9329,0.1066
997,34,709.21,20,0.6012,0.0623
783,56,429.138,6,0.6175,0.0
529,155,691.241,13,0.5508,0.0
467,52,71.519,15,0.5654,0.4115
389,156,31.169,20,0.539,0.4822
828,133,257.012,18,0.8306,0.4179
393,90,605.839,14,0.4961,0.0836
573,26,36.842,17,0.4561,0.3698
97,108,182.027,17,0.9136,0.5284
318,139,709.221,16,0.9847,0.1318
267,31,461.674,3,0.661,0.0
436,165,283.342,7,0.414,0.0
503,40,56.521,14,0.3696,0.2404
717,83,543.897,18,0.7294,0.1663
432,107,666.258,3,0.8465,0.0412
151,148,534.041,20,0.8002,0.2001
546,45,84.258,3,0.9267,0.2765
55,68,383.175,4,0.5907,0.0247
850,162,290.294,2,0.9574,0.0712
771,66,650.96,13,0.7778,0.0552
226,124,548.979,13,0.8231,0.0752
264,80,577.518,18,0.7458,0.1161
28,12,298.185,14,0.3573,0.0102
365,103,18.397,2,0.9133,0.6099
39,72,546.887,6,0.4857,0.0194
937,53,456.174,7,0.3689,0.0014
135,172,102.297,18,0.9352,0.707
660,155,544.999,15,0.4924,0.0073
571,56,107.922,19,0.9922,0.805
237,105,532.703,17,0.9008,0.1985
809,144,513.945,17,0.7633,0.2107
109,11,5.909,9,0.9223,0.8712
887,19,557.952,13,0.8704,0.086
741,108,293.811,16,0.7594,0.2539
636,187,364.987,12,0.7091,0.1496
880,186,694.596,9,0.8171,0.009
404,90,662.332,8,0.4326,0.0
282,141,275.83,19,0.7624,0.3906
155,99,511.038,10,0.3406,0.0
925,181,369.665,8,0.9115,0.118
402,114,592.072,3,0.7927,0.0
830,179,230.493,12,0.3868,0.1114
333,73,339.34,20,0.9745,0.4595
955,187,81.379,16,0.9721,0.7623
871,146,667.247,12,0.6962,0.0421
309,154,648.567,7,0.3047,0.0084
487,3,199.127,8,0.9061,0.3031
794,162,419.949,10,0.9301,0.1319
227,33,272.732,5,0.397,0.0
24,188,112.595,15,0.6363,0.366
289,38,32.894,9,0.9522,0.8183
591,166,592.528,17,0.8908,0.179
137,128,208.535,4,0.9681,0.1117
334,79,371.36,1,0.7981,0.0613
919,179,649.98,16,0.4783,0.0527
76,78,14.808,2,0.7981,0.5413
51,13,394.351,15,0.6021,0.0863
424,16,687.977,7,0.7936,0.0357
13,171,582.78,15,0.6324,0.068
28,77,158.294,16,0.8968,0.5745
183,164,145.03,14,0.7288,0.4204
103,5,549.109,9,0.5653,0.0
811,16,57.866,18,0.4872,0.3908
123,198,431.741,10,0.8077,0.0737
524,29,168.937,4,0.9145,0.1304
706,138,604.346,13,0.9586,0.1459
626,71,273.49,11,0.9307,0.329
654,101,299.073,1,0.319,0.0
358,23,572.082,13,0.7258,0.0983
889,54,63.879,2,0.8029,0.1771
69,152,432.892,20,0.4524,0.0415
108,108,693.105,3,0.5151,0.0
857,101,468.445,8,0.8059,0.0451
69,189,59.349,8,0.9541,0.6812
192,83,654.189,6,0.4373,0.0
174,161,93.277,9,0.8221,0.4647
34,145,265.885,2,0.598,0.0174
118,93,131.218,20,0.5176,0.2794
573,59,519.873,20,0.506,0.0586
662,71,191.09,3,0.8764,0.0542
84,175,188.368,6,0.3406,0.0146
943,62,298.056,10,0.8238,0.1741
96,131,206.345,3,0.4824,0.0
688,25,564.989,6,0.5214,0.0
801,70,379.449,18,0.7986,0.2751
521,187,400.485,12,0.6431,0.052
492,108,116.79,19,0.3404,0.2123
110,165,657.756,6,0.8537,0.0
242,52,251.523,11,0.6184,0.1392
851,153,272.025,20,0.5752,0.1985
349,197,174.899,6,0.6876,0.1342
35,186,691.355,16,0.7713,0.0272
730,88,437.274,10,0.9629,0.1559
684,137,44.358,7,0.3451,0.1548
67,180,139.084,3,0.7721,0.1322
52,163,346.181,20,0.408,0.0685
117,196,135.66,3,0.3027,0.0
51,7,435.823,3,0.8796,0.0249
617,108,222.032,10,0.9671,0.3763
133,159,252.048,2,0.5148,0.0
607,146,566.5,17,0.6222,0.1091
177,31,377.786,15,0.7118,0.1319
973,115,81.824,3,0.7224,0.1399
726,34,268.078,19,0.8835,0.4624
375,19,645.418,13,0.5408,0.0147
429,23,609.311,14,0.726,0.0816
66,191,547.206,7,0.3611,0.0
55,55,607.418,17,0.8756,0.1554
538,92,66.341,2,0.7645,0.1048
23,52,88.404,20,0.7199,0.5735
639,179,13.909,6,0.3402,0.28
383,178,90.457,4,0.335,0.0123
140,132,593.042,2,0.359,0.0
536,166,27.79,2,0.462,0.1193
553,22,335.196,4,0.5996,0.0
747,200,178.3,11,0.6061,0.2146
198,84,599.483,7,0.4097,0.0
548,81,578.162,11,0.6107,0.0166
845,40,551.633,4,0.6612,0.0156
270,176,272.655,17,0.3701,0.0235
836,34,666.463,9,0.387,0.0043
724,172,645.07,12,0.8207,0.0271
430,144,468.761,1,0.9982,0.0095
884,155,441.26,7,0.4303,0.0027
967,7,242.932,1,0.6246,0.0
237,148,529.972,7,0.4313,0.0077
980,194,675.743,16,0.3415,0.015
3,79,228.017,10,0.4262,0.0155
130,90,206.226,16,0.5519,0.2115
44,23,190.148,2,0.6838,0.0
368,98,707.881,8,0.6667,0.021
937,135,389.259,1,0.6153,0.0
601,60,696.666,20,0.5516,0.0506
617,149,444.705,20,0.568,0.0786
85,18,211.645,6,0.3016,0.0
517,135,422.412,15,0.4563,0.0691
383,118,112.344,15,0.4219,0.164
480,46,322.908,8,0.7079,0.0714
262,69,319.149,9,0.6128,0.029
202,48,415.32,20,0.4533,0.1008
953,125,279.12,7,0.3921,0.015
559,128,327.971,9,0.7731,0.1745
412,112,630.894,6,0.9301,0.0121
74,39,130.292,9,0.4789,0.1581
763,44,664.346,5,0.7302,0.0
473,163,387.981,1,0.4129,0.0473
387,93,452.974,14,0.4691,0.029
667,88,75.519,6,0.4284,0.1592
132,62,105.013,1,0.6795,0.0
534,187,527.585,3,0.3297,0.0021
864,48,648.525,19,0.6256,0.053
464,154,373.816,10,0.9307,0.1931
1,154,121.035,6,0.3978,0.0789
230,49,573.881,7,0.7135,0.0536
56,3,660.664,10,0.3292,0.0
501,50,482.693,7,0.6853,0.0401
365,54,132.07,8,0.8551,0.375
133,149,297.272,9,0.4364,0.0514
687,107,676.712,19,0.5681,0.0431
177,87,138.342,7,0.5916,0.1866
342,96,123.357,4,0.9037,0.2019
988,191,505.438,10,0.3297,0.0248
67,189,391.264,8,0.5219,0.0
248,6,147.806,13,0.3681,0.0701
318,169,444.086,14,0.7613,0.1047
509,73,674.437,10,0.6591,0.0052
245,151,615.814,6,0.6733,0.0
971,197,5.2,15,0.4225,0.4204
6,103,631.343,11,0.5593,0.0152
949,125,451.556,7,0.912,0.0437
535,86,192.697,1,0.7327,0.0089
39,15,67.716,1,0.9031,0.0334
117,8,699.283,19,0.7413,0.1088
104,73,21.393,13,0.7019,0.6133
288,165,133.334,17,0.929,0.6663
334,69,483.463,9,0.6506,0.0
642,87,545.844,3,0.8026,0.0397
312,107,192.364,20,0.3834,0.1084
726,65,530.822,15,0.4293,0.0
294,98,551.042,14,0.6183,0.0802
264,122,578.062,2,0.5404,0.0
276,171,542.947,2,0.4634,0.0339
330,151,24.001,19,0.5309,0.4824
838,164,642.515,17,0.7784,0.0624
247,105,405.42,3,0.7494,0.0
274,140,310.639,12,0.3819,0.0
957,30,18.08,8,0.9894,0.9111
654,30,425.581,13,0.7896,0.1622
191,185,117.606,18,0.4564,0.2659
869,121,394.552,13,0.361,0.0
184,23,136.64,5,0.9223,0.2733
163,82,495.455,8,0.554,0.0
446,194,64.424,19,0.4611,0.3526
692,5,432.475,2,0.4973,0.0151
190,89,463.715,14,0.4877,0.0129
754,168,284.879,10,0.8431,0.1871
157,190,660.393,10,0.7512,0.0
782,74,379.352,1,0.5429,0.0384
96,183,540.498,3,0.5313,0.0
465,144,320.329,9,0.9698,0.24
641,82,570.138,14,0.7509,0.0743
266,156,646.179,4,0.8068,0.0
613,161,297.645,12,0.5086,0.0491
689,56,696.516,18,0.9932,0.1909
651,18,110.676,9,0.8225,0.4255
397,157,609.319,15,0.4683,0.0302
774,17,378.838,9,0.9455,0.1356
732,156,100.088,2,0.572,0.0169
327,72,450.427,12,0.3476,0.0
734,141,94.981,2,0.5626,0.0084
919,122,639.046,9,0.8669,0.0141
817,8,587.603,6,0.603,0.0
734,2,471.28,14,0.6645,0.1127
767,126,168.133,1,0.6378,0.0
805,104,693.237,9,0.9686,0.0475
290,9,614.351,3,0.3306,0.0162
721,196,515.094,20,0.4924,0.0302
200,48,263.383,14,0.845,0.3055
359,172,348.858,12,0.342,0.0
935,24,243.736,18,0.5421,0.1709
284,47,611.633,3,0.9076,0.0158
844,106,222.741,14,0.3695,0.0165
423,106,171.965,20,0.4153,0.185
210,121,154.722,10,0.5284,0.1332
98,35,289.137,20,0.8045,0.3937
549,53,448.726,18,0.5575,0.0715
452,53,598.871,20,0.8799,0.2246
512,89,665.827,4,0.303,0.0157
44,185,58.123,7,0.3452,0.1063
269,93,34.452,16,0.8886,0.793
4,200,261.488,7,0.5685,0.0213
303,51,583.369,15,0.6525,0.0494
932,49,653.376,1,0.9341,0.0
153,21,121.7,13,0.3938,0.1582
690,43,206.104,18,0.7395,0.4442
6,63,649.461,6,0.8224,0.035
562,77,414.8,15,0.6226,0.0617
921,143,293.837,2,0.4741,0.0
342,90,175.723,6,0.3138,0.0184
198,138,81.728,4,0.7006,0.1857
571,18,78.529,4,0.4309,0.047
279,190,485.496,10,0.4705,0.0
892,30,518.838,18,0.5354,0.052
849,7,263.61,3,0.7098,0.0
653,85,436.517,8,0.9198,0.105
640,131,112.767,1,0.8208,0.0217
603,48,15.576,12,0.6886,0.5958
736,33,72.325,13,0.3712,0.214
461,169,76.667,4,0.4274,0.0792
970,165,709.042,5,0.4879,0.01
346,151,170.312,4,0.7161,0.0634
9,45,97.003,2,0.7753,0.0578
699,108,572.781,8,0.5027,0.0109
663,138,264.312,7,0.6921,0.0439
981,87,148.905,6,0.8158,0.2164
396,36,159.059,17,0.7033,0.4403
425,167,100.538,5,0.9797,0.4173
563,188,57.992,6,0.4394,0.1824
393,34,489.858,9,0.7658,0.0807
785,141,317.068,18,0.3341,0.0565
429,178,107.302,5,0.3468,0.0798
784,109,570.664,12,0.3023,0.0
426,10,14.261,19,0.5221,0.4836
226,139,310.344,17,0.3207,0.0249
991,185,92.096,12,0.9057,0.6475
527,53,20.481,15,0.6526,0.622
707,28,396.702,1,0.7979,0.0121
592,51,112.334,14,0.7882,0.5352
360,163,49.798,5,0.9237,0.5669
973,112,344.976,6,0.3719,0.0
372,4,607.496,9,0.3305,0.0247
994,118,349.91,17,0.7991,0.2698
431,164,57.811,9,0.875,0.6118
23,38,219.485,5,0.3083,0.0315
37,117,321.464,14,0.6788,0.1437
974,46,202.792,12,0.5793,0.1684
528,4,243.357,16,0.9379,0.4785
388,81,360.371,11,0.7885,0.0948
812,155,678.607,12,0.9867,0.0651
618,134,579.59,2,0.5463,0.0
661,21,147.549,8,0.3988,0.0813
686,38,565.493,1,0.8221,0.0059
199,108,284.375,4,0.8256,0.0887
89,65,587.408,17,0.5944,0.1012
729,67,444.509,1,0.4333,0.0
22,88,489.029,6,0.3546,0.0047
720,152,261.033,2,0.7484,0.0
130,116,513.641,9,0.4391,0.0
263,171,407.514,9,0.3523,0.0
708,21,445.563,15,0.7459,0.0978
623,93,394.099,1,0.7368,0.0
782,111,40.641,3,0.6713,0.3265
611,152,341.721,7,0.8293,0.086
48,104,37.378,2,0.55,0.0835
840,184,121.737,1,0.6621,0.0
216,168,342.689,12,0.9677,0.302
137,138,292.742,18,0.4885,0.1048
879,80,34.991,2,0.388,0.0671
195,65,99.233,5,0.5686,0.0732
537,107,335.279,18,0.6525,0.1564
486,93,696.731,14,0.8636,0.0622
770,6,350.462,6,0.6409,0.0163
45,46,556.352,18,0.761,0.1478
107,168,319.28,12,0.7196,0.1065
416,92,138.446,18,0.6165,0.3646
474,190,15.741,10,0.8589,0.8188
789,50,270.667,17,0.3831,0.0354
606,194,662.074,8,0.827,0.0117
149,162,234.211,13,0.7382,0.2699
979,72,265.655,5,0.9618,0.1141
460,122,498.912,5,0.5028,0.0079
965,198,530.709,3,0.4198,0.0
990,127,438.233,9,0.5032,0.0
52,187,243.855,4,0.4695,0.001
506,23,680.612,9,0.9032,0.0722
423,33,254.131,10,0.7495,0.1528
499,1,210.601,12,0.6554,0.1879
310,66,607.153,3,0.8227,0.0053
559,158,673.392,8,0.3431,0.0
493,193,688.747,19,0.5649,0.0029
187,109,384.151,2,0.543,0.0602
289,85,626.099,19,0.9447,0.2243
148,187,132.679,1,0.5279,0.0124
844,118,640.135,20,0.5105,0.0342
678,108,546.019,9,0.9582,0.0905
388,17,287.715,14,0.8788,0.3384
396,43,176.91,18,0.8172,0.4701
80,140,547.068,16,0.3391,0.015
290,140,310.306,15,0.4735,0.0602
925,100,704.614,2,0.4385,0.0
32,141,615.385,7,0.8945,0.0
147,139,569.215,18,0.9544,0.2
847,14,240.663,19,0.7741,0.4085
521,167,512.533,6,0.8984,0.0
33,139,544.388,14,0.6352,0.0504
490,44,295.098,10,0.3949,0.0
750,43,68.553,17,0.8172,0.6903
346,192,529.537,18,0.9182,0.2439
382,51,212.368,17,0.9059,0.5037
632,7,96.022,16,0.4436,0.2511
599,7,31.21,13,0.9722,0.8846
903,46,235.962,20,0.6093,0.2853
248,126,367.404,19,0.6459,0.2056
277,92,28.126,8,0.6466,0.5439
156,147,405.867,9,0.4575,0.0553
665,47,644.731,8,0.6438,0.0085
534,47,430.706,16,0.7056,0.1257
347,81,377.94,18,0.9548,0.3837
696,159,167.615,5,0.9722,0.1741
377,101,316.54,10,0.4565,0.0
196,153,432.607,19,0.3969,0.0417
540,19,622.94,5,0.4474,0.0
437,82,634.983,15,0.5155,0.0308
406,88,325.663,17,0.6782,0.2047
445,14,132.646,6,0.6165,0.1412
915,63,509.455,5,0.3065,0.0
216,57,684.435,12,0.3343,0.0107
276,92,689.711,17,0.8108,0.0864
566,34,716.872,1,0.8763,0.0
47,54,181.982,20,0.8508,0.5705
146,192,602.667,11,0.3033,0.0134
567,29,37.701,3,0.6239,0.283
510,164,11.32,16,0.9545,0.9702
653,109,485.275,11,0.9959,0.1285
114,16,86.755,8,0.986,0.6465
854,81,279.925,7,0.9145,0.1528
486,103,9.46,15,0.7471,0.6815
156,56,62.946,9,0.9126,0.6692
312,54,150.628,15,0.9371,0.6157
228,143,399.439,17,0.7049,0.1493
453,7,239.331,19,0.3942,0.0901
470,186,406.195,19,0.4225,0.0411
434,65,467.436,20,0.7797,0.1995
462,77,2.921,14,0.7453,0.7574
908,26,610.419,5,0.5924,0.0398
960,177,42.048,1,0.3779,0.0
490,45,628.663,7,0.454,0.0
964,161,702.775,10,0.9983,0.0599
819,66,650.583,5,0.306,0.0275
820,7,390.594,16,0.8822,0.2401
226,82,554.274,8,0.7295,0.0188
439,105,124.745,19,0.3291,0.126
353,94,674.738,1,0.5971,0.0
97,198,17.285,3,0.8702,0.6563
76,105,397.289,10,0.7319,0.095
623,156,332.325,6,0.9481,0.0907
421,75,573.866,18,0.9732,0.2369
826,29,536.551,11,0.8789,0.0804
669,100,238.064,15,0.8078,0.3669
86,112,118.159,14,0.3758,0.1232
839,84,571.98,12,0.8358,0.098
497,154,703.795,14,0.7459,0.0037
566,193,70.917,5,0.5654,0.2569
966,17,527.812,9,0.8513,0.0848
641,14,371.537,5,0.6106,0.0062
23,55,224.974,18,0.792,0.4229
178,118,10.895,2,0.7964,0.5896
427,9,521.466,18,0.833,0.1913
38,39,95.496,2,0.5434,0.0239
168,82,612.662,9,0.4291,0.0
792,76,190.873,16,0.8095,0.4266
143,170,426.692,10,0.5781,0.047
168,110,205.012,19,0.9816,0.614
505,175,505.776,18,0.998,0.3102
92,152,84.79,17,0.9614,0.7696
256,83,247.302,15,0.6292,0.2122
938,196,366.696,19,0.9618,0.4173
632,169,421.736,7,0.3264,0.0
964,99,417.506,2,0.7523,0.0
355,171,57.625,11,0.9845,0.7781
617,52,24.802,8,0.3084,0.2208
239,42,171.159,2,0.8327,0.0305
379,159,27.63,5,0.7156,0.5211
175,158,159.224,2,0.3477,0.0
834,45,43.137,2,0.448,0.0188
185,151,379.925,16,0.3949,0.0436
205,102,75.723,5,0.8205,0.4117
464,112,299.267,11,0.8476,0.2245
430,170,554.2,13,0.9813,0.2016
314,33,556.238,7,0.8414,0.0345
358,81,404.993,10,0.8476,0.1098
296,58,22.647,10,0.6073,0.4904
913,112,386.654,19,0.4078,0.0348
581,32,182.289,20,0.5963,0.2591
920,24,409.468,3,0.3739,0.0093
987,140,654.102,15,0.8929,0.1232
651,12,431.386,14,0.6114,0.0958
826,84,677.251,19,0.8558,0.1456
111,198,150.596,12,0.967,0.5479
950,200,193.558,9,0.5473,0.1077
483,36,107.519,15,0.4452,0.2186
714,186,56.86,14,0.4716,0.3482
246,68,8.055,10,0.8203,0.8207
96,40,668.149,15,0.4689,0.0
885,101,325.522,1,0.5344,0.0363
450,98,676.008,19,0.7273,0.1253
139,75,622.149,8,0.6121,0.0
659,86,535.744,7,0.4491,0.0056
55,20,660.889,5,0.6378,0.0
451,53,190.455,3,0.6113,0.0008
705,40,616.663,7,0.7583,0.0
721,187,489.746,1,0.5828,0.0
454,99,431.87,5,0.8661,0.0184
370,110,445.63,15,0.4652,0.01
839,88,652.481,13,0.6538,0.0032
185,177,668.856,10,0.861,0.0589
75,160,127.825,19,0.4879,0.2985
157,138,58.611,16,0.4656,0.3388
802,63,196.666,3,0.7012,0.0042
470,62,583.425,12,0.6773,0.0684
38,189,70.336,8,0.9666,0.6327
169,187,476.637,10,0.8635,0.0916
29,57,287.733,6,0.515,0.0
815,68,656.919,20,0.3994,0.0
462,67,590.504,3,0.4757,0.0
69,157,365.858,3,0.5832,0.0151
222,190,274.39,8,0.3631,0.0
617,178,601.003,18,0.487,0.0199
594,169,176.307,16,0.8616,0.4936
820,70,391.443,8,0.7043,0.0347
26,64,670.832,6,0.3271,0.0034
70,178,434.861,7,0.3063,0.0
36,80,669.697,6,0.5693,0.0153
395,44,318.526,12,0.3295,0.0521
728,169,453.279,19,0.5151,0.1064
664,96,677.115,13,0.461,0.0531
211,18,530.971,13,0.6382,0.0326
658,180,652.077,7,0.689,0.0165
657,59,599.154,6,0.7787,0.006
192,62,56.479,3,0.5966,0.2083
750,107,186.467,1,0.7199,0.0157
423,55,533.997,9,0.7316,0.04
60,166,640.884,20,0.5317,0.0511
391,139,577.762,16,0.5048,0.0198
770,113,225.818,20,0.7671,0.4721
697,41,447.342,6,0.4581,0.0
269,98,476.37,14,0.3432,0.0021
757,55,315.147,13,0.3375,0.0397
390,193,423.349,3,0.5346,0.0
461,159,709.924,1,0.9838,0.0
87,24,392.401,15,0.646,0.1443
998,106,140.342,6,0.52,0.0749
839,157,363.204,10,0.7682,0.0788
195,105,126.953,17,0.3993,0.2281
561,26,495.666,1,0.9082,0.0003
781,28,649.419,4,0.9962,0.0
505,147,486.786,3,0.7366,0.0312
211,105,631.956,13,0.384,0.0
969,109,524.073,1,0.9475,0.0
269,54,315.25,14,0.3776,0.0269
335,53,387.732,3,0.393,0.0052
372,82,383.677,11,0.8021,0.0924
891,109,282.899,12,0.807,0.2267
501,94,67.357,16,0.4582,0.3153
720,176,505.456,15,0.7791,0.1174
902,38,34.433,9,0.9489,0.7823
929,95,147.312,20,0.884,0.6016
857,48,327.064,5,0.4857,0.0
908,2,710.708,20,0.5412,0.0454
949,83,221.289,20,0.9829,0.6098
992,12,572.29,17,0.6248,0.0332
644,75,302.309,11,0.901,0.2379
132,127,159.909,1,0.3219,0.0148
114,76,19.626,10,0.3228,0.2511
797,136,64.138,10,0.4165,0.1796
317,59,300.34,8,0.4908,0.0706
805,81,288.433,1,0.9192,0.0184
935,176,451.164,19,0.4003,0.0531
645,49,45.266,13,0.8747,0.7288
765,101,204.79,2,0.7841,0.0071
279,144,17.354,4,0.6286,0.4595
435,73,627.841,17,0.6672,0.0804
966,61,286.533,14,0.7061,0.2239
817,140,420.894,4,0.5131,0.0
205,15,511.746,6,0.8579,0.0457
937,54,193.304,3,0.4175,0.0193
500,82,97.596,14,0.4166,0.2245
844,44,418.005,2,0.7323,0.0
522,108,650.466,15,0.5242,0.0248
604,124,642.711,8,0.3097,0.0
162,194,222.278,6,0.7499,0.1099
339,121,192.002,8,0.8637,0.2686
723,119,254.884,20,0.7653,0.3986
843,146,176.955,9,0.632,0.1402
89,42,694.467,5,0.7836,0.0
77,95,25.443,20,0.608,0.549
694,167,138.159,2,0.7505,0.019
448,36,20.861,6,0.5919,0.4723
849,59,614.939,12,0.8117,0.0962
69,44,339.749,12,0.9685,0.2781
350,192,164.583,9,0.8224,0.3106
36,71,284.986,7,0.7174,0.1009
710,66,76.827,17,0.4022,0.237
858,164,77.968,2,0.3632,0.021
157,182,681.784,11,0.3119,0.0
324,1,501.327,14,0.6453,0.0452
846,176,460.039,6,0.4901,0.0409
42,142,340.649,16,0.4187,0.072
953,173,352.925,11,0.481,0.0425
887,18,555.986,9,0.9755,0.0983
153,8,38.195,18,0.4552,0.3813
139,68,480.724,3,0.6697,0.0
692,170,396.587,5,0.9866,0.0237
11,100,221.17,17,0.3947,0.1108
506,145,155.676,3,0.4693,0.0011
66,50,620.533,1,0.7134,0.0
532,67,670.756,18,0.8085,0.161
351,176,69.444,1,0.8973,0.052
707,99,122.692,18,0.7627,0.5034
881,156,480.485,17,0.3194,0.0469
489,128,557.403,18,0.4513,0.0076
642,36,354.019,2,0.6837,0.0
601,189,667.399,6,0.3867,0.0007
985,190,628.646,4,0.3944,0.0213
231,157,91.34,16,0.8687,0.6817
239,94,102.99,6,0.8268,0.3201
379,86,62.302,6,0.4407,0.1808
737,60,630.365,12,0.6453,0.0045
866,130,401.715,13,0.9854,0.2742
279,63,677.832,10,0.714,0.0
110,38,525.184,3,0.8066,0.0191
609,13,527.174,9,0.7579,0.01
598,85,90.545,9,0.5935,0.3078
375,164,79.3,11,0.872,0.6158
185,159,670.323,19,0.3548,0.0274
850,170,347.732,8,0.7242,0.0623
847,122,715.631,1,0.5882,0.0077
748,174,232.923,3,0.9128,0.0097
580,157,447.609,4,0.7335,0.005
262,162,412.635,18,0.4905,0.0246
404,102,49.482,13,0.8343,0.7099
69,18,373.817,6,0.5767,0.0595
250,77,665.593,16,0.8438,0.1122
451,170,327.059,20,0.3793,0.0873
437,149,340.557,9,0.5561,0.013
81,3,504.76,16,0.6978,0.1235
958,19,562.22,16,0.3878,0.019
269,132,596.218,6,0.6529,0.0163
510,196,325.69,20,0.917,0.4487
466,147,319.968,19,0.3448,0.0458
470,190,341.08,14,0.606,0.108
846,14,697.687,20,0.8556,0.1442
747,177,669.047,9,0.383,0.0394
868,26,448.568,15,0.3358,0.0128
380,177,205.075,13,0.6386,0.2226
266,195,648.349,12,0.9621,0.1254
428,103,123.484,7,0.7603,0.3055
562,107,77.307,8,0.902,0.5944
337,100,298.78,2,0.9571,0.0088
461,111,493.576,10,0.6589,0.0689
151,165,38.338,3,0.3504,0.0666
584,57,225.624,11,0.3719,0.023
714,57,564.694,9,0.8009,0.0088
528,194,474.808,3,0.7627,0.0055
874,170,61.274,6,0.4603,0.1962
996,109,145.703,18,0.8304,0.5322
906,41,522.26,1,0.4688,0.0181
93,192,84.426,5,0.6925,0.2593
881,176,7.482,8,0.5598,0.556
334,66,714.734,15,0.7919,0.1082
452,109,442.225,18,0.7782,0.1936
412,84,309.132,16,0.8771,0.3375
285,169,430.098,2,0.4969,0.0
878,138,482.697,8,0.5809,0.0029
638,99,357.013,19,0.4584,0.034
967,194,473.98,15,0.6689,0.067
955,122,510.316,4,0.3311,0.0207
420,97,129.619,9,0.9261,0.5026
728,186,305.359,10,0.5375,0.0719
503,90,219.666,5,0.5298,0.0236
495,84,574.192,18,0.5887,0.074
740,78,554.448,15,0.5295,0.0528
689,45,583.731,2,0.7618,0.0
912,56,315.266,5,0.9556,0.0758
773,19,414.45,12,0.6571,0.0967
623,146,508.186,15,0.8666,0.1784
920,118,232.26,16,0.5289,0.1674
103,187,703.945,19,0.5915,0.0709
764,123,272.92,12,0.9307,0.2799
393,17,386.882,4,0.3369,0.0
434,125,595.378,1,0.6541,0.0
782,36,538.029,2,0.8817,0.0
274,8,361.385,11,0.7253,0.1538
884,133,294.291,13,0.3711,0.0748
500,6,458.876,3,0.3421,0.0051
350,82,313.995,8,0.9171,0.1084
329,180,426.45,9,0.5843,0.0
421,52,576.086,7,0.6243,0.0
943,140,88.122,5,0.4257,0.0713
103,76,502.243,7,0.6287,0.0
508,23,39.233,16,0.591,0.5356
836,40,528.62,14,0.8468,0.1252
473,15,150.987,17,0.3653,0.1216
567,31,355.483,18,0.7465,0.2578
349,33,192.601,5,0.9799,0.1859
137,177,232.113,8,0.5028,0.007
640,162,452.867,13,0.807,0.1671
920,71,310.73,12,0.3667,0.0009
521,145,351.306,17,0.6382,0.1552
433,41,719.238,19,0.553,0.06
130,128,88.001,9,0.804,0.4482
945,41,276.982,13,0.9694,0.3762
870,129,381.986,19,0.8348,0.3361
902,72,585.962,11,0.433,0.0044
360,172,203.681,5,0.8727,0.0981
626,168,283.873,17,0.3216,0.0271
433,67,591.398,3,0.7781,0.0
235,9,382.102,14,0.3329,0.0
206,65,616.439,4,0.8879,0.0
384,57,46.798,6,0.9239,0.6444
554,86,207.054,19,0.7552,0.363
123,115,401.803,5,0.4696,0.0
703,198,88.269,13,0.4398,0.1957
458,13,347.146,10,0.4545,0.0103
882,111,13.189,3,0.5174,0.3745
279,35,363.604,13,0.6514,0.0939
52,110,662.667,8,0.3378,0.0
313,128,682.815,20,0.8431,0.1799
974,162,230.101,7,0.6494,0.0525
322,112,2.987,12,0.6906,0.6794
704,36,656.791,18,0.7534,0.1285
844,183,408.593,10,0.4119,0.0466
285,82,418.257,8,0.722,0.0643
643,96,586.941,8,0.5815,0.0
205,129,283.517,2,0.628,0.0
363,53,302.774,16,0.7212,0.2586
297,198,613.145,1,0.47,0.0223
673,9,354.162,16,0.3602,0.0485
876,31,529.914,12,0.5895,0.0
253,199,651.673,1,0.4069,0.0
292,91,283.689,4,0.3546,0.0286
821,179,640.087,2,0.8075,0.0063
463,182,236.063,20,0.729,0.3747
514,199,669.331,2,0.4111,0.0
706,146,220.214,19,0.6442,0.282
138,137,169.025,1,0.9399,0.0
872,123,519.131,11,0.9376,0.0953
366,137,663.878,12,0.6098,0.0072
659,52,553.182,14,0.9408,0.2197
433,164,533.018,10,0.8941,0.0801
754,38,700.592,4,0.3851,0.0
612,96,401.58,6,0.4956,0.0
174,75,639.142,1,0.4848,0.0
188,153,27.19,17,0.3272,0.2205
878,52,95.587,1,0.6835,0.0156
520,42,195.838,13,0.7279,0.3502
276,162,681.237,12,0.3362,0.0121
144,98,142.191,6,0.7196,0.1664
129,145,276.128,4,0.4505,0.0
920,176,26.063,12,0.4839,0.3965
977,168,56.757,15,0.3194,0.1973
394,80,419.715,10,0.3081,0.0
202,35,70.822,15,0.7623,0.5966
419,193,647.477,13,0.4514,0.0
137,62,637.834,20,0.9714,0.2727
550,154,448.183,6,0.9309,0.0
627,154,285.629,16,0.3282,0.0028
986,89,639.288,8,0.8808,0.0457
319,33,351.485,12,0.7733,0.1494
198,95,137.647,10,0.5864,0.2208
134,30,249.201,7,0.4621,0.007
378,71,261.782,14,0.6974,0.192
602,77,417.673,20,0.9366,0.3772
67,104,289.168,9,0.3805,0.0138
759,38,589.252,4,0.9437,0.0718
461,170,451.275,9,0.7768,0.0552
794,16,181.904,4,0.3507,0.0344
464,198,289.797,11,0.6458,0.116
156,63,520.876,13,0.3412,0.0358
22,98,174.796,10,0.7828,0.2911
557,176,66.431,20,0.35,0.2066
540,131,512.169,5,0.5741,0.0
814,12,293.09,2,0.3722,0.0
878,121,89.919,14,0.9723,0.7268
162,114,345.478,20,0.4969,0.089
315,187,403.646,2,0.6478,0.0209
208,113,19.032,8,0.4656,0.299
107,199,569.711,12,0.6936,0.054
3,107,354.142,13,0.3767,0.0106
83,39,18.883,18,0.7889,0.786
525,102,620.555,14,0.4209,0.0012
152,184,421.592,19,0.9675,0.3679
195,4,693.56,12,0.7068,0.0501
118,80,202.837,5,0.9356,0.1271
725,10,297.372,19,0.3592,0.0568
636,169,477.484,8,0.5157,0.0257
963,103,658.11,7,0.6879,0.006
112,144,569.744,14,0.7133,0.094
209,194,463.152,15,0.8616,0.1778
456,167,572.875,14,0.3111,0.0
650,82,68.739,11,0.7957,0.5919
131,187,521.547,14,0.6867,0.0511
212,95,416.823,16,0.9713,0.2995
422,196,197.825,5,0.8632,0.1272
19,197,172.136,18,0.5113,0.2461
396,45,207.91,11,0.313,0.0485
759,156,88.907,8,0.689,0.3506
527,140,197.107,8,0.6627,0.1546
435,155,51.766,1,0.9109,0.1232
488,34,484.536,10,0.3696,0.0253
947,101,369.096,16,0.7107,0.1783
521,31,92.366,19,0.9976,0.8256
535,180,502.132,3,0.3175,0.0459
931,175,128.579,15,0.3381,0.1349
158,117,356.57,6,0.3021,0.0
96,26,662.516,3,0.341,0.0515
450,132,547.981,12,0.4583,0.0414
319,88,420.788,1,0.7614,0.0306
203,158,421.349,4,0.6522,0.0
120,20,46.687,6,0.3603,0.1265
879,82,307.734,18,0.549,0.1809
615,73,221.474,4,0.584,0.0
691,191,342.0,6,0.7438,0.0
119,60,685.05,20,0.4828,0.0411
342,198,566.399,7,0.3034,0.0406
621,185,439.378,6,0.3451,0.0
528,118,507.524,15,0.3351,0.0457
695,35,526.166,1,0.8768,0.0
670,45,328.86,3,0.3123,0.0112
414,4,623.844,8,0.4974,0.0302
783,155,444.652,14,0.5443,0.0468
260,146,531.515,1,0.868,0.0175
81,65,8.45,1,0.8429,0.5474
914,147,387.532,1,0.8,0.0254
23,116,262.531,14,0.7522,0.3034
284,164,40.363,15,0.7139,0.6046
115,18,465.393,8,0.9677,0.0642
232,40,668.743,3,0.3037,0.0
395,162,527.718,16,0.648,0.0899
130,74,57.982,15,0.7637,0.5904
467,192,41.289,2,0.7404,0.2463
928,177,248.751,15,0.9854,0.4928
137,19,172.135,19,0.826,0.5332
927,81,20.338,14,0.7169,0.6594
412,147,29.332,7,0.4907,0.3617
593,28,248.833,5,0.9271,0.0772
442,173,96.581,8,0.5261,0.1368
317,20,140.562,7,0.8,0.2982
110,22,626.119,4,0.5361,0.0
594,109,715.451,19,0.7176,0.0861
917,50,579.395,3,0.6008,0.0
521,128,167.976,6,0.6267,0.1202
600,79,127.018,2,0.5866,0.0
644,55,416.713,12,0.8531,0.1384
389,168,564.525,3,0.7129,0.0203
121,32,473.53,16,0.6528,0.1135
507,99,578.799,12,0.6458,0.0465
869,34,350.894,11,0.6275,0.0501
315,28,711.199,15,0.868,0.0626
872,42,566.652,19,0.649,0.1119
855,52,37.152,3,0.6448,0.2823
245,83,262.437,14,0.3938,0.024
576,94,403.147,3,0.4718,0.0036
748,28,161.81,2,0.8665,0.0791
495,8,290.711,2,0.8773,0.0
700,19,453.505,6,0.5453,0.0
911,127,397.785,10,0.4382,0.0
628,195,620.313,5,0.853,0.0
838,6,189.377,5,0.9406,0.2018
801,7,663.263,20,0.7903,0.1807
813,157,232.283,3,0.5648,0.0144
853,145,662.725,2,0.6456,0.0084
226,147,179.143,9,0.9136,0.3682
19,35,365.677,14,0.4063,0.0742
154,174,671.247,12,0.3333,0.0254
250,125,200.16,13,0.9352,0.5125
691,32,611.177,4,0.7006,0.0
510,24,361.136,9,0.7465,0.1159
469,121,302.543,16,0.3967,0.0718
10,156,478.024,7,0.8085,0.0558
684,157,143.358,12,0.6945,0.3821
365,118,474.528,3,0.5354,0.0
761,104,127.583,16,0.7689,0.5078
113,140,511.968,20,0.9427,0.2777
296,27,439.862,7,0.9439,0.0975
55,73,101.129,2,0.3245,0.0
285,20,72.942,8,0.3646,0.0857
924,168,437.491,18,0.6824,0.129
491,122,87.909,20,0.7386,0.5604
440,156,450.255,11,0.9537,0.1379
274,100,719.296,13,0.7313,0.035
265,186,88.981,14,0.8585,0.6522
668,186,341.407,4,0.7951,0.0
986,124,665.608,4,0.6035,0.0312
747,167,674.745,15,0.5352,0.0244
737,132,22.021,9,0.7471,0.6817
473,145,581.862,15,0.7518,0.0933
99,50,172.134,8,0.5491,0.1354
724,197,537.656,20,0.5145,0.0301
809,37,255.925,16,0.3786,0.0671
511,139,162.308,11,0.3667,0.0506
92,122,339.184,17,0.3613,0.0523
713,19,127.073,12,0.7898,0.4658
922,155,305.709,5,0.6725,0.0364
225,16,284.572,7,0.9124,0.1597
160,102,693.279,4,0.3791,0.021
739,164,390.558,12,0.9994,0.2636
332,26,502.042,13,0.6167,0.0348
716,73,126.369,1,0.8506,0.0293
704,102,718.059,9,0.4607,0.0
267,185,358.581,17,0.523,0.0868
43,77,54.629,16,0.3854,0.2845
556,24,438.881,14,0.547,0.0472
408,27,229.406,6,0.5609,0.024
856,40,211.984,14,0.5273,0.1933
358,174,228.595,5,0.9348,0.0555
250,155,324.575,14,0.8946,0.3261
861,84,207.087,17,0.3745,0.0438
736,170,560.759,5,0.5743,0.0
619,184,129.261,15,0.5212,0.2854
954,174,102.625,1,0.9513,0.0245
783,1,75.668,13,0.7214,0.4992
867,20,295.755,11,0.9231,0.286
800,146,81.714,20,0.5897,0.4224
402,77,18.53,11,0.733,0.6336
63,32,212.325,1,0.3971,0.0
608,130,705.631,18,0.3818,0.0
765,72,8.355,6,0.729,0.6896
992,184,46.453,14,0.6947,0.6367
682,116,420.066,16,0.9254,0.2928
569,48,358.724,7,0.7808,0.0379
576,187,75.552,1,0.4489,0.0
116,121,644.255,11,0.6646,0.0
8,60,485.754,9,0.3296,0.0
46,29,356.426,11,0.7585,0.1013
905,112,391.715,19,0.3857,0.025
791,150,573.346,15,0.5908,0.0363
261,168,71.069,5,0.327,0.03
424,26,671.914,16,0.7667,0.1075
484,87,81.541,6,0.7788,0.408
247,200,330.425,13,0.4023,0.0264
423,133,178.635,6,0.4228,0.0
348,19,479.12,18,0.5257,0.0716
695,184,604.758,10,0.9967,0.0982
758,138,444.195,7,0.9207,0.0271
99,93,161.652,20,0.6244,0.3297
466,156,561.263,17,0.8646,0.2161
992,130,678.745,4,0.3028,0.0
869,52,116.331,1,0.3816,0.0
794,160,182.901,18,0.8099,0.4582
735,51,381.546,17,0.9269,0.3194
5,46,532.766,6,0.3805,0.0
975,120,91.867,7,0.8487,0.442
736,4,36.943,14,0.3415,0.2177
889,127,408.427,14,0.544,0.0
909,111,574.104,10,0.8369,0.0551
255,145,214.644,15,0.6349,0.2315
14,32,419.957,7,0.8213,0.005
660,117,578.583,8,0.4985,0.0013
459,89,21.238,10,0.7683,0.6826
21,35,242.37,5,0.8526,0.1051
271,91,218.65,17,0.4391,0.0653
992,185,520.74,16,0.4302,0.0155
364,165,479.845,11,0.3315,0.0
262,34,595.388,7,0.5675,0.0
655,170,395.25,11,0.3098,0.0226
665,114,164.467,7,0.6691,0.1611
333,10,312.118,5,0.4942,0.0003
850,185,285.458,13,0.9923,0.3726
581,106,480.945,4,0.9103,0.0255
161,183,686.848,14,0.6848,0.0
325,20,329.817,14,0.9294,0.3476
848,34,460.148,1,0.974,0.0
90,181,128.351,4,0.7201,0.1034
13,48,413.777,11,0.5505,0.0646
657,110,524.593,1,0.9179,0.0314
442,121,550.015,17,0.4866,0.0382
253,190,701.024,12,0.5297,0.0133
473,68,711.052,9,0.755,0.0025
184,151,371.375,9,0.323,0.0249
375,147,619.7,8,0.3821,0.0132
234,141,530.863,14,0.6882,0.086
587,105,377.949,13,0.3974,0.0
674,15,22.134,2,0.8994,0.5428
915,54,703.464,4,0.9117,0.0
68,113,694.98,17,0.659,0.0297
327,83,373.304,19,0.3647,0.0382
265,37,248.322,17,0.4961,0.1819
580,139,80.929,5,0.7086,0.2864
534,93,40.168,17,0.3385,0.2499
878,158,578.551,14,0.5479,0.0138
920,110,295.092,5,0.4251,0.0
773,74,405.457,14,0.7034,0.1305
199,22,217.413,16,0.9104,0.4877
41,21,442.27,15,0.9292,0.2752
900,102,546.434,20,0.3684,0.0059
943,71,642.936,17,0.3663,0.0308
251,144,357.433,15,0.8081,0.2247
47,127,216.483,11,0.3043,0.0474
681,57,55.762,13,0.648,0.5472
589,152,614.963,19,0.762,0.1866
889,114,614.642,9,0.572,0.0347
576,176,254.76,13,0.5987,0.2071
761,191,149.624,8,0.608,0.1448
787,193,485.004,20,0.5071,0.0465
10,26,544.917,18,0.5945,0.0751
149,106,519.851,2,0.8623,0.0157
781,6,51.788,4,0.8852,0.4799
180,177,708.653,17,0.7186,0.0676
207,141,392.282,13,0.5127,0.0682
753,53,438.205,13,0.5839,0.0484
205,122,33.111,4,0.7925,0.4989
150,112,8.993,18,0.6318,0.6243
14,109,91.397,16,0.3855,0.2164
470,108,281.809,8,0.7653,0.1017
637,197,680.265,18,0.3654,0.0
732,154,524.312,14,0.9912,0.2208
906,81,719.445,18,0.5245,0.0051
652,155,489.67,11,0.4108,0.0
757,29,72.277,9,0.7172,0.4162
211,58,500.19,16,0.829,0.1418
341,24,461.937,2,0.8029,0.0
304,178,638.199,14,0.4873,0.0203
66,5,392.084,19,0.6781,0.1827
969,179,177.19,18,0.7844,0.4804
242,167,527.69,7,0.87,0.0273
449,190,542.574,9,0.639,0.0115
357,154,370.471,5,0.3056,0.0047
45,92,68.728,12,0.5957,0.4178
904,163,298.211,14,0.7302,0.1988
220,198,604.825,18,0.3986,0.0249
101,179,218.962,17,0.9481,0.5473
343,157,526.925,12,0.4251,0.0312
144,154,182.9,6,0.4068,0.0
1000,131,237.006,9,0.3008,0.023
189,179,243.005,8,0.475,0.0455
303,87,98.017,10,0.8852,0.5402
272,101,253.163,6,0.8036,0.0771
27,169,521.142,16,0.4051,0.0
13,53,289.243,14,0.9535,0.3775
513,153,216.16,19,0.7479,0.4149
233,23,504.661,2,0.6543,0.0
84,118,371.387,5,0.3878,0.0396
292,7,314.105,1,0.9226,0.0
275,200,573.334,5,0.7204,0.0
425,169,275.309,3,0.3963,0.0
993,50,392.158,4,0.6376,0.0
307,31,23.362,12,0.3259,0.2601
705,129,244.71,4,0.3533,0.0091
769,181,170.952,12,0.4303,0.0793
51,65,637.797,2,0.5983,0.0
502,193,15.647,14,0.8725,0.8176
449,92,504.183,16,0.77,0.1724
508,89,544.585,17,0.7791,0.1278
172,68,239.735,7,0.353,0.0169
466,55,185.482,7,0.4391,0.0402
123,67,119.099,9,0.6106,0.2819
946,35,199.876,18,0.9568,0.6024
588,76,658.08,18,0.739,0.0674
35,58,31.681,11,0.447,0.393
506,12,329.107,19,0.304,0.0335
927,73,190.722,6,0.3455,0.043
743,8,501.179,11,0.4235,0.014
273,37,240.743,4,0.7403,0.0265
893,145,249.419,2,0.4006,0.0051
186,6,42.443,14,0.3292,0.1786
247,63,655.602,10,0.7023,0.0
155,137,375.782,12,0.4243,0.0287
923,5,50.136,19,0.4567,0.4023
717,148,541.365,10,0.976,0.0724
518,17,561.734,19,0.8699,0.2273
668,12,332.29,12,0.8846,0.2655
259,40,704.983,7,0.3222,0.0149
71,173,163.107,2,0.9795,0.0176
846,10,607.912,20,0.6368,0.0941
965,20,609.507,16,0.3612,0.0
36,190,375.522,7,0.5203,0.058
52,123,389.108,15,0.3713,0.0781
560,114,81.285,17,0.5292,0.3682
44,9,96.347,1,0.3893,0.0
722,79,304.693,19,0.475,0.1246
946,116,661.075,3,0.3474,0.04
280,107,154.851,3,0.4794,0.0096
295,105,342.265,9,0.5385,0.0105
864,23,46.724,6,0.9399,0.6801
357,198,215.799,8,0.4324,0.0383
241,141,268.158,12,0.8796,0.3095
85,49,693.292,9,0.8724,0.0323
840,194,139.392,8,0.6927,0.2255
926,61,72.967,11,0.6063,0.3657
79,27,39.175,20,0.5807,0.4567
803,179,376.11,14,0.9373,0.2757
160,31,374.246,9,0.9677,0.1504
139,13,141.414,14,0.7908,0.4508
381,126,178.589,17,0.9046,0.5803
437,53,229.913,1,0.8488,0.0427
855,31,7.299,4,0.8,0.6961
700,21,588.372,20,0.4688,0.0632
145,26,556.509,20,0.5901,0.0674
585,193,230.923,15,0.4742,0.1169
876,135,413.708,15,0.8273,0.1909
663,169,236.625,19,0.5108,0.1649
230,124,19.777,1,0.7926,0.3117
129,109,424.853,11,0.5315,0.0058
453,44,519.706,4,0.3437,0.0345
473,194,240.705,20,0.9245,0.5519
353,165,174.167,3,0.5904,0.0229
110,106,190.613,3,0.461,0.0
119,22,251.675,12,0.6747,0.2399
529,153,336.909,7,0.3931,0.0029
945,67,543.664,17,0.3078,0.0
598,42,143.687,6,0.317,0.0067
439,148,508.717,16,0.9935,0.2546
932,168,694.492,8,0.857,0.0097
691,123,130.207,12,0.8914,0.5424
718,15,365.718,20,0.6444,0.1909
576,121,260.438,13,0.6717,0.1675
763,184,432.527,4,0.4289,0.0
502,138,634.269,19,0.6486,0.0779
623,54,638.224,19,0.7061,0.0398
617,130,319.275,10,0.8758,0.238
753,50,545.413,8,0.8974,0.0311
899,175,368.384,16,0.8735,0.3115
295,170,555.959,12,0.9671,0.1254
700,114,636.798,2,0.9334,0.0336
32,28,512.645,7,0.4943,0.0
533,81,44.214,2,0.4377,0.1026
899,25,176.989,6,0.5628,0.064
646,154,565.868,4,0.3586,0.0
268,137,14.634,20,0.8814,0.8331
607,52,373.157,20,0.6258,0.1857
358,172,439.697,1,0.3841,0.0
434,152,590.487,16,0.6188,0.0797
229,188,580.861,17,0.6862,0.0577
625,56,53.153,19,0.553,0.4222
199,35,489.541,18,0.5205,0.036
444,97,569.121,7,0.6097,0.0066
940,54,76.364,10,0.4751,0.2559
758,148,349.755,4,0.5637,0.0
415,86,467.713,18,0.794,0.2218
969,126,246.856,2,0.9324,0.0216
14,35,267.098,11,0.337,0.0168
960,18,74.52,9,0.9791,0.6644
353,188,557.656,7,0.5957,0.0096
821,90,171.107,20,0.891,0.5801
948,28,313.426,10,0.7615,0.1453
602,163,372.037,1,0.8765,0.0
611,27,63.276,17,0.4085,0.2639
750,200,310.699,19,0.3879,0.0325
240,78,110.126,7,0.3329,0.0561
179,94,167.8,6,0.4524,0.0283
344,52,256.848,15,0.7517,0.3106
480,18,352.861,2,0.6521,0.0395
743,82,312.91,14,0.7659,0.2126
258,74,52.001,4,0.9808,0.5331
565,90,252.591,5,0.4128,0.0137
4,98,28.719,2,0.4552,0.1559
31,127,180.941,13,0.4573,0.105
967,15,61.737,14,0.807,0.621
851,73,120.935,10,0.3221,0.0587
864,173,362.042,20,0.5358,0.1707
329,191,667.7,2,0.6843,0.0
514,108,140.633,20,0.3095,0.1342
675,74,526.315,17,0.9524,0.2419
255,84,31.943,2,0.9731,0.5227
745,157,242.143,9,0.8751,0.2529
693,80,289.296,11,0.6298,0.1286
408,189,78.459,13,0.7093,0.493
435,6,458.658,9,0.3178,0.0
308,122,105.312,7,0.8634,0.432
804,104,576.588,6,0.3089,0.0163
987,91,426.102,12,0.7402,0.0848
1000,96,533.86,11,0.3627,0.0
772,32,118.666,8,0.8542,0.4272
350,70,228.653,5,0.6707,0.0
782,71,508.089,11,0.41,0.0
245,132,326.682,5,0.3469,0.0019
897,120,455.47,9,0.4719,0.0022
268,83,297.983,20,0.9784,0.5304
403,104,484.156,15,0.3847,0.0
94,115,462.079,15,0.6189,0.0785
82,10,215.994,2,0.4906,0.0
395,178,634.869,16,0.7635,0.1064
551,179,527.454,13,0.8367,0.1033
18,73,49.585,11,0.9567,0.7619
847,153,27.628,6,0.626,0.4287
115,80,515.75,9,0.6236,0.0285
999,14,455.247,8,0.4954,0.0037
272,174,665.646,8,0.8232,0.0262
379,54,486.5,17,0.9946,0.2926
160,72,150.294,3,0.5496,0.0
825,116,30.749,13,0.792,0.7337
733,88,383.567,20,0.8398,0.337
79,54,357.585,4,0.8698,0.0346
106,161,674.944,14,0.7232,0.0054
610,72,510.173,3,0.5839,0.0675
866,119,648.087,11,0.7138,0.0428
110,134,544.85,7,0.3703,0.0611
222,187,475.817,13,0.9789,0.2074
546,96,405.674,16,0.4092,0.0398
109,95,417.836,20,0.4527,0.0767
305,183,365.615,2,0.7191,0.0
11,96,604.139,6,0.6776,0.0119
500,60,169.318,15,0.3461,0.0948
716,9,658.98,18,0.692,0.0787
412,65,403.055,8,0.7654,0.0449
257,40,315.232,3,0.6357,0.0
425,61,152.334,2,0.704,0.047
510,108,199.127,1,0.3811,0.0
166,105,420.799,2,0.9281,0.0
112,38,109.666,19,0.9957,0.7986
182,93,2.882,20,0.7301,0.7342
986,91,187.013,2,0.6851,0.0115
723,9,219.303,20,0.7905,0.4413
126,57,677.776,14,0.9194,0.0746
302,145,419.123,11,0.4291,0.0
412,5,292.448,10,0.6477,0.1059
182,61,707.769,6,0.5832,0.0
852,96,264.847,9,0.4121,0.0279
941,34,689.881,20,0.5884,0.0525
245,130,677.885,20,0.9146,0.2322
17,144,496.881,14,0.3796,0.0
267,68,378.406,7,0.4268,0.019
583,47,591.745,8,0.7491,0.0
809,156,233.553,2,0.4487,0.014
340,44,265.174,6,0.4214,0.0248
274,30,149.353,5,0.9467,0.2809
249,7,184.261,20,0.608,0.3127
3,19,98.681,20,0.45,0.3067
15,175,612.565,13,0.6543,0.07
428,187,1.398,19,0.347,0.3324
618,110,305.91,12,0.463,0.0529
13,185,262.555,6,0.6989,0.0634
201,142,279.432,11,0.4271,0.0232
910,82,607.587,11,0.9464,0.0769
991,143,591.254,6,0.4712,0.0
642,84,477.814,12,0.5004,0.0244
522,193,496.314,18,0.7953,0.171
584,171,578.642,20,0.9062,0.2152
371,169,277.54,19,0.3578,0.113
202,107,324.66,13,0.6899,0.1659
376,104,176.585,13,0.8135,0.3797
700,24,171.779,17,0.9055,0.5391
663,131,672.958,7,0.3613,0.0
678,23,547.787,3,0.9963,0.0
609,109,326.425,1,0.3694,0.0
61,27,28.556,10,0.8622,0.7503
627,96,534.945,3,0.4035,0.0
881,157,682.957,16,0.732,0.0305
649,62,667.289,5,0.5381,0.0203
580,121,514.34,1,0.5381,0.0
224,52,466.548,8,0.5592,0.0264
793,60,87.444,9,0.8036,0.4618
452,37,62.135,11,0.5715,0.4017
263,33,191.314,19,0.9535,0.5958
490,75,406.113,11,0.4395,0.0
123,25,657.557,16,0.3035,0.0327
927,179,627.254,15,0.4228,0.0
703,149,220.712,3,0.9714,0.0704
327,45,264.011,5,0.7488,0.0316
794,178,223.793,10,0.7302,0.1828
55,74,381.958,7,0.9843,0.1005
387,107,582.522,10,0.6173,0.0229
652,140,563.953,5,0.519,0.0
24,155,638.198,3,0.3071,0.0
709,2,375.878,8,0.4954,0.0167
819,57,474.043,7,0.6342,0.0
595,68,686.835,12,0.3011,0.0194
207,118,486.56,4,0.9027,0.0219
750,175,120.7,13,0.6828,0.3946
340,88,235.671,20,0.9154,0.5426
736,93,54.962,9,0.7964,0.5815
629,18,80.002,11,0.7385,0.4746
94,106,354.375,2,0.7975,0.0033
100,98,531.901,4,0.818,0.0426
16,128,136.444,1,0.5806,0.0
72,170,230.751,10,0.8022,0.2168
300,114,242.649,10,0.907,0.2778
26,11,604.968,2,0.826,0.0
939,164,132.914,9,0.7723,0.3193
917,96,24.99,17,0.8846,0.8287
173,98,449.354,18,0.447,0.0738
312,175,379.57,13,0.5269,0.0432
743,118,2.45,16,0.7035,0.7374
661,159,550.696,11,0.4424,0.0505
582,177,305.47,7,0.7862,0.0985
990,99,394.658,15,0.8278,0.2097
630,197,483.15,17,0.318,0.0
670,35,37.443,7,0.7621,0.5737
503,175,124.645,9,0.3213,0.0706
526,170,333.731,9,0.3331,0.0147
292,20,124.182,15,0.4043,0.213
521,31,84.381,2,0.4605,0.0683
919,8,234.312,15,0.9044,0.4676
377,56,307.483,5,0.6902,0.0183
134,199,611.982,10,0.3385,0.0
600,25,428.558,1,0.973,0.0
786,7,669.201,17,0.6268,0.0735
959,92,329.453,3,0.6853,0.0
543,71,340.405,5,0.7951,0.0108
789,126,224.588,14,0.8872,0.4053
251,122,59.183,7,0.7127,0.443
425,166,124.26,5,0.7377,0.1644
420,83,49.216,12,0.3601,0.2607
333,93,506.632,1,0.3377,0.0
717,5,251.606,8,0.4818,0.0672
884,195,23.177,4,0.684,0.4587
327,43,541.707,12,0.9278,0.0896
136,120,183.859,7,0.4215,0.0407
826,177,643.389,14,0.9579,0.1454
850,121,592.709,3,0.485,0.0058
935,126,219.055,2,0.8737,0.0104
256,36,170.098,5,0.4996,0.0402
720,142,715.021,18,0.5835,0.0329
716,39,590.235,20,0.7918,0.1472
791,139,667.206,2,0.9175,0.0
807,116,12.758,1,0.4721,0.1627
953,98,430.999,4,0.8405,0.0169
477,145,192.349,12,0.9954,0.5304
76,144,270.118,19,0.5796,0.1919
193,41,66.029,16,0.3684,0.2583
887,76,538.949,5,0.6998,0.048
845,97,378.701,20,0.4668,0.0848
12,31,570.361,6,0.3647,0.0
368,72,84.312,8,0.7227,0.3647
246,9,718.038,17,0.5463,0.0075
321,88,251.286,7,0.5117,0.0
639,42,685.064,15,0.937,0.1256
511,45,487.21,9,0.3772,0.0109
481,164,78.806,17,0.6126,0.4552
436,29,563.141,13,0.7994,0.048
642,25,403.897,19,0.7344,0.1707
684,65,136.272,9,0.7485,0.3394
44,5,135.217,8,0.8635,0.4364
138,174,686.295,7,0.5375,0.0358
342,198,718.966,11,0.6165,0.0067
436,162,415.015,19,0.5301,0.0733
997,160,135.157,4,0.4793,0.0112
892,21,245.316,9,0.5564,0.0848
649,111,153.004,5,0.5362,0.0354
37,18,437.59,4,0.5963,0.0
101,61,288.5,14,0.8996,0.3448
458,99,272.52,20,0.5441,0.221
588,137,577.12,20,0.6111,0.1184
661,56,693.787,12,0.6017,0.0473
142,52,142.26,1,0.4983,0.0
888,165,298.678,18,0.6369,0.2082
494,45,386.533,15,0.9068,0.2875
594,98,177.405,7,0.4928,0.044
40,58,289.667,18,0.6407,0.2102
825,171,40.646,5,0.6382,0.4141
544,107,30.159,12,0.7847,0.746
223,22,566.286,4,0.6504,0.0
319,30,244.478,11,0.4586,0.0399
353,195,509.492,16,0.558,0.024
28,189,60.157,15,0.4216,0.276
943,154,483.045,20,0.3614,0.0653
803,16,470.6,16,0.4146,0.0045
886,147,591.537,19,0.3691,0.0159
354,133,147.715,18,0.3643,0.2035
558,189,397.029,15,0.3991,0.0354
459,98,648.901,8,0.562,0.0254
476,95,158.706,15,0.4,0.1194
589,127,90.34,1,0.6411,0.0
452,30,248.558,6,0.4793,0.029
774,150,695.066,10,0.8863,0.0603
59,100,113.743,8,0.3809,0.0435
193,38,86.361,6,0.8009,0.3858
893,164,718.379,2,0.3511,0.0
883,53,283.376,19,0.9783,0.4775
819,172,107.885,12,0.7981,0.487
369,55,402.427,9,0.9038,0.1252
457,98,10.47,20,0.3645,0.3471
26,88,306.701,16,0.7266,0.2665
280,147,26.559,14,0.3049,0.2489
727,38,407.261,9,0.5597,0.0
343,50,450.022,9,0.9877,0.1017
481,39,3.038,9,0.5562,0.5678
124,47,369.391,7,0.7028,0.048
497,91,680.394,19,0.6617,0.0915
722,118,286.925,10,0.5186,0.0442
573,173,687.265,10,0.3407,0.0408
557,85,693.717,7,0.9095,0.0099
915,82,173.36,8,0.7662,0.3041
235,33,415.924,19,0.9839,0.3936
300,20,597.91,16,0.7327,0.0973
624,153,510.739,15,0.3742,0.0442
481,127,547.413,14,0.6102,0.0205
980,107,188.238,6,0.4853,0.0341
60,89,661.155,3,0.9555,0.0
123,105,170.046,9,0.4486,0.0809
342,170,464.439,13,0.6113,0.0171
459,38,637.05,1,0.9615,0.0348
891,100,259.156,1,0.3605,0.0209
495,49,397.76,1,0.8213,0.0
438,21,497.324,1,0.7491,0.0134
167,139,668.547,9,0.6024,0.0158
435,141,322.862,11,0.3707,0.0321
532,171,434.505,9,0.8862,0.0688
584,5,102.521,2,0.3191,0.0149
606,36,47.428,1,0.8495,0.0597
430,115,15.922,13,0.7231,0.6999
158,163,343.402,8,0.435,0.0192
153,189,393.145,3,0.6925,0.0
155,158,62.634,6,0.7858,0.4882
619,181,130.799,6,0.5717,0.1523
857,163,192.104,6,0.8605,0.1666
884,64,641.772,4,0.9694,0.0
312,117,71.918,7,0.8199,0.464
80,128,352.832,4,0.3015,0.0044
631,71,568.234,12,0.5394,0.0
39,178,626.59,9,0.939,0.0478
627,155,499.211,15,0.5366,0.0678
384,104,191.565,16,0.4331,0.1807
840,96,87.861,8,0.4008,0.0907
626,159,114.108,18,0.861,0.5742
740,45,554.713,20,0.4705,0.0335
406,44,213.856,9,0.6204,0.0957
841,81,243.599,12,0.6521,0.162
526,26,126.789,9,0.9738,0.5286
626,92,313.227,14,0.7533,0.2389
361,87,241.203,3,0.9717,0.033
450,102,257.374,10,0.4461,0.0255
841,93,24.812,10,0.9026,0.8107
394,180,333.319,19,0.4441,0.0843
22,55,81.006,17,0.4934,0.3218
380,83,385.92,11,0.9849,0.1984
392,148,481.978,12,0.6465,0.0387
419,57,393.424,15,0.5527,0.0908
71,132,105.885,2,0.757,0.0557
130,193,444.068,11,0.8455,0.0892
325,76,297.508,10,0.6173,0.0743
424,49,259.083,18,0.8852,0.4261
30,39,107.545,15,0.7484,0.5232
390,3,715.921,16,0.9013,0.1156
321,57,283.028,2,0.9642,0.0
35,170,328.859,17,0.7488,0.2442
251,51,68.408,14,0.7985,0.5613
276,191,486.503,2,0.3563,0.0
144,191,203.873,13,0.8561,0.409
752,137,533.049,12,0.9829,0.1606
73,197,48.798,3,0.6307,0.2007
578,82,214.074,11,0.5842,0.1439
666,192,536.999,17,0.7894,0.1611
807,109,285.427,8,0.4484,0.04
546,17,25.168,6,0.3823,0.2359
543,167,568.576,6,0.9496,0.0333
761,191,695.247,15,0.3472,0.0
855,178,271.402,17,0.7868,0.3496
211,84,447.738,16,0.511,0.0586
797,21,268.622,6,0.3074,0.0
463,118,399.81,9,0.4671,0.0061
99,174,531.896,12,0.8804,0.1402
613,169,455.881,15,0.3143,0.0
978,124,226.934,10,0.4489,0.0609
141,158,140.938,14,0.8162,0.5063
15,7,392.148,11,0.9882,0.2437
917,125,475.009,1,0.765,0.007
597,22,413.85,19,0.6738,0.1641
220,150,92.697,6,0.5727,0.2077
793,10,255.956,18,0.8124,0.3908
394,119,536.275,10,0.4493,0.0
332,190,106.086,12,0.3575,0.1237
290,23,636.093,18,0.791,0.0789
599,86,336.17,5,0.9351,0.05
135,9,569.741,3,0.9105,0.0
363,144,245.71,4,0.5639,0.0
306,186,258.956,17,0.9569,0.5518
61,1,696.277,3,0.3566,0.0
764,110,408.708,13,0.3456,0.0162
9,159,73.822,10,0.6811,0.4314
960,6,689.541,2,0.7843,0.0
95,97,270.205,4,0.4919,0.0
359,26,511.506,17,0.7108,0.1036
99,185,93.0,9,0.3395,0.1048
367,102,615.905,12,0.9292,0.1316
611,105,690.553,7,0.6916,0.0481
88,200,275.959,11,0.961,0.3396
526,158,104.624,1,0.7071,0.0
772,63,401.727,20,0.8934,0.3615
456,126,116.906,16,0.965,0.7073
113,60,318.619,13,0.629,0.1342
692,105,448.502,20,0.5309,0.0572
187,163,100.725,20,0.5259,0.3116
17,190,682.599,9,0.559,0.0328
437,191,508.171,20,0.4851,0.0522
271,100,260.441,7,0.9587,0.1807
29,180,299.587,18,0.6694,0.2423
778,179,610.721,1,0.7241,0.0
600,110,342.985,8,0.3481,0.0406
910,8,710.705,1,0.9177,0.0
481,24,45.234,17,0.3562,0.2195
439,132,195.727,13,0.6608,0.2879
843,167,373.523,2,0.906,0.0707
82,183,98.24,11,0.3734,0.1102
362,49,256.806,5,0.8819,0.0889
799,180,374.624,16,0.8007,0.3133
293,166,188.283,4,0.6784,0.0
886,98,118.935,11,0.5341,0.2325
285,75,193.575,14,0.807,0.4216
414,95,59.91,4,0.9586,0.4867
898,136,141.475,2,0.4145,0.0334
244,163,44.4,18,0.3042,0.2326
969,35,685.846,3,0.3031,0.0
44,68,116.35,18,0.9918,0.7239
266,25,1.412,5,0.6901,0.6621
592,188,689.337,16,0.6547,0.0305
595,82,546.3,13,0.4331,0.0089
910,51,192.622,20,0.514,0.284
960,41,632.882,9,0.7257,0.0
678,15,627.634,18,0.4041,0.0141
660,95,533.645,10,0.6503,0.0664
318,155,426.604,10,0.3116,0.0256
806,65,421.203,18,0.8203,0.2511
643,81,697.625,17,0.4402,0.0029
25,128,335.174,1,0.9852,0.0
833,72,582.261,15,0.9734,0.1787
360,148,81.437,18,0.3648,0.2754
476,65,504.746,10,0.6344,0.0056
487,90,712.492,13,0.5,0.0317
820,197,7.679,9,0.6859,0.6341
268,168,186.06,18,0.7004,0.3994
392,115,565.269,14,0.8306,0.1353
40,79,528.477,16,0.7483,0.1056
349,199,528.754,2,0.4195,0.0
89,93,707.383,3,0.669,0.0158
583,69,69.468,14,0.9566,0.7888
894,120,486.23,2,0.3229,0.0218
465,83,461.834,9,0.3304,0.0012
913,178,148.545,19,0.4727,0.2104
978,43,153.7,8,0.8348,0.3176
54,11,468.328,1,0.9994,0.0
517,87,471.427,10,0.4268,0.0184
529,190,432.251,3,0.5036,0.0
386,13,332.832,19,0.9035,0.3828
831,162,494.941,15,0.7562,0.1184
395,1,232.1,20,0.5179,0.2376
56,112,170.16,9,0.7891,0.2604
548,91,428.906,20,0.4255,0.0351
202,32,444.634,16,0.7978,0.1742
355,150,584.92,13,0.3767,0.0134
502,36,299.866,8,0.701,0.0526
723,88,550.286,17,0.6422,0.0476
279,112,660.793,20,0.6058,0.0425
381,104,306.764,4,0.6826,0.0151
68,7,390.886,16,0.992,0.3149
385,90,655.434,11,0.6743,0.0431
581,131,216.53,8,0.4071,0.0436
617,106,520.452,7,0.4337,0.017
294,147,415.81,5,0.4684,0.0107
61,156,298.372,4,0.8117,0.0198
578,36,622.29,5,0.4294,0.0
656,161,113.266,15,0.445,0.208
86,179,25.971,6,0.9846,0.8075
505,168,149.539,1,0.8299,0.0
96,171,630.976,4,0.5661,0.0359
454,43,247.72,18,0.7091,0.2849
641,131,492.615,8,0.6265,0.0
720,92,166.589,20,0.732,0.4473
714,197,353.698,7,0.9676,0.1177
759,167,376.695,7,0.85,0.0496
242,33,177.047,10,0.6662,0.2021
847,189,279.237,3,0.4026,0.0241
350,140,188.845,4,0.3441,0.083
375,109,72.936,16,0.6409,0.5296
788,90,311.074,6,0.3462,0.0026
328,99,406.03,17,0.986,0.3172
75,155,65.297,6,0.6537,0.2832
715,153,258.004,16,0.4133,0.1054
663,111,333.412,5,0.4636,0.0023
582,199,671.453,15,0.4592,0.0118
144,47,439.627,5,0.6589,0.0099
632,86,678.46,16,0.6081,0.0159
199,120,377.794,6,0.7392,0.0209
556,34,578.444,18,0.5811,0.0714
508,100,69.753,11,0.7727,0.5893
773,167,406.599,1,0.5634,0.0415
977,136,254.437,15,0.5148,0.1485
191,143,524.606,20,0.3284,0.0001
115,33,631.93,5,0.8568,0.0069
556,30,512.97,16,0.6516,0.1146
952,89,64.02,6,0.4388,0.2062
159,65,447.349,11,0.6207,0.0732
488,3,535.881,4,0.5306,0.0
408,111,21.971,8,0.4509,0.3793
319,151,122.619,15,0.7653,0.4758
664,147,489.966,20,0.625,0.1492
296,21,227.082,6,0.6016,0.0761
494,157,45.241,2,0.6276,0.1605
846,77,640.438,15,0.7565,0.058
380,32,685.59,16,0.8589,0.081
22,95,269.214,8,0.6238,0.0582
885,44,714.875,3,0.6797,0.0152
275,135,616.809,5,0.7518,0.0
773,149,400.44,12,0.4225,0.0
763,146,538.137,3,0.8398,0.0363
527,24,674.126,10,0.3232,0.0
88,70,523.807,7,0.4661,0.0058
951,100,243.32,3,0.9895,0.0419
681,197,139.381,1,0.7371,0.0
425,110,311.146,4,0.5954,0.0
854,131,134.807,15,0.8154,0.5543
789,68,15.986,8,0.5732,0.4526
761,60,328.553,7,0.553,0.0435
168,160,237.399,7,0.8253,0.1499
633,167,69.054,1,0.6273,0.0
286,12,627.516,5,0.6297,0.0097
79,108,88.96,17,0.378,0.2016
339,156,454.072,10,0.8776,0.1052
105,32,410.123,15,0.5423,0.0859
106,130,704.884,12,0.6954,0.0423
728,95,183.137,1,0.5869,0.0
502,102,169.944,15,0.7259,0.3986
398,119,451.77,10,0.6689,0.0904
193,175,402.165,7,0.971,0.0525
771,18,584.596,2,0.9704,0.0
635,41,125.021,13,0.4194,0.1243
586,70,216.794,12,0.9252,0.4542
191,161,4.1,13,0.6069,0.5943
124,119,519.679,12,0.6278,0.0307
124,38,234.673,15,0.8169,0.3823
26,5,170.366,16,0.6547,0.3553
970,199,435.749,20,0.8039,0.2649
368,28,181.601,20,0.5934,0.3483
659,7,41.332,19,0.8067,0.718
983,82,170.485,20,0.6438,0.3409
937,111,611.874,17,0.3783,0.0445
321,52,428.865,8,0.7191,0.0273
490,34,339.502,15,0.7726,0.1861
464,18,354.071,12,0.473,0.0
34,82,717.815,6,0.7664,0.0
769,191,23.158,1,0.9967,0.3621
575,30,116.495,3,0.6382,0.0507
372,115,623.232,20,0.5186,0.0496
559,39,385.312,14,0.4191,0.0
736,135,716.447,18,0.4381,0.0013
15,13,492.583,12,0.4587,0.0
647,41,521.004,4,0.5528,0.0097
862,2,417.642,12,0.3179,0.0238
727,130,12.984,19,0.634,0.6455
620,144,653.813,15,0.9203,0.1619
91,35,376.801,6,0.6264,0.0
745,91,7.014,13,0.6565,0.6384
751,59,151.518,13,0.7001,0.343
494,10,252.598,5,0.9824,0.1109
583,8,206.412,10,0.5037,0.089
619,188,20.475,19,0.9715,0.9674
122,130,202.13,12,0.834,0.3769
258,134,645.392,18,0.6103,0.0539
793,60,424.168,14,0.8896,0.2187
974,53,235.753,3,0.9689,0.0023
271,159,63.896,11,0.9579,0.7598
401,88,541.056,12,0.616,0.0226
916,21,517.357,14,0.9366,0.161
163,98,2.204,19,0.7928,0.7553
262,105,715.259,8,0.3546,0.0477
56,114,191.639,14,0.3257,0.0442
235,108,189.298,17,0.5796,0.2822
637,172,217.093,11,0.7514,0.2596
349,49,692.455,1,0.9259,0.031
984,118,605.677,19,0.3262,0.0
892,178,459.029,5,0.4892,0.0329
896,196,356.123,16,0.8233,0.3047
727,193,235.793,15,0.5543,0.1457
703,146,241.58,14,0.7221,0.2864
510,22,234.814,16,0.5789,0.1774
991,198,621.14,9,0.4451,0.0
96,7,490.705,3,0.3423,0.0
723,111,293.196,16,0.6763,0.232
141,90,715.359,12,0.4298,0.0
340,136,128.199,18,0.3486,0.1481
256,157,55.669,7,0.5167,0.2462
602,148,265.378,4,0.9483,0.0738
788,46,706.937,4,0.6921,0.0
80,151,17.782,14,0.468,0.4205
602,152,58.78,2,0.7334,0.1241
222,5,246.173,14,0.8394,0.3073
77,128,710.953,5,0.895,0.0
418,26,247.612,3,0.9933,0.025
582,113,488.377,7,0.7322,0.0092
202,46,622.17,17,0.6027,0.0853
390,72,482.967,2,0.7756,0.0384
954,55,65.124,18,0.3771,0.2697
347,173,107.37,19,0.8163,0.661
996,182,186.742,3,0.4951,0.0
835,160,573.202,8,0.7664,0.0325
371,145,577.459,15,0.6262,0.057
577,73,122.995,10,0.4771,0.1736
710,29,273.268,5,0.8388,0.0321
465,114,101.091,11,0.9142,0.6033
408,86,340.889,5,0.6995,0.0015
330,57,262.607,1,0.8869,0.0
140,49,714.317,3,0.8879,0.0128
25,33,280.177,19,0.4699,0.084
337,166,36.497,14,0.7269,0.6571
796,65,374.991,17,0.9952,0.3968
234,184,653.218,19,0.3803,0.0
180,134,266.347,4,0.7526,0.0107
329,33,589.409,12,0.5567,0.0134
599,13,300.339,7,0.5715,0.0519
216,84,409.436,6,0.3424,0.0339
221,17,361.936,8,0.4966,0.0065
113,191,629.461,4,0.8985,0.0
333,182,409.211,12,0.3416,0.0526
218,132,273.241,4,0.5147,0.0
832,59,552.353,3,0.9906,0.0
906,174,36.719,5,0.4018,0.2237
371,130,196.581,13,0.8336,0.386
86,72,206.588,12,0.9961,0.5017
88,176,409.846,17,0.9228,0.3463
325,42,600.687,20,0.8987,0.1755
464,114,398.971,5,0.9979,0.0681
529,139,330.269,19,0.4906,0.1309
305,182,47.491,6,0.9725,0.6558
355,28,698.453,2,0.6787,0.0
284,58,213.142,17,0.3745,0.0938
518,168,93.795,5,0.9058,0.3985
697,100,599.749,6,0.3916,0.0
44,151,641.103,14,0.424,0.0241
479,155,215.337,17,0.3004,0.0541
649,61,395.203,14,0.5645,0.0492
673,67,564.195,3,0.5915,0.0
564,100,16.115,5,0.4814,0.3764
526,6,710.591,11,0.8741,0.0248
681,160,233.584,20,0.9168,0.5307
379,24,345.693,4,0.5062,0.0
568,187,36.884,12,0.6638,0.5063
320,156,34.272,20,0.9593,0.8772
438,71,80.835,11,0.4264,0.202
125,15,231.546,6,0.4531,0.0133
351,158,663.542,17,0.5634,0.0489
143,90,371.355,4,0.4692,0.0
227,39,234.873,8,0.3257,0.0308
420,86,325.097,4,0.929,0.0146
501,181,191.202,15,0.3369,0.0676
942,138,449.482,20,0.5556,0.0625
27,138,365.411,19,0.3667,0.0148
899,103,272.865,2,0.5436,0.023
329,31,494.166,19,0.3758,0.0
725,190,282.317,12,0.3779,0.0024
678,148,580.809,1,0.7487,0.0015
971,104,431.06,3,0.6101,0.0169
109,145,145.945,2,0.491,0.0
968,73,117.915,10,0.9684,0.5342
63,149,184.661,15,0.9793,0.5452
878,194,661.174,10,0.7289,0.05
653,69,592.946,1,0.4428,0.0158
482,2,700.01,7,0.9515,0.0
398,148,536.04,14,0.5563,0.0245
94,171,658.44,10,0.639,0.0537
802,166,256.177,17,0.8163,0.3781
728,196,446.51,16,0.8192,0.18
938,70,282.187,2,0.6215,0.0
731,184,622.772,15,0.677,0.0416
958,42,717.823,1,0.981,0.0198
887,118,536.902,1,0.6468,0.0519
426,178,562.815,11,0.7944,0.0868
704,184,634.339,20,0.4486,0.0349
265,125,69.09,20,0.7335,0.6002
796,110,347.152,16,0.4247,0.0228
609,93,527.532,11,0.5563,0.0091
441,174,435.825,15,0.614,0.0411
629,176,389.265,20,0.7698,0.2899
278,48,278.094,20,0.357,0.0751
623,28,159.114,15,0.3702,0.1093
475,163,664.17,4,0.3364,0.0
322,163,528.705,7,0.5669,0.0103
976,20,441.938,7,0.441,0.0
64,99,61.924,5,0.8386,0.4643
758,102,80.848,20,0.8776,0.7234
211,9,311.574,13,0.4713,0.0819
223,133,90.961,9,0.7305,0.3537
155,195,107.646,7,0.6427,0.2432
103,43,59.009,17,0.4404,0.3388
124,156,212.072,5,0.7453,0.0747
833,17,8.495,15,0.816,0.792
927,43,527.367,8,0.8863,0.0741
585,114,431.727,2,0.5114,0.0
14,185,365.758,11,0.408,0.0
865,178,710.565,3,0.9522,0.0
602,188,347.219,19,0.9517,0.4469
521,198,626.217,5,0.5002,0.0074
948,161,136.753,20,0.3394,0.1777
410,73,191.028,14,0.7961,0.4313
361,26,236.877,15,0.5555,0.1584
780,165,713.05,3,0.831,0.016
528,38,653.526,5,0.3502,0.0174
717,105,323.266,1,0.6213,0.0156
696,151,608.086,10,0.5327,0.0
840,7,168.289,6,0.7499,0.146
318,183,426.882,2,0.7966,0.0
73,61,116.957,7,0.9641,0.4938
478,44,414.362,12,0.5434,0.0
648,75,160.414,11,0.3904,0.096
818,93,421.951,13,0.9728,0.2191
268,91,308.931,17,0.6991,0.252
746,31,402.534,8,0.9534,0.0963
833,38,116.479,18,0.8814,0.6658
809,96,364.918,5,0.6436,0.033
809,46,228.127,11,0.362,0.0
988,129,104.066,20,0.5095,0.3129
662,180,360.534,1,0.7894,0.0
371,4,100.1,1,0.8139,0.0
437,8,307.946,11,0.4761,0.0
748,129,233.002,15,0.7485,0.3177
237,6,391.199,3,0.372,0.0
603,128,348.595,14,0.4495,0.0762
573,99,97.328,1,0.3858,0.0
667,92,201.251,12,0.4423,0.0792
422,122,401.075,5,0.4159,0.028
740,180,600.505,4,0.8037,0.0
72,26,43.107,20,0.9409,0.8244
750,27,65.878,18,0.9765,0.833
812,140,573.888,8,0.5738,0.0138
886,11,245.007,13,0.9017,0.3585
923,86,185.31,20,0.364,0.0792
350,100,165.718,14,0.6983,0.3419
47,79,698.924,15,0.7237,0.046
654,107,367.981,15,0.5871,0.0925
91,23,116.263,11,0.3158,0.0783
281,54,292.622,3,0.5312,0.023
703,2,188.034,1,0.3035,0.0
595,193,121.875,10,0.8658,0.4899
607,167,704.591,12,0.9992,0.0948
752,51,320.749,16,0.4456,0.0735
165,8,497.852,1,0.8401,0.0
792,55,647.016,8,0.924,0.029
587,192,148.446,8,0.5019,0.1339
421,163,92.609,15,0.7539,0.5181
464,132,187.755,12,0.4744,0.0842
509,185,513.19,8,0.3463,0.0161
551,36,275.339,15,0.7041,0.2199
334,108,352.399,17,0.5035,0.1041
224,159,15.074,13,0.9038,0.8182
170,4,3.559,17,0.9706,0.9443
341,88,293.392,11,0.4241,0.0374
261,72,108.686,17,0.405,0.2002
517,36,569.697,15,0.4402,0.0221
913,45,684.95,14,0.6257,0.0428
109,194,666.541,10,0.5227,0.0
309,103,335.462,11,0.7485,0.1315
50,17,206.893,14,0.6253,0.225
975,137,348.6,18,0.3153,0.0157
701,119,75.351,15,0.8244,0.6602
242,79,679.658,8,0.5471,0.0112
415,80,483.502,1,0.7646,0.0
724,108,206.672,20,0.8881,0.5813
958,186,546.782,6,0.3761,0.0389
574,152,176.78,17,0.717,0.3911
271,81,541.173,2,0.9525,0.0
697,50,289.611,6,0.3944,0.0
686,22,622.095,1,0.7243,0.0
644,40,712.654,8,0.4516,0.0063
46,28,230.888,2,0.5989,0.0392
707,162,397.07,18,0.8115,0.2987
20,116,171.692,9,0.8891,0.3706
906,8,576.362,6,0.9479,0.0
882,186,354.457,7,0.8626,0.0432
564,31,708.341,2,0.9083,0.0
647,130,638.62,5,0.3635,0.0308
68,3,196.702,2,0.7906,0.0
875,118,86.479,1,0.7877,0.0
271,112,446.485,18,0.3604,0.0649
263,182,229.337,14,0.5353,0.1377
709,121,183.039,8,0.5472,0.0991
939,98,392.713,6,0.753,0.0276
495,107,387.737,5,0.6803,0.0226
508,127,387.304,8,0.956,0.0748
549,83,212.205,6,0.3997,0.0
292,143,112.287,17,0.715,0.5224
597,106,132.645,12,0.3926,0.0944
961,194,518.643,2,0.9014,0.0
383,39,337.26,9,0.5669,0.0797
774,146,338.21,3,0.4958,0.0405
774,166,703.27,3,0.4987,0.0128
851,144,660.963,13,0.3831,0.0
724,197,47.235,10,0.4461,0.2953
922,87,574.422,4,0.569,0.0
715,109,178.878,14,0.324,0.0796
977,31,520.194,9,0.6543,0.033
716,75,125.222,8,0.4294,0.0625
837,32,105.095,1,0.6853,0.075
891,159,676.256,13,0.3954,0.0185
984,157,402.2,6,0.48,0.0
596,39,252.067,15,0.8541,0.4145
711,161,641.66,7,0.996,0.0227
968,65,209.033,14,0.5437,0.1707
381,146,46.471,13,0.6309,0.4827
120,188,284.56,3,0.6087,0.0239
885,166,509.39,2,0.5508,0.0376
632,38,476.839,9,0.4808,0.0007
429,37,341.334,6,0.75,0.0357
717,23,367.565,19,0.4647,0.0631
33,169,381.452,3,0.6145,0.0
478,110,269.967,4,0.5769,0.0213
266,32,60.193,10,0.8228,0.6314
289,118,114.046,18,0.8721,0.6406
970,106,521.614,9,0.3154,0.0
551,120,583.334,9,0.6964,0.0136
141,127,285.072,19,0.3802,0.0584
365,33,237.411,13,0.3629,0.0648
243,78,437.731,18,0.5375,0.0891
910,145,16.165,7,0.3496,0.2779
292,182,410.274,4,0.9506,0.0
357,49,337.972,15,0.7851,0.2622
335,115,318.468,6,0.7519,0.0226
176,190,1.538,4,0.418,0.3926
781,121,678.893,13,0.8955,0.057
577,46,125.252,16,0.4825,0.2306
437,117,81.8,19,0.4845,0.3309
396,4,278.108,3,0.923,0.0075
667,98,560.826,18,0.7376,0.1126
96,114,550.917,4,0.7675,0.0358
932,12,368.747,14,0.9809,0.3411
565,41,395.644,1,0.5796,0.0152
228,198,328.023,11,0.4919,0.0687
538,126,18.7,18,0.4862,0.4349
853,92,200.42,4,0.4393,0.0101
174,46,280.347,17,0.8857,0.4079
524,25,399.428,2,0.5017,0.0
598,86,474.668,8,0.3814,0.0191
811,110,711.105,4,0.8425,0.0
568,36,365.552,1,0.9742,0.0027
737,161,483.936,6,0.8366,0.0
774,86,691.683,19,0.5327,0.0295
892,12,201.016,18,0.4209,0.2021
362,28,326.961,4,0.8509,0.0
704,173,519.244,12,0.7642,0.0952
249,68,407.138,3,0.4379,0.051
845,75,643.135,19,0.9633,0.1752
952,40,407.794,5,0.7145,0.0
295,162,664.138,18,0.7142,0.0972
562,164,107.388,6,0.5774,0.1484
823,49,578.638,3,0.4436,0.0
28,146,153.947,19,0.7087,0.4575
706,91,35.842,3,0.5943,0.1962
821,34,80.833,13,0.4145,0.2409
872,160,418.317,13,0.3136,0.0244
197,17,209.759,7,0.9192,0.2641
758,175,104.078,15,0.9523,0.7158
787,6,453.131,16,0.3704,0.0371
3,65,351.586,13,0.5054,0.0546
706,46,274.296,16,0.8079,0.2897
627,48,385.944,6,0.7524,0.0094
969,97,620.288,5,0.5784,0.0
44,151,521.915,10,0.5261,0.0021
966,80,356.786,4,0.9913,0.0052
572,104,592.351,3,0.3775,0.0
275,195,621.107,4,0.8753,0.017
388,100,271.237,1,0.5696,0.0063
767,159,108.271,8,0.309,0.0279
997,77,83.274,6,0.859,0.454
317,16,460.156,1,0.9828,0.0044
984,52,674.164,14,0.8809,0.0526
630,32,28.234,9,0.7353,0.6188
193,182,358.276,7,0.8216,0.075
598,6,140.261,5,0.4957,0.0251
802,165,382.924,10,0.4946,0.0229
55,28,616.868,16,0.9013,0.1261
79,31,566.702,1,0.7133,0.0
6,106,699.343,7,0.613,0.0086
571,17,349.119,9,0.7418,0.1195
58,16,477.815,14,0.5672,0.0585
933,156,646.979,17,0.9306,0.1493
128,12,502.436,14,0.5043,0.0399
72,120,694.24,13,0.4122,0.0
258,24,177.173,16,0.4263,0.1705
764,18,97.612,13,0.947,0.6868
907,134,107.796,10,0.5156,0.1873
252,79,613.81,14,0.9841,0.1538
519,4,38.517,8,0.3284,0.1773
774,137,583.236,18,0.3345,0.0
797,194,334.424,6,0.8743,0.0694
153,113,497.841,13,0.583,0.097
839,77,536.924,1,0.7927,0.0
868,169,305.854,15,0.7149,0.1464
735,68,105.607,4,0.781,0.1791
528,123,444.417,12,0.6677,0.125
392,95,688.719,5,0.7923,0.0
890,146,18.881,1,0.6989,0.2569
864,104,163.799,14,0.5822,0.2335
519,97,629.636,14,0.7885,0.0808
743,85,50.7,16,0.3851,0.2716
400,60,7.791,16,0.4875,0.4441
744,98,632.08,10,0.4313,0.0
90,13,553.159,19,0.8882,0.2545
902,68,183.167,17,0.7356,0.4328
516,16,695.868,2,0.301,0.0085
599,65,513.089,8,0.8776,0.0196
190,71,86.193,14,0.4928,0.2903
529,6,331.846,14,0.3076,0.0071
4,60,622.913,18,0.3563,0.0175
891,135,480.938,12,0.6879,0.0583
749,194,421.986,9,0.4276,0.0
455,124,300.531,4,0.7403,0.0
836,143,178.968,20,0.8989,0.5899
812,134,441.984,10,0.5863,0.0622
120,189,111.188,17,0.9098,0.719
54,189,583.233,20,0.4497,0.0422
254,23,151.29,14,0.7487,0.4167
2,95,87.246,3,0.9247,0.2293
574,182,52.325,11,0.685,0.5059
529,177,586.828,9,0.846,0.035
538,107,337.081,13,0.7235,0.1868
74,89,287.337,7,0.4121,0.001
919,12,375.495,3,0.9434,0.0
977,96,423.071,15,0.4433,0.0284
591,102,634.18,19,0.8495,0.1902
6,127,247.862,1,0.3653,0.0171
396,105,135.119,5,0.6425,0.1196
719,44,625.785,10,0.7077,0.0184
749,194,346.276,15,0.7727,0.2069
244,44,417.452,6,0.7913,0.0153
823,77,114.295,12,0.3385,0.0927
968,102,620.809,6,0.526,0.0
509,59,675.658,8,0.7677,0.0
382,14,322.532,9,0.5623,0.0353
527,123,14.997,8,0.6126,0.5509
28,48,19.967,6,0.3687,0.2549
524,176,218.005,4,0.7203,0.028
27,159,354.369,12,0.5294,0.0609
35,86,311.906,16,0.3794,0.0166
554,93,409.806,6,0.6533,0.0
511,190,185.689,7,0.5814,0.0518
987,6,151.41,19,0.7411,0.4872
508,76,701.386,7,0.4602,0.0433
980,13,202.385,9,0.4063,0.0328
808,28,681.525,7,0.5397,0.0141
338,184,411.705,4,0.9434,0.0
927,21,50.858,8,0.4498,0.2137
483,192,428.611,6,0.5071,0.001
595,157,709.6,7,0.8491,0.043
101,129,604.646,16,0.8319,0.1267
213,149,218.901,18,0.5765,0.2006
523,37,69.217,3,0.8681,0.2749
272,24,331.786,4,0.8233,0.0
600,74,71.512,8,0.4993,0.2448
80,153,214.674,11,0.7344,0.2191
252,62,661.082,19,0.4829,0.0507
666,36,470.732,17,0.6648,0.0931
613,158,564.183,1,0.6104,0.0
984,127,389.451,15,0.6336,0.1561
900,108,121.467,20,0.968,0.7095
811,83,108.71,4,0.8547,0.257
1,156,551.466,8,0.733,0.0
603,147,309.388,6,0.3361,0.0
229,73,360.249,5,0.3894,0.0223
267,26,129.228,8,0.7478,0.3049
210,174,260.723,17,0.943,0.4522
456,28,95.638,2,0.334,0.0
124,86,147.655,10,0.9928,0.4942
532,180,640.054,19,0.6296,0.0303
167,84,516.157,3,0.5668,0.0071
501,167,613.467,16,0.7775,0.0793
626,98,629.468,14,0.9927,0.1851
180,150,424.715,5,0.4428,0.0
103,119,219.377,16,0.974,0.5127
807,57,354.889,5,0.3868,0.0
739,179,14.07,10,0.8673,0.7962
262,94,588.577,18,0.7925,0.1303
888,92,577.994,15,0.6413,0.0282
222,132,366.244,10,0.6829,0.0764
927,187,272.146,3,0.9838,0.0142
114,175,124.687,2,0.8359,0.065
661,79,54.883,1,0.9927,0.1508
20,47,234.316,2,0.3795,0.0
198,65,675.013,5,0.5778,0.0
405,53,49.97,11,0.4741,0.3783
86,60,683.406,20,0.5283,0.0
457,87,380.885,17,0.9769,0.4134
233,5,317.712,4,0.6878,0.0227
99,107,88.969,18,0.8837,0.6559
962,170,51.855,19,0.3065,0.1971
982,87,392.24,12,0.6655,0.1333
963,16,431.202,6,0.9695,0.0546
155,78,312.832,8,0.5391,0.0104
382,67,207.234,10,0.6458,0.1434
328,119,10.021,5,0.5099,0.3892
326,51,192.374,15,0.7979,0.415
417,61,514.815,14,0.3062,0.0304
511,149,436.528,4,0.6994,0.0153
486,36,114.25,1,0.3781,0.0
292,187,571.379,4,0.617,0.0085
980,60,107.337,8,0.653,0.2704
980,164,572.835,6,0.5855,0.0144
332,17,369.331,12,0.3355,0.0
222,64,516.336,10,0.6905,0.0
533,76,60.233,8,0.4755,0.2277
370,92,533.641,7,0.6087,0.0
988,19,519.589,15,0.3635,0.0462
430,50,126.595,2,0.4142,0.0
40,176,99.46,8,0.731,0.3576
126,185,539.187,6,0.9955,0.045
75,89,299.925,16,0.9868,0.4294
383,24,466.51,17,0.3804,0.0
317,56,7.012,17,0.7059,0.6673
857,191,132.635,11,0.9326,0.53
891,184,537.193,19,0.5794,0.0816
141,163,143.584,19,0.8629,0.5746
945,173,58.263,19,0.3996,0.2862
585,143,126.484,6,0.9901,0.4089
307,125,599.413,8,0.7501,0.0049
407,155,249.829,6,0.7323,0.1078
442,130,381.889,14,0.7067,0.1503
171,68,416.008,9,0.9318,0.1216
868,129,268.614,13,0.5162,0.1258
13,60,67.916,2,0.4497,0.0307
70,126,185.271,3,0.674,0.0
274,77,114.045,7,0.9893,0.5304
144,98,654.9,20,0.988,0.2217
62,37,532.993,8,0.3642,0.0012
384,192,592.686,6,0.3335,0.0
377,150,584.913,13,0.8658,0.1062
126,22,2.065,20,0.7501,0.7214
811,96,539.411,3,0.7376,0.0
883,91,347.339,8,0.7895,0.1009
720,178,557.85,18,0.3219,0.0
523,152,691.107,20,0.5873,0.0264
948,176,257.877,18,0.6356,0.2114
351,94,435.643,8,0.7612,0.077
428,32,219.662,11,0.7062,0.2112
16,145,643.594,18,0.8289,0.1306
708,44,183.27,9,0.6799,0.171
93,128,253.225,18,0.7427,0.3202
666,83,639.377,14,0.3035,0.0
783,70,73.062,4,0.7458,0.2821
218,24,355.944,5,0.6581,0.0
613,161,418.735,12,0.5893,0.0491
304,138,417.104,12,0.7878,0.1333
399,69,86.893,18,0.3015,0.2109
530,148,28.914,6,0.8384,0.6256
250,198,300.274,15,0.9207,0.3738
797,145,327.052,19,0.3791,0.046
395,190,678.747,15,0.5482,0.0
462,95,544.2,10,0.908,0.1375
815,76,431.218,19,0.3435,0.0
228,169,151.677,11,0.4591,0.1324
453,133,649.092,9,0.864,0.0252
994,122,139.743,16,0.55,0.2907
400,129,682.136,3,0.5373,0.095
116,199,681.101,16,0.5789,0.033
285,138,704.093,5,0.9769,0.0
956,164,204.132,5,0.3405,0.011
760,8,99.421,3,0.557,0.0477
810,145,452.906,13,0.5532,0.0649
254,64,304.729,3,0.9854,0.0396
839,25,280.025,18,0.5015,0.1379
394,56,400.764,2,0.9608,0.0148
795,167,496.569,9,0.5823,0.0465
881,164,239.464,9,0.6196,0.103
209,62,241.615,3,0.7738,0.0341
939,39,439.654,19,0.6361,0.1317
633,84,51.808,18,0.4518,0.3567
731,67,504.112,20,0.8876,0.2418
757,93,575.389,18,0.4975,0.0096
169,157,633.482,3,0.9,0.0381
746,67,542.883,4,0.9777,0.0073
213,35,365.102,19,0.6737,0.2023
272,22,629.209,5,0.4221,0.0323
117,138,353.766,13,0.4138,0.0429
182,40,566.808,5,0.8963,0.0015
979,44,46.269,15,0.4985,0.3744
329,161,510.652,17,0.6459,0.1081
388,19,61.011,3,0.8488,0.328
480,131,20.433,20,0.3389,0.3065
713,3,361.863,8,0.6033,0.0799
574,189,86.443,8,0.7695,0.4093
537,143,234.422,20,0.7023,0.3601
837,165,557.567,19,0.5847,0.0656
496,134,396.429,14,0.547,0.0493
770,81,528.166,1,0.3557,0.0
911,200,564.266,7,0.7237,0.0147
677,158,346.043,8,0.3407,0.0
36,18,709.669,19,0.6649,0.0447
264,116,145.908,3,0.3937,0.0
618,109,61.592,18,0.328,0.2387
479,58,229.65,20,0.641,0.312
285,92,549.126,5,0.5142,0.0202
336,196,69.745,4,0.6419,0.1811
79,18,336.32,20,0.4146,0.0833
235,186,411.581,19,0.9766,0.3933
783,141,581.83,9,0.3098,0.0051
11,23,609.121,16,0.395,0.0
837,62,172.413,20,0.7978,0.4863
340,168,197.711,18,0.9511,0.5978
808,141,492.612,7,0.332,0.0
257,16,619.111,11,0.3156,0.0
829,30,121.634,2,0.6909,0.0
572,186,520.439,11,0.6086,0.0176
852,32,171.505,1,0.4432,0.031
63,125,130.49,3,0.3926,0.0243
798,200,243.371,8,0.8972,0.2223
271,34,572.255,3,0.3868,0.0102
359,9,534.766,6,0.7867,0.0
45,164,344.925,14,0.8789,0.3215
955,190,514.358,20,0.3156,0.0641
642,104,292.506,6,0.8212,0.0427
981,47,151.961,13,0.7783,0.4087
569,12,607.049,10,0.6801,0.025
159,183,39.202,14,0.3556,0.2673
338,160,648.785,3,0.9355,0.0
440,180,568.097,15,0.9359,0.1775
148,158,521.116,12,0.539,0.031
932,87,409.985,12,0.5354,0.0107
958,97,583.305,2,0.6831,0.0
564,77,20.804,20,0.9129,0.8933
585,147,425.734,4,0.9526,0.0386
704,21,188.318,1,0.4745,0.0167
680,9,460.454,3,0.6894,0.0171
63,193,485.964,14,0.5551,0.0356
532,64,155.006,3,0.4527,0.0
778,7,111.883,19,0.302,0.1381
807,135,423.176,13,0.5054,0.014
597,80,677.245,7,0.5297,0.0
897,47,477.849,1,0.7582,0.0019
587,87,348.852,2,0.7507,0.0373
383,91,673.585,14,0.985,0.1782
443,123,589.71,10,0.7641,0.0789
691,187,527.749,14,0.4072,0.0
887,177,315.204,8,0.7127,0.1067
230,166,354.058,4,0.4159,0.0058
294,99,190.894,18,0.4078,0.1238
652,112,588.247,10,0.9491,0.0648
764,27,205.316,19,0.425,0.1136
400,116,506.849,4,0.634,0.0
644,135,630.034,13,0.9351,0.1281
7,178,397.783,6,0.7248,0.0
292,10,113.108,6,0.6217,0.1551
956,173,18.401,16,0.5345,0.4822
577,104,484.895,1,0.3881,0.0395
869,18,162.125,11,0.9012,0.4001
218,200,28.609,10,0.862,0.7649
291,94,247.492,20,0.9429,0.5539
975,83,419.337,1,0.8422,0.0133
998,39,397.328,19,0.643,0.1117
877,15,120.952,20,0.4357,0.2245
318,17,435.068,5,0.9168,0.0041
802,54,296.051,13,0.443,0.013
459,59,344.154,17,0.6278,0.211
844,93,629.649,20,0.7611,0.1523
852,123,57.002,7,0.894,0.6356
435,199,380.303,6,0.8906,0.0646
305,159,125.423,8,0.5552,0.1311
975,98,132.005,6,0.3852,0.0
451,183,439.728,12,0.6429,0.0873
432,112,482.356,19,0.9111,0.2564
666,85,436.679,11,0.5025,0.0281
937,44,664.954,17,0.6767,0.0343
131,85,572.259,19,0.4105,0.0
985,9,143.4,20,0.8202,0.567
423,31,458.004,19,0.7249,0.1512
26,189,446.835,8,0.8178,0.0
310,39,465.675,9,0.503,0.0086
463,114,309.223,6,0.7735,0.1097
677,21,682.313,17,0.4196,0.0249
567,121,334.154,13,0.5934,0.0672
136,196,568.44,19,0.8889,0.2021
489,92,346.801,18,0.6579,0.1892
233,26,567.053,15,0.9295,0.1716
270,5,285.164,20,0.8719,0.418
712,152,1.087,14,0.6692,0.6964
804,21,360.149,4,0.5381,0.0
157,64,394.784,12,0.8233,0.1583
603,169,83.684,15,0.8254,0.6651
423,108,479.1,14,0.6635,0.0724
337,175,614.762,9,0.3961,0.0535
713,175,625.271,3,0.524,0.0103
249,133,271.676,10,0.6352,0.0935
766,188,295.502,5,0.9608,0.0669
401,8,618.108,16,0.8416,0.1088
95,49,718.798,8,0.8441,0.0
793,56,38.35,20,0.443,0.2776
852,183,44.951,19,0.4085,0.2978
564,125,39.54,17,0.9804,0.8342
724,51,333.255,6,0.5012,0.0
148,42,564.984,7,0.7587,0.038
340,161,67.904,3,0.8273,0.2529
350,172,496.198,2,0.6659,0.0406
764,4,123.65,10,0.3521,0.0671
353,74,24.216,7,0.535,0.4305
729,108,429.024,7,0.9521,0.0613
307,48,427.782,15,0.6905,0.1124
601,146,204.331,20,0.9656,0.6574
210,152,232.349,1,0.4132,0.055
559,168,255.195,8,0.3476,0.0
81,158,669.082,5,0.7617,0.0
735,169,623.817,12,0.4948,0.005
30,74,380.042,4,0.7003,0.0106
1000,60,693.707,20,0.5565,0.0562
839,64,419.048,13,0.4744,0.0308
579,171,73.552,18,0.3618,0.2038
910,130,351.012,13,0.6865,0.1842
809,65,644.107,19,0.3378,0.0
143,145,477.282,7,0.8027,0.0187
745,47,685.944,16,0.4841,0.0408
378,54,382.471,8,0.3991,0.0
856,1,656.574,8,0.8812,0.0177
864,194,552.06,9,0.9312,0.0746
955,48,592.444,16,0.3887,0.0124
451,151,713.852,16,0.966,0.1526
194,24,217.963,12,0.6285,0.1819
126,8,452.387,6,0.3837,0.0072
166,135,185.018,8,0.5585,0.0809
992,20,614.879,11,0.6846,0.0
587,29,422.037,11,0.4839,0.0005
352,67,127.013,10,0.8466,0.4535
450,118,303.586,18,0.3822,0.0748
173,4,131.264,1,0.9191,0.0335
571,26,329.996,2,0.5922,0.0392
426,68,56.324,5,0.9839,0.573
799,141,695.02,18,0.6134,0.0188
22,20,429.766,4,0.3115,0.0
932,58,713.281,15,0.5731,0.0259
61,39,125.525,20,0.5759,0.3636
418,62,277.087,7,0.551,0.0452
341,52,670.527,18,0.8269,0.1354
718,129,498.369,9,0.7097,0.045
659,14,50.892,10,0.9337,0.7075
197,188,635.952,9,0.7377,0.0161
491,49,136.367,6,0.7092,0.1912
535,199,188.873,9,0.4904,0.0876
464,146,526.998,4,0.7631,0.0
22,72,511.842,1,0.7908,0.0406
179,61,475.798,7,0.3311,0.0004
504,190,4.39,4,0.3363,0.2649
261,200,179.93,9,0.4469,0.0407
546,123,248.653,9,0.7088,0.1259
164,10,288.54,12,0.7451,0.1654
736,182,53.696,2,0.5493,0.1152
189,96,486.435,15,0.4712,0.0639
650,6,641.754,3,0.4154,0.0
837,161,712.569,5,0.5111,0.0106
359,7,574.647,19,0.6174,0.072
140,75,146.271,18,0.7198,0.4439
6,15,368.37,12,0.9095,0.2061
361,88,659.371,5,0.7441,0.0147
116,161,48.416,19,0.6824,0.5796
882,26,164.783,20,0.5421,0.2779
974,28,190.977,13,0.6017,0.2072
981,192,439.09,6,0.7514,0.0396
923,36,685.119,8,0.7459,0.0
587,23,347.723,1,0.4479,0.0
326,118,406.224,17,0.8669,0.2581
447,56,460.881,20,0.8808,0.3143
259,192,613.178,12,0.9871,0.155
841,33,206.515,11,0.9258,0.3804
437,114,451.086,11,0.3711,0.0399
386,185,666.254,6,0.6045,0.0292
690,147,676.063,2,0.3402,0.0
374,6,275.811,7,0.8382,0.1237
357,38,80.936,5,0.9108,0.4065
228,26,665.6,16,0.6426,0.0346
68,183,663.135,1,0.4302,0.0
38,41,70.467,18,0.6216,0.4672
403,12,59.027,2,0.3918,0.0101
996,77,133.707,11,0.3633,0.0658
261,57,465.908,18,0.3857,0.0337
642,33,218.236,6,0.3711,0.0346
325,91,173.323,16,0.925,0.5807
303,181,575.834,2,0.3215,0.0
163,46,175.977,5,0.4978,0.0568
564,197,691.52,19,0.444,0.0191
659,133,315.956,5,0.6116,0.0
351,77,304.556,14,0.4785,0.0671
527,136,679.445,10,0.475,0.0329
477,70,86.934,4,0.9248,0.3467
271,43,83.201,7,0.7628,0.3842
692,47,312.456,12,0.5073,0.0565
554,2,422.895,12,0.525,0.0
66,130,366.053,17,0.5585,0.0912
493,15,687.56,5,0.5772,0.0152
390,40,715.081,10,0.4315,0.0
796,1,29.902,9,0.545,0.4132
307,14,119.564,4,0.9119,0.2317
956,182,398.837,19,0.8036,0.289
616,5,684.118,6,0.3269,0.0658
131,125,201.894,10,0.8668,0.2549
404,66,264.61,13,0.5845,0.135
884,28,166.748,18,0.8072,0.4915
255,60,696.562,4,0.5752,0.0312
705,19,111.2,11,0.8429,0.5075
784,63,406.703,2,0.7647,0.0
693,164,17.015,9,0.7706,0.6881
91,125,433.404,20,0.9172,0.3779
375,163,282.87,11,0.8779,0.2139
349,140,407.486,20,0.6447,0.1788
344,186,58.243,15,0.7632,0.627
879,22,66.025,6,0.5652,0.2917
6,32,66.868,20,0.762,0.6027
540,83,601.416,15,0.4866,0.0009
983,105,521.545,1,0.7007,0.0113
876,157,92.865,16,0.87,0.6489
607,25,227.895,11,0.6535,0.1333
998,23,314.513,20,0.7777,0.3575
403,160,71.468,14,0.5013,0.3285
612,110,604.861,3,0.8737,0.0
544,83,261.633,9,0.6308,0.0656
48,45,482.918,16,0.5778,0.0733
41,140,462.401,12,0.3212,0.0
897,161,658.34,1,0.3696,0.0097
174,7,534.322,2,0.3871,0.0742
355,11,25.272,6,0.64,0.456
624,156,112.072,6,0.3541,0.0818
576,177,320.592,12,0.7343,0.192
515,46,67.428,8,0.4095,0.1591
980,142,282.422,6,0.7358,0.0428
788,169,703.751,9,0.6589,0.0
942,23,148.334,4,0.4991,0.0311
659,38,507.554,14,0.625,0.0572
980,27,187.526,1,0.6225,0.0
602,159,25.079,19,0.3925,0.3235
542,155,71.304,16,0.6243,0.4454
816,27,75.252,2,0.7488,0.1131
869,35,215.641,14,0.7858,0.3227
69,133,691.616,9,0.9249,0.013
911,180,447.066,12,0.8059,0.1363
691,156,88.996,8,0.6737,0.328
898,34,51.049,6,0.5094,0.236
716,78,698.972,20,0.6266,0.0512
927,14,123.795,4,0.9828,0.3106
276,49,195.095,15,0.9614,0.5221
188,113,606.093,11,0.8162,0.079
196,69,399.746,20,0.3232,0.009
253,122,163.591,10,0.3452,0.0573
214,60,478.577,11,0.9825,0.1415
442,113,267.815,18,0.8673,0.4462
199,127,418.94,13,0.6417,0.0457
159,39,70.128,10,0.5802,0.3295
524,9,633.804,18,0.4281,0.0
794,68,428.945,17,0.6633,0.143
136,9,3.619,1,0.7555,0.6191
512,32,402.755,5,0.39,0.0
660,58,261.011,19,0.6314,0.2285
706,68,652.025,19,0.5492,0.0832
106,56,100.187,10,0.9217,0.5862
734,11,240.607,8,0.798,0.1145
27,36,550.588,20,0.9321,0.2873
237,177,162.556,1,0.55,0.0012
320,144,225.815,1,0.4137,0.0081
854,89,555.408,13,0.8814,0.1301
192,5,513.022,2,0.5966,0.0
783,72,259.292,4,0.7011,0.0251
989,185,336.805,2,0.8051,0.0224
960,162,397.917,19,0.7353,0.2165
303,152,639.386,2,0.8618,0.0303
96,50,476.454,19,0.4234,0.0
223,81,426.803,3,0.3611,0.0162
769,6,583.97,18,0.5361,0.0154
197,172,219.463,7,0.6688,0.039
646,23,319.939,9,0.8288,0.106
374,124,494.548,3,0.8535,0.0
767,57,291.089,6,0.6976,0.0738
606,115,345.198,3,0.8411,0.0
586,166,115.896,5,0.7009,0.1876
782,63,439.411,9,0.4707,0.0
955,4,461.149,10,0.8236,0.1211
365,133,616.526,13,0.7177,0.0319
529,107,61.953,19,0.6972,0.5803
626,28,647.747,1,0.8664,0.0
824,10,62.326,6,0.3268,0.1044
483,105,536.742,12,0.4623,0.0034
375,123,424.297,10,0.7801,0.0946
847,24,292.663,12,0.4532,0.0092
954,120,664.942,6,0.4348,0.0109
570,90,329.001,7,0.9657,0.1288
104,28,18.306,15,0.9523,0.861
290,124,375.063,4,0.6284,0.0
463,130,383.604,2,0.3721,0.0332
704,32,536.077,13,0.8497,0.1246
670,135,258.26,12,0.8486,0.3074
821,45,53.697,16,0.5512,0.4665
30,120,251.942,14,0.8298,0.3569
466,163,434.079,6,0.3623,0.0334
702,188,392.45,10,0.6186,0.0157
988,52,609.911,11,0.3341,0.0003
143,68,194.911,3,0.9172,0.1136
880,20,410.085,2,0.5445,0.016
8,194,702.436,20,0.4186,0.0
197,67,226.181,16,0.4018,0.098
847,161,314.274,17,0.3752,0.0331
787,188,715.844,14,0.3761,0.0
973,96,104.401,18,0.6317,0.4602
601,139,413.197,9,0.4206,0.0
616,95,266.966,4,0.8339,0.0367
535,116,33.699,13,0.6566,0.5383
512,50,547.883,2,0.9104,0.0071
514,169,143.559,20,0.877,0.6397
293,25,642.334,13,0.8164,0.0735
854,133,301.142,12,0.4198,0.0259
357,184,104.558,15,0.6231,0.3988
611,163,177.508,9,0.942,0.444
670,152,599.752,13,0.8349,0.1064
538,132,269.506,10,0.6811,0.1233
612,190,184.884,5,0.6837,0.0447
49,173,179.617,4,0.5417,0.0
316,55,420.105,3,0.8927,0.0
449,125,185.285,19,0.9302,0.5585
395,86,673.472,8,0.7786,0.0
909,53,36.02,12,0.9996,0.8925
898,164,112.638,4,0.8479,0.2374
712,9,309.134,8,0.876,0.127
353,26,150.355,10,0.6524,0.2516
51,22,560.718,19,0.629,0.1073
756,41,659.952,18,0.5565,0.0501
884,103,432.333,12,0.6423,0.0731
490,189,614.967,7,0.7187,0.0306
827,195,576.522,3,0.6788,0.0149
931,181,114.632,20,0.4424,0.2359
547,152,56.728,14,0.6078,0.4675
210,92,453.089,7,0.648,0.0567
23,156,707.426,20,0.6786,0.0715
757,54,599.058,14,0.3389,0.0196
563,133,443.928,17,0.8106,0.26
154,2,80.324,6,0.9778,0.5398
55,181,561.503,8,0.4319,0.0
970,195,491.896,9,0.907,0.073
321,148,672.427,17,0.4432,0.0
328,35,510.918,18,0.337,0.0116
629,52,74.989,10,0.8213,0.5307
365,148,438.816,13,0.9026,0.161
913,100,291.007,9,0.8909,0.1922
681,110,303.685,8,0.3617,0.0
358,81,455.91,12,0.3047,0.0418
267,168,647.812,19,0.921,0.1793
861,34,547.162,2,0.4805,0.0
592,89,16.547,6,0.4511,0.3618
919,45,106.266,6,0.8919,0.4568
346,139,261.814,12,0.505,0.078
22,58,493.134,12,0.6449,0.0699
900,60,456.803,19,0.9477,0.3188
240,35,362.903,3,0.7855,0.0
846,173,309.981,15,0.6049,0.1258
710,44,568.591,9,0.6517,0.0039
232,174,69.354,2,0.5302,0.0779
757,184,428.631,17,0.8999,0.3016
82,193,582.211,1,0.6874,0.0192
393,69,196.496,18,0.8735,0.508
357,131,146.02,6,0.9985,0.3471
657,166,485.054,4,0.6299,0.0
535,16,126.866,7,0.3151,0.0476
613,13,351.776,19,0.9229,0.4252
477,42,664.474,17,0.4687,0.0379
740,197,44.165,10,0.4796,0.2938
161,18,654.633,7,0.5364,0.0
719,153,137.467,4,0.9778,0.2777
51,168,347.549,11,0.7515,0.1486
86,182,95.639,16,0.8174,0.6302
724,106,511.251,3,0.3957,0.0
159,106,718.398,2,0.5634,0.0217
771,149,217.86,16,0.4693,0.1301
133,127,665.818,15,0.3127,0.0169
147,158,525.709,9,0.7591,0.0281
933,73,695.122,14,0.3074,0.0
178,187,483.857,11,0.9086,0.1213
914,87,491.203,13,0.7604,0.0406
349,50,679.524,4,0.6726,0.0
798,151,523.875,17,0.6122,0.104
940,125,610.242,16,0.6056,0.0594
117,10,205.25,17,0.5194,0.2111
331,34,122.01,4,0.7694,0.1143
575,8,461.02,9,0.7253,0.0253
866,116,182.251,6,0.52,0.0736
188,175,309.769,11,0.9657,0.2507
187,65,616.09,9,0.5669,0.0
369,23,454.562,9,0.8071,0.0219
205,171,679.62,19,0.6127,0.0688
268,145,255.716,13,0.3783,0.0261
130,110,202.408,20,0.9361,0.6277
829,40,154.267,11,0.8576,0.4377
797,135,702.997,15,0.424,0.0141
145,74,309.624,6,0.6036,0.0295
537,50,662.497,10,0.8968,0.0788
647,59,248.663,9,0.8147,0.2145
628,13,207.52,16,0.759,0.4009
984,99,555.116,12,0.8713,0.08
642,151,445.197,7,0.5223,0.0
688,166,377.995,17,0.8929,0.2785
33,145,317.239,16,0.9349,0.3994
80,176,336.099,3,0.3407,0.0
619,193,600.886,8,0.9398,0.0307
908,45,110.665,12,0.9754,0.6583
400,87,37.225,18,0.5705,0.5026
644,68,4.78,19,0.9229,0.8983
211,137,356.655,5,0.338,0.0084
457,168,589.054,9,0.7892,0.0
752,178,483.263,3,0.6277,0.0301
660,18,713.128,2,0.6409,0.0
115,103,439.37,7,0.9397,0.0309
880,24,366.792,17,0.7366,0.234
928,66,418.978,9,0.9265,0.129
478,96,635.223,5,0.4266,0.0153
341,124,11.033,5,0.8013,0.6817
532,159,336.147,14,0.4641,0.0
802,199,296.337,12,0.4129,0.0683
453,68,686.412,10,0.9081,0.0393
31,112,135.233,8,0.7139,0.2812
73,14,18.881,19,0.3999,0.3386
812,23,454.995,3,0.6791,0.0
788,194,450.201,16,0.7534,0.1186
773,188,230.264,20,0.9281,0.5462
127,188,388.85,17,0.4334,0.0696
171,53,429.808,11,0.4312,0.0
395,131,254.512,13,0.8041,0.3461
231,46,303.058,18,0.5812,0.1396
387,137,102.523,3,0.7997,0.1192
559,97,555.252,17,0.4395,0.0112
281,187,280.516,4,0.7464,0.0686
124,75,464.938,3,0.442,0.0
403,129,307.46,1,0.5931,0.0152
723,132,117.243,3,0.9345,0.1346
619,158,504.61,13,0.456,0.0
322,11,300.774,2,0.4532,0.0011
312,93,133.863,14,0.7911,0.4313
584,91,672.151,2,0.4681,0.0
173,46,643.243,5,0.6901,0.0
834,161,523.69,8,0.7049,0.0268
870,167,414.976,18,0.9048,0.3119
26,17,450.324,4,0.3372,0.0171
971,137,259.669,8,0.9515,0.2075
24,173,189.693,3,0.7723,0.0574
459,58,426.49,5,0.9008,0.0343
668,127,532.936,11,0.6135,0.0138
328,125,356.755,16,0.3994,0.0266
204,4,644.846,11,0.904,0.0481
48,164,279.958,13,0.5887,0.105
728,151,271.372,8,0.6826,0.0729
37,55,306.662,4,0.5772,0.0
485,63,507.171,14,0.3533,0.0104
393,154,20.255,17,0.4542,0.4283
968,161,255.066,13,0.9678,0.4208
931,15,535.03,3,0.7172,0.0
818,72,399.654,20,0.6569,0.1812
731,125,223.458,4,0.3272,0.0175
543,26,473.009,11,0.9136,0.1753
350,200,648.864,16,0.9888,0.1775
167,42,363.938,20,0.3446,0.0369
969,174,532.38,11,0.8154,0.0649
385,13,143.26,19,0.9716,0.709
429,176,340.82,9,0.9511,0.1613
142,9,210.085,2,0.7578,0.0261
277,137,714.812,4,0.6799,0.0062
635,73,157.879,19,0.3484,0.186
427,93,682.162,2,0.6803,0.0
586,22,294.575,19,0.9095,0.4672
212,136,359.062,9,0.4064,0.0
83,125,377.44,20,0.4072,0.0664
886,65,174.482,20,0.8684,0.586
433,95,172.415,2,0.9784,0.0708
362,111,271.056,13,0.3584,0.0222
287,138,536.672,1,0.4066,0.0
658,108,504.705,7,0.5797,0.004
564,12,718.277,19,0.9561,0.1408
390,109,64.087,20,0.3624,0.272
931,70,546.814,3,0.3265,0.0
902,83,140.755,20,0.947,0.7061
199,75,368.179,4,0.6008,0.0
643,71,141.797,7,0.7028,0.2088
969,48,674.024,11,0.5467,0.0208
489,67,365.426,5,0.743,0.024
31,143,338.311,2,0.6721,0.0
133,45,221.675,4,0.3125,0.0217
668,152,323.522,2,0.4245,0.0053
902,88,80.147,12,0.3379,0.1416
129,123,492.774,13,0.3739,0.0
547,24,411.095,7,0.4128,0.0157
497,42,72.136,17,0.9359,0.7481
286,181,74.16,16,0.4462,0.2607
632,167,211.286,7,0.9934,0.3074
878,14,340.901,8,0.932,0.1458
240,181,160.709,8,0.5979,0.1596
55,168,94.995,13,0.3523,0.1422
360,28,69.818,17,0.9749,0.8317
315,49,220.025,5,0.8237,0.0714
728,36,453.506,7,0.5256,0.0144
537,171,488.584,10,0.4898,0.0
18,171,204.023,6,0.9201,0.2232
340,145,317.498,14,0.8474,0.3015
736,51,452.677,2,0.4463,0.0
477,185,259.552,20,0.4471,0.1217
563,170,704.609,6,0.86,0.0175
265,175,498.918,7,0.907,0.0099
320,72,416.674,6,0.6682,0.0
131,141,358.742,16,0.4074,0.07
82,136,354.456,4,0.4717,0.0
37,31,210.398,13,0.7566,0.3168
625,117,56.075,14,0.4209,0.2499
158,110,603.379,16,0.3229,0.0154
574,117,651.943,11,0.5099,0.0423
953,68,701.66,13,0.7502,0.0442
698,134,291.159,10,0.6432,0.1289
576,178,681.439,3,0.9697,0.0
117,121,505.849,1,0.3941,0.0549
489,175,304.217,5,0.9495,0.0638
892,155,661.38,15,0.631,0.0104
385,63,697.356,15,0.9603,0.0867
827,148,384.664,12,0.4259,0.0356
709,135,561.455,15,0.4823,0.0481
267,189,559.263,17,0.553,0.0026
142,68,438.556,13,0.3872,0.0237
17,33,304.687,10,0.4341,0.0176
277,136,97.16,4,0.5871,0.1315
333,127,718.527,3,0.691,0.0
656,123,52.063,3,0.7016,0.2674
573,148,97.532,3,0.3048,0.0517
480,103,270.16,15,0.8601,0.3459
723,7,287.257,14,0.5119,0.0741
771,176,192.717,13,0.8157,0.4306
714,56,56.678,11,0.4899,0.3186
898,50,647.629,12,0.499,0.0012
360,163,369.79,6,0.7171,0.0035
824,160,698.302,1,0.3118,0.0298
421,102,632.197,17,0.3832,0.0014
185,138,355.943,13,0.9778,0.3001
146,17,279.826,19,0.6214,0.2188
92,57,184.007,16,0.8783,0.5101
956,49,714.999,8,0.8739,0.0211
170,85,435.839,10,0.3042,0.0318
836,72,605.397,8,0.6234,0.0
784,14,708.97,2,0.7357,0.0
440,138,161.629,5,0.8558,0.2218
914,120,665.923,6,0.9762,0.0113
909,76,572.127,18,0.3997,0.0304
926,178,327.619,4,0.7926,0.0027
497,73,683.156,1,0.6081,0.0
299,24,424.93,13,0.5759,0.0754
44,170,283.757,7,0.3007,0.0
841,27,115.552,3,0.9931,0.2144
873,15,524.221,8,0.7326,0.044
537,95,557.415,1,0.7406,0.0
71,116,149.373,9,0.9553,0.465
823,57,268.04,17,0.464,0.111
299,168,40.103,12,0.7929,0.6791
549,56,401.444,19,0.622,0.1813
660,193,432.247,20,0.6415,0.146
146,128,610.82,17,0.8492,0.1693
63,37,19.315,16,0.4882,0.4632
80,83,86.586,12,0.9555,0.7015
960,16,23.213,2,0.6417,0.3089
958,169,680.031,8,0.6615,0.0
427,130,369.522,19,0.5741,0.1196
426,86,177.497,2,0.3533,0.0182
407,136,14.244,16,0.6877,0.6593
351,124,69.946,8,0.7596,0.4775
544,120,518.654,19,0.3355,0.0427
357,80,346.064,4,0.5076,0.0
617,71,528.918,9,0.8808,0.048
379,52,191.305,17,0.6467,0.2536
630,158,316.756,9,0.7218,0.1066
945,95,449.369,17,0.5568,0.0522
206,94,153.262,8,0.34,0.0368
63,145,207.373,10,0.6923,0.1588
527,107,102.387,15,0.4784,0.2677
120,191,512.637,7,0.7969,0.023
232,49,419.459,17,0.5771,0.0935
790,9,320.442,14,0.6561,0.1475
418,85,408.699,18,0.693,0.1615
550,107,122.663,13,0.8056,0.5305
777,165,585.372,18,0.8684,0.158
129,128,544.059,12,0.3706,0.0455
479,188,131.451,10,0.3653,0.075
35,18,637.77,19,0.4125,0.0513
500,108,283.966,9,0.7606,0.1376
225,166,334.087,6,0.4758,0.0242
912,101,382.742,17,0.8415,0.2478
261,56,570.989,7,0.5688,0.0
201,154,118.505,1,0.5937,0.0337
15,175,191.181,2,0.6911,0.0403
134,52,674.252,15,0.7314,0.0376
217,111,675.247,5,0.3128,0.0448
229,161,582.555,8,0.5899,0.0
739,31,121.688,10,0.8716,0.4869
888,3,428.586,8,0.7272,0.0195
856,148,321.376,17,0.4924,0.0963
957,151,58.594,17,0.9507,0.8496
899,32,54.857,4,0.978,0.5029
456,120,616.994,2,0.6256,0.0059
390,145,65.614,11,0.543,0.3041
650,193,195.765,17,0.911,0.517
320,162,108.946,7,0.4974,0.1464
604,44,414.287,8,0.8095,0.057
1000,116,547.336,16,0.7804,0.13
199,147,191.299,9,0.7438,0.1928
770,55,563.182,13,0.4127,0.0351
936,33,126.389,18,0.4232,0.1923
538,88,257.172,2,0.5713,0.024
357,144,175.253,2,0.6796,0.0
255,106,327.398,4,0.5552,0.0242
168,121,706.336,11,0.8124,0.0753
322,134,530.626,16,0.4943,0.0263
747,192,148.545,3,0.7243,0.0902
516,127,695.849,14,0.4717,0.0226
222,27,490.724,2,0.6088,0.0069
543,81,327.279,3,0.5975,0.0
810,34,659.744,19,0.6568,0.0598
14,152,549.357,7,0.827,0.0253
21,200,525.155,9,0.5387,0.0
960,155,145.071,6,0.7513,0.2065
749,50,92.57,7,0.9279,0.521
576,140,623.313,10,0.5189,0.0
907,5,489.872,5,0.6599,0.0
590,55,588.506,1,0.5115,0.0338
521,61,551.46,15,0.8811,0.1423
212,94,650.286,11,0.5032,0.0
811,65,270.687,11,0.9896,0.33
765,87,252.466,4,0.3465,0.0198
296,2,170.923,15,0.9261,0.5418
738,164,76.356,15,0.8614,0.6395
728,80,347.944,10,0.408,0.0028
96,162,358.97,11,0.7668,0.1445
161,12,82.854,8,0.326,0.0678
595,174,434.736,16,0.3383,0.0241
624,126,261.942,19,0.6972,0.3141
659,47,328.766,13,0.7108,0.1662
374,151,367.463,3,0.5171,0.0
836,150,223.933,19,0.91,0.5015
446,146,493.397,11,0.7236,0.083
207,175,367.338,20,0.7504,0.2874
116,191,318.11,15,0.7251,0.2228
878,34,295.203,13,0.5829,0.124
708,57,17.562,7,0.3483,0.2761
462,8,555.4,13,0.695,0.0394
210,14,695.889,5,0.8774,0.0255
97,22,94.735,8,0.9343,0.5435
153,139,208.754,13,0.3953,0.0675
106,122,609.858,19,0.8134,0.197
530,7,510.4,11,0.447,0.0222
198,85,225.269,17,0.4451,0.1119
128,23,467.839,9,0.3454,0.0136
283,40,660.454,5,0.9808,0.0
700,12,158.555,2,0.8237,0.0151
497,106,489.499,6,0.5371,0.0082
154,17,584.717,3,0.8987,0.0
749,158,69.072,15,0.4016,0.2378
490,187,672.879,3,0.5386,0.0
187,172,690.738,8,0.3346,0.0039
692,165,527.942,18,0.6057,0.0459
993,151,371.478,17,0.4779,0.0323
541,183,435.048,17,0.9928,0.343
162,178,467.05,19,0.4327,0.0699
310,44,111.398,11,0.4198,0.1608
600,121,212.669,3,0.3333,0.0641
1000,62,73.082,5,0.6531,0.2529
929,168,267.047,11,0.3554,0.0183
934,3,536.603,4,0.8341,0.0
833,84,637.626,18,0.5926,0.084
575,76,267.634,9,0.9956,0.2688
648,171,443.79,12,0.3491,0.0067
734,59,428.485,3,0.6103,0.0
716,180,340.493,3,0.9795,0.0413
639,100,499.983,16,0.6012,0.0886
135,138,109.008,16,0.543,0.3168
880,107,54.353,13,0.3954,0.2503
10,87,250.911,5,0.7238,0.0481
426,61,697.921,10,0.5193,0.0533
435,57,686.269,10,0.7003,0.0004
997,129,455.997,6,0.9449,0.0419
90,66,416.88,20,0.7026,0.1724
476,173,456.098,9,0.3438,0.0254
358,27,309.436,18,0.6456,0.2433
98,44,207.995,11,0.7949,0.2736
224,10,4.496,13,0.719,0.6969
423,173,14.319,20,0.3949,0.3988
917,83,699.973,4,0.5984,0.0056
389,8,536.225,12,0.6718,0.0053
881,9,497.065,8,0.5701,0.0336
734,184,608.072,4,0.9466,0.0
819,177,437.188,5,0.9895,0.0
854,56,480.866,4,0.8326,0.0195
714,130,568.986,14,0.945,0.2151
734,51,90.555,13,0.9564,0.709
155,169,135.503,16,0.5441,0.2799
718,144,400.517,17,0.5388,0.0466
49,89,70.208,13,0.3289,0.1327
738,186,474.955,7,0.4513,0.0
654,45,599.269,13,0.4081,0.0
757,200,603.147,13,0.4174,0.0
643,59,233.124,7,0.4109,0.0
369,178,146.334,18,0.5359,0.2781
370,171,690.299,10,0.7547,0.0151
597,113,656.963,10,0.9046,0.0164
473,25,226.07,20,0.4275,0.1389
341,151,643.847,10,0.7547,0.0371
490,140,634.386,19,0.6608,0.1057
537,174,243.714,8,0.753,0.1509
240,46,261.815,15,0.3047,0.0619
639,48,670.999,20,0.8896,0.1475
315,71,534.278,18,0.5737,0.0
268,74,444.811,4,0.8488,0.017
419,1,686.109,15,0.5391,0.0546
104,31,622.792,5,0.9735,0.0
604,96,54.285,13,0.7711,0.6091
734,194,359.382,15,0.9498,0.3205
956,26,644.966,16,0.5899,0.0766
284,49,80.482,18,0.5078,0.3643
539,172,52.467,5,0.6175,0.2998
504,8,618.591,3,0.4006,0.0279
732,20,559.827,20,0.455,0.0394
625,178,120.804,14,0.5645,0.2789
808,51,130.799,9,0.5373,0.2026
851,62,599.561,9,0.3296,0.0
114,3,150.99,1,0.4501,0.0
356,82,104.095,20,0.732,0.5359
654,199,653.488,4,0.928,0.0612
544,198,579.735,15,0.4395,0.0
483,129,291.024,14,0.4483,0.0384
174,136,450.936,20,0.8217,0.2831
573,129,310.171,14,0.7466,0.1966
741,139,197.976,19,0.9203,0.5822
39,104,710.504,11,0.4019,0.0
592,42,393.088,11,0.9316,0.17
907,174,459.227,11,0.4948,0.0176
574,176,294.249,19,0.493,0.148
953,29,360.783,13,0.5945,0.0629
353,19,207.513,19,0.9736,0.5797
4,159,309.367,15,0.3721,0.0294
683,10,452.21,12,0.7347,0.0722
213,162,584.823,5,0.895,0.0179
10,197,577.778,14,0.9619,0.1638
181,8,8.716,5,0.8389,0.7785
935,160,385.358,15,0.3446,0.0141
782,27,269.101,1,0.8751,0.0
276,59,437.268,9,0.8441,0.114
599,110,634.864,13,0.9623,0.1229
340,137,558.14,8,0.4261,0.0
178,19,238.462,8,0.6517,0.1074
989,22,532.327,2,0.577,0.0
814,57,73.442,19,0.7853,0.6495
364,137,92.709,1,0.4126,0.0333
354,81,162.788,7,0.3298,0.0215
816,56,288.117,18,0.5212,0.1988
461,32,367.934,12,0.8055,0.1302
377,194,286.751,10,0.7471,0.1723
388,141,452.2,7,0.5086,0.0
447,198,89.845,2,0.716,0.0255
522,100,375.705,8,0.6718,0.0749
41,164,196.496,11,0.5187,0.1177
481,128,262.865,8,0.3139,0.0042
440,106,366.642,10,0.6532,0.0621
275,95,95.946,13,0.3066,0.1766
356,101,279.834,9,0.7954,0.1735
425,83,547.849,8,0.4499,0.0302
367,128,200.211,18,0.5216,0.1932
909,99,550.607,3,0.3788,0.0
529,195,166.638,11,0.6912,0.2595
503,180,543.127,4,0.3805,0.0
263,93,140.371,3,0.6073,0.0
917,80,684.899,11,0.7661,0.0183
24,152,111.134,1,0.9788,0.0403
551,129,719.888,9,0.6587,0.0058
169,47,165.258,6,0.4594,0.0
769,167,511.491,18,0.7799,0.2068
379,137,220.026,5,0.5146,0.0
294,125,59.633,1,0.4947,0.0335
58,157,18.41,2,0.7441,0.4421
791,46,106.473,6,0.3409,0.1048
397,160,294.11,1,0.5722,0.0421
265,25,417.963,14,0.5573,0.0762
845,159,344.794,1,0.407,0.0
20,119,454.115,14,0.7243,0.1491
469,117,69.446,5,0.8408,0.426
161,146,487.189,2,0.515,0.0142
127,63,565.44,8,0.5615,0.0078
22,154,166.455,5,0.5656,0.0317
188,6,570.283,11,0.7079,0.0422
948,139,180.379,5,0.8369,0.1191
446,159,320.012,19,0.4013,0.0888
1000,1,580.279,20,0.3107,0.0063
268,139,494.955,7,0.8197,0.0089
763,155,362.935,19,0.5402,0.1068
90,105,266.475,20,0.6665,0.3327
109,121,406.056,20,0.7643,0.2254
17,12,374.476,7,0.995,0.1138
899,198,699.452,3,0.8354,0.0
672,194,594.916,13,0.5284,0.0254
744,153,84.272,14,0.429,0.2308
928,4,297.209,10,0.6768,0.1108
333,87,423.068,11,0.65,0.0447
723,164,508.008,8,0.3865,0.0
503,136,128.112,16,0.6205,0.3713
543,181,598.234,17,0.9748,0.2235
662,124,453.781,5,0.6781,0.0
470,143,49.021,18,0.9935,0.8878
25,68,43.021,1,0.438,0.0144
76,163,494.205,14,0.7017,0.0959
502,107,544.118,3,0.3693,0.0016
570,161,223.843,4,0.8206,0.0301
733,41,117.027,11,0.5047,0.2295
573,54,158.672,6,0.9709,0.3204
189,18,282.706,20,0.3176,0.0011
367,136,455.134,15,0.6951,0.1015
444,147,135.565,1,0.7927,0.0169
984,57,569.853,7,0.6016,0.0448
533,77,179.564,12,0.9757,0.5202
635,114,582.982,4,0.5098,0.0
736,152,665.343,4,0.3165,0.0
363,61,118.613,1,0.7791,0.0034
965,98,660.807,2,0.6602,0.0
675,38,508.013,20,0.7259,0.178
849,162,638.833,13,0.6869,0.007
750,175,250.032,6,0.804,0.0984
622,148,621.904,8,0.6314,0.0015
31,164,343.544,11,0.3478,0.0
584,153,136.964,15,0.3404,0.151
130,168,717.541,6,0.3211,0.0215
604,86,682.641,8,0.975,0.0222
702,42,90.306,10,0.9695,0.624
546,193,328.733,3,0.5719,0.0124
309,1,710.068,5,0.7701,0.0
60,82,395.11,15,0.3371,0.0296
672,146,358.155,17,0.7949,0.2736
699,159,141.061,14,0.6193,0.2887
478,138,302.346,19,0.649,0.2329
717,98,358.951,19,0.371,0.0689
780,185,514.259,14,0.5736,0.0004
513,48,324.299,14,0.4278,0.0533
48,29,457.374,7,0.3045,0.0418
871,126,73.541,1,0.5891,0.0
467,65,550.043,6,0.3729,0.0
673,94,2.857,17,0.4298,0.4903
911,92,462.531,15,0.5154,0.0
363,53,595.033,12,0.6173,0.0198
622,200,552.208,12,0.4686,0.0376
20,77,106.495,1,0.9669,0.0435
886,135,607.936,4,0.9435,0.0086
60,32,57.481,17,0.4739,0.3895
542,199,48.244,19,0.6141,0.5111
352,198,592.365,16,0.7252,0.0746
36,14,131.823,5,0.4305,0.0369
463,129,322.159,20,0.7398,0.3088
936,119,674.408,10,0.5944,0.0166
167,35,150.849,10,0.3217,0.0217
293,154,562.13,9,0.4798,0.0043
190,153,421.004,16,0.4283,0.0067
125,169,292.398,15,0.876,0.3425
231,121,330.917,15,0.6483,0.1718
572,142,295.718,1,0.426,0.0134
781,145,595.745,10,0.6983,0.0688
691,154,586.163,3,0.6054,0.0
772,117,269.176,4,0.5993,0.0319
716,149,502.17,15,0.441,0.0691
383,13,383.178,9,0.7474,0.1274
901,124,538.843,19,0.8742,0.2525
173,41,36.508,4,0.6395,0.318
700,82,242.277,20,0.4041,0.0912
111,154,242.113,7,0.4831,0.0028
766,23,429.906,13,0.5198,0.0401
88,151,149.894,18,0.9182,0.6772
217,52,383.054,3,0.7367,0.0
392,151,705.509,6,0.9486,0.0
695,154,31.803,7,0.5254,0.3972
46,4,362.728,17,0.911,0.3314
258,47,99.998,19,0.8542,0.6863
334,162,419.538,1,0.9642,0.0
732,69,173.801,16,0.4692,0.2017
962,88,649.855,10,0.963,0.0646
615,4,229.295,15,0.7616,0.3227
508,139,690.006,15,0.8142,0.0417
337,19,3.475,14,0.4301,0.4212
823,55,599.207,18,0.4512,0.0
108,96,188.781,5,0.996,0.2146
130,154,145.567,1,0.8488,0.0242
202,100,636.643,11,0.9223,0.0818
269,197,219.497,16,0.4835,0.1472
462,105,420.601,5,0.6465,0.0015
947,51,530.613,18,0.6707,0.1256
651,39,302.116,3,0.4865,0.0
384,157,73.413,4,0.4012,0.0644
212,92,664.122,18,0.4302,0.0
649,121,466.377,2,0.5232,0.0
254,75,642.58,20,0.5954,0.0692
977,55,552.879,5,0.3131,0.0
478,120,557.38,4,0.634,0.0051
551,59,424.92,5,0.6702,0.0196
904,200,4.957,17,0.6326,0.6031
306,147,635.573,4,0.7147,0.0086
472,164,598.35,13,0.3627,0.0
532,57,523.583,12,0.917,0.1376
272,6,632.336,14,0.4636,0.0
55,10,133.038,6,0.6063,0.1079
284,172,203.297,16,0.8995,0.4903
113,175,113.549,15,0.801,0.5105
676,136,465.742,13,0.8055,0.1454
8,118,315.923,11,0.8604,0.2173
317,42,74.352,10,0.9769,0.7374
885,152,414.671,10,0.3288,0.0
569,104,244.4,18,0.9982,0.5886
672,121,353.42,18,0.9544,0.3641
669,5,188.564,5,0.3993,0.0064
299,104,116.447,12,0.5064,0.2877
633,139,324.861,15,0.7613,0.1928
222,154,163.214,6,0.9163,0.266
636,30,291.907,4,0.6795,0.0
684,7,275.547,2,0.6591,0.0
877,172,677.136,4,0.3838,0.0
920,63,134.935,11,0.8067,0.3616
24,95,206.595,10,0.6495,0.1854
300,126,570.246,15,0.373,0.0058
548,99,213.373,17,0.9386,0.5141
322,189,346.049,14,0.4662,0.0824
619,169,548.721,9,0.6729,0.0288
855,79,3.657,17,0.8838,0.875
259,39,688.744,18,0.7724,0.1114
894,196,333.508,16,0.4642,0.085
883,142,546.924,13,0.9997,0.1721
915,152,663.021,11,0.365,0.0115
74,93,631.361,6,0.8638,0.0114
294,97,159.063,6,0.6249,0.0972
125,37,399.957,19,0.3505,0.0109
121,86,295.966,17,0.4698,0.0831
54,109,383.535,18,0.3583,0.0073
440,26,561.444,9,0.4449,0.0
88,128,255.548,16,0.9193,0.4585
296,124,343.852,3,0.5047,0.0226
982,169,437.941,19,0.7276,0.1996
884,11,195.17,18,0.4397,0.1848
938,46,436.952,13,0.4715,0.0
37,86,107.642,5,0.5469,0.1325
661,176,447.775,16,0.9635,0.3117
634,48,103.555,4,0.448,0.0051
133,195,558.587,2,0.76,0.0
907,192,140.098,4,0.5606,0.0247
405,19,465.382,10,0.3998,0.0151
977,73,418.672,5,0.6882,0.0
114,52,306.526,14,0.561,0.1168
651,98,464.908,6,0.9109,0.0403
131,185,609.568,16,0.948,0.2235
950,76,86.962,12,0.6991,0.4908
608,133,487.191,13,0.5054,0.0125
76,28,295.584,5,0.6723,0.0017
215,115,485.389,13,0.9195,0.1975
360,71,630.09,18,0.7723,0.1484
13,184,470.217,12,0.3607,0.0173
9,156,115.496,9,0.3451,0.0428
926,44,299.909,12,0.4082,0.0309
982,125,395.828,10,0.6963,0.0511
537,69,91.788,1,0.4175,0.0
903,88,463.578,14,0.4779,0.0337
656,93,513.678,10,0.6697,0.0049
29,165,549.13,2,0.6963,0.057
715,59,86.77,18,0.8773,0.6716
19,1,507.851,7,0.6058,0.0
817,39,263.969,16,0.8445,0.3789
367,166,152.479,14,0.3557,0.1374
142,60,377.767,12,0.6795,0.1026
259,12,412.571,8,0.6007,0.0035
684,81,329.142,18,0.9473,0.397
847,175,605.488,2,0.8042,0.0
571,175,112.596,4,0.7841,0.1608
161,190,293.447,10,0.9334,0.2262
901,137,192.618,1,0.4734,0.0045
791,164,35.612,5,0.8305,0.5771
410,155,244.457,3,0.9063,0.0232
555,4,517.155,18,0.9949,0.2763
964,84,376.978,1,0.6004,0.0
378,106,301.788,3,0.7661,0.0272
26,93,342.05,18,0.4319,0.0243
146,166,225.345,2,0.6913,0.0
601,197,88.397,6,0.6119,0.2164
998,110,425.314,12,0.3965,0.0
740,20,587.175,2,0.9424,0.0376
618,72,568.224,5,0.9313,0.0
324,40,168.389,19,0.971,0.5907
440,95,312.97,18,0.4261,0.1069
39,47,397.752,13,0.3132,0.0
372,17,577.864,4,0.8199,0.0
624,35,141.887,20,0.4895,0.2754
906,100,95.641,10,0.7401,0.4634
923,29,670.803,8,0.6736,0.0
822,6,105.345,16,0.7048,0.4618
22,57,712.164,14,0.6472,0.0
812,129,431.461,2,0.3072,0.0006
219,127,359.529,13,0.4871,0.0833
617,79,136.442,20,0.9455,0.6839
947,133,619.634,14,0.5959,0.0043
888,39,124.373,16,0.5218,0.277
665,145,289.212,14,0.3167,0.0348
300,4,35.061,7,0.5598,0.406
521,28,16.723,5,0.4556,0.3308
704,185,525.43,10,0.6646,0.064
515,94,149.971,6,0.7847,0.2234
405,112,432.769,4,0.3429,0.0002
403,80,520.99,13,0.7983,0.0978
600,130,354.34,8,0.3158,0.0
36,150,472.802,14,0.7786,0.1125
999,156,174.006,7,0.4082,0.0062
103,50,588.952,5,0.5437,0.0
985,126,148.885,7,0.386,0.0168
36,157,425.447,1,0.6881,0.0
513,83,601.904,16,0.8542,0.1579
418,77,571.208,14,0.6923,0.0163
574,126,37.389,17,0.9322,0.9051
434,115,264.688,14,0.3224,0.0005
898,51,613.93,8,0.5501,0.0
17,192,612.751,18,0.5658,0.0107
986,113,458.397,3,0.5234,0.0
690,113,78.588,13,0.5947,0.4094
779,42,291.37,1,0.7001,0.0
140,136,692.049,15,0.4358,0.0
66,184,77.155,20,0.4404,0.33
398,146,577.11,13,0.3992,0.0517
323,102,301.122,3,0.5082,0.0
783,128,536.341,2,0.7516,0.0
897,47,39.577,14,0.6602,0.5434
428,13,7.921,10,0.501,0.4623
769,128,216.802,2,0.9719,0.0083
60,37,626.594,13,0.7435,0.0652
743,19,489.616,16,0.4887,0.0563
100,155,440.707,13,0.3322,0.0
668,87,718.33,8,0.4647,0.0026
383,171,250.379,20,0.6416,0.2884
416,174,612.257,7,0.4443,0.0443
277,25,79.404,20,0.5264,0.4067
404,154,123.338,1,0.9918,0.0
875,67,344.491,2,0.955,0.0
809,141,690.845,20,0.6568,0.0615
341,9,506.598,3,0.8865,0.0016
294,95,81.465,10,0.4962,0.2436
510,126,687.556,14,0.8221,0.0453
685,90,551.434,3,0.9269,0.0
183,111,530.489,4,0.8832,0.0246
727,3,397.296,3,0.743,0.0
949,2,283.647,15,0.8795,0.3899
845,121,79.571,14,0.3049,0.141
549,84,446.441,15,0.5699,0.0438
320,116,92.373,5,0.8381,0.3352
324,72,424.966,18,0.5847,0.1326
742,2,388.777,10,0.4308,0.0164
455,141,429.699,6,0.8419,0.0095
107,28,595.371,4,0.7273,0.0
678,157,296.342,9,0.6669,0.0794
139,3,314.632,8,0.5372,0.0367
987,186,43.655,17,0.3682,0.2351
418,51,207.529,16,0.9046,0.4842
342,179,58.795,13,0.4404,0.2852
56,1,102.495,1,0.7441,0.0017
168,91,307.58,10,0.5056,0.0301
948,84,293.476,5,0.461,0.0047
538,33,673.849,12,0.6128,0.0
902,96,86.351,19,0.8126,0.5988
956,44,107.923,18,0.4614,0.304
49,88,540.748,14,0.3649,0.0031
381,75,16.616,5,0.6395,0.5106
839,40,468.856,18,0.6837,0.0953
496,158,538.37,13,0.7597,0.0262
509,105,453.056,1,0.6156,0.0092
571,168,207.576,1,0.5711,0.0323
702,163,75.031,18,0.4069,0.2416
939,53,715.808,3,0.5102,0.0067
887,59,618.805,16,0.4739,0.0428
626,191,526.193,1,0.3927,0.0
577,63,135.076,3,0.9684,0.1704
361,19,310.54,1,0.4284,0.0
117,109,511.215,9,0.7005,0.0301
710,194,73.481,17,0.582,0.4709
3,47,689.297,8,0.6836,0.0214
699,128,687.79,7,0.7094,0.0
497,68,108.781,18,0.6641,0.4388
787,77,142.282,12,0.5309,0.2364
950,91,262.453,14,0.5385,0.141
553,29,324.767,15,0.4193,0.0654
573,78,317.609,15,0.5892,0.1354
488,55,495.663,4,0.5534,0.0212
373,164,338.818,19,0.9947,0.4482
89,46,133.071,13,0.3654,0.0955
31,170,188.306,7,0.7044,0.1206
724,4,296.355,13,0.9927,0.3965
915,81,374.135,2,0.9494,0.0
54,54,664.61,17,0.7855,0.0789
328,90,69.725,9,0.5779,0.3339
609,155,579.221,2,0.809,0.0
705,192,224.161,19,0.9555,0.5834
736,146,523.597,9,0.6796,0.005
695,101,186.316,14,0.5402,0.2284
84,103,277.611,16,0.3092,0.0637
254,199,319.423,1,0.6543,0.0416
470,199,540.682,8,0.3651,0.0
64,153,120.12,20,0.523,0.3173
344,33,249.844,12,0.7358,0.2527
386,53,380.793,11,0.4944,0.0691
979,55,473.638,20,0.4567,0.0141
318,46,55.232,8,0.7121,0.4921
972,194,68.656,10,0.3512,0.1604
701,32,517.447,10,0.9499,0.1059
693,171,263.944,18,0.9883,0.5065
820,162,119.66,11,0.9924,0.6185
843,106,189.873,13,0.3047,0.0662
223,62,430.915,19,0.3016,0.0373
421,54,686.397,4,0.3722,0.0062
529,136,527.11,8,0.9421,0.0825
977,135,573.982,13,0.9086,0.143
41,109,438.279,14,0.3124,0.0457
477,114,267.565,4,0.3501,0.0154
215,166,692.809,3,0.5124,0.0718
207,151,58.976,9,0.4955,0.2782
762,151,582.303,9,0.3011,0.0512
202,57,186.326,7,0.357,0.0
794,13,437.854,19,0.7747,0.2219
994,92,707.327,5,0.7138,0.0183
777,68,606.529,16,0.5477,0.0
170,67,612.176,19,0.4715,0.0137
143,105,592.697,19,0.6322,0.1369
438,186,327.005,18,0.747,0.3086
552,161,283.301,3,0.5133,0.0
779,136,373.596,15,0.3931,0.0
423,143,205.639,10,0.9421,0.3417
168,83,344.525,20,0.381,0.0368
992,110,91.73,11,0.887,0.5991
905,87,642.678,4,0.6939,0.0218
655,162,529.815,2,0.6286,0.027
696,199,45.131,14,0.479,0.4082
936,87,475.333,11,0.79,0.1156
475,145,546.383,7,0.6436,0.0
146,12,620.43,8,0.372,0.0
606,81,237.305,16,0.8748,0.3972
451,175,454.314,1,0.7795,0.0596
800,138,199.144,4,0.8389,0.0616
772,106,611.27,3,0.4596,0.0
472,43,630.178,11,0.5251,0.0253
368,162,55.58,10,0.5299,0.3364
423,195,205.609,16,0.4126,0.141
633,79,74.472,3,0.9175,0.2825
638,162,287.408,10,0.5562,0.0891
512,118,4.205,8,0.5153,0.4311
532,80,563.741,16,0.6326,0.1264
992,67,310.93,20,0.9693,0.516
254,101,384.923,4,0.5559,0.0096
174,82,534.814,9,0.951,0.0585
800,124,513.017,11,0.9528,0.1236
936,30,226.899,12,0.5244,0.1158
609,96,563.701,5,0.7156,0.0
402,149,461.525,9,0.7497,0.051
349,170,157.474,15,0.5001,0.2058
468,57,21.547,3,0.9948,0.7352
53,121,544.559,15,0.7177,0.0774
529,61,119.683,17,0.8003,0.5516
270,158,81.526,20,0.7835,0.6373
266,71,302.985,15,0.4564,0.0763
561,135,663.676,6,0.7156,0.0
964,87,517.213,9,0.9048,0.0579
206,54,574.705,17,0.8336,0.1685
912,116,194.688,4,0.6204,0.0079
520,125,601.32,15,0.6801,0.0153
973,137,299.366,15,0.749,0.2448
383,159,705.177,2,0.56,0.0229
997,136,410.438,7,0.533,0.0184
660,171,436.685,7,0.6148,0.0296
670,85,658.938,10,0.999,0.0542
564,102,682.875,15,0.7899,0.0829
452,97,13.197,6,0.3933,0.3638
526,116,167.753,2,0.3873,0.0
851,29,442.449,9,0.3956,0.0149
793,171,3.101,19,0.9171,0.9015
24,105,228.963,19,0.4016,0.1479
695,111,141.748,9,0.6157,0.2122
835,176,377.142,6,0.7504,0.0162
745,93,430.267,8,0.8676,0.0308
498,93,136.496,8,0.5259,0.1129
336,114,386.43,6,0.4619,0.0
674,188,285.944,11,0.3724,0.0438
664,51,713.497,11,0.3561,0.039
375,32,47.341,6,0.4061,0.1776
407,22,605.373,15,0.7796,0.082
369,148,719.627,20,0.3486,0.0139
45,3,390.175,15,0.7545,0.1849
32,142,490.172,3,0.9011,0.0
84,177,92.558,9,0.6626,0.3465
424,137,252.917,3,0.9588,0.0321
511,35,131.082,7,0.6253,0.2093
409,133,420.199,13,0.6291,0.0566
956,89,678.333,19,0.411,0.0
225,5,21.793,13,0.7438,0.682
393,40,356.254,5,0.8325,0.0009
248,149,521.099,6,0.441,0.0359
300,113,310.331,11,0.7293,0.1548
585,100,388.217,2,0.5907,0.0
310,156,326.415,5,0.9875,0.062
318,105,430.394,3,0.3522,0.0104
671,194,49.842,20,0.5744,0.4951
831,11,393.919,5,0.589,0.0647
213,58,368.726,10,0.6274,0.028
112,38,131.345,8,0.5117,0.159
240,83,385.253,15,0.498,0.1146
578,183,333.736,12,0.5468,0.0756
960,82,427.291,6,0.4129,0.0024
161,64,406.172,13,0.391,0.0052
43,17,291.601,17,0.9247,0.4252
529,79,562.526,14,0.6536,0.0499
991,46,257.69,6,0.8471,0.1323
553,38,341.93,1,0.5398,0.032
925,27,307.302,15,0.9505,0.3749
643,127,350.085,11,0.8684,0.2215
32,142,576.232,2,0.9732,0.0051
428,149,511.101,1,0.8392,0.0064
771,11,30.89,3,0.8015,0.4933
510,185,356.349,14,0.715,0.1575
195,102,90.26,6,0.8573,0.4166
181,113,525.262,7,0.5205,0.0105
664,176,710.427,20,0.3476,0.0422
464,56,445.728,13,0.5515,0.0
575,101,273.81,2,0.8413,0.0062
374,15,52.53,10,0.3743,0.1843
340,99,239.784,7,0.9242,0.2288
667,54,378.447,17,0.6758,0.1433
8,37,634.278,12,0.8597,0.0948
435,124,369.599,2,0.6561,0.0
371,27,708.798,7,0.8891,0.0588
780,195,266.115,11,0.9964,0.3388
729,47,0.854,7,0.8659,0.8659
426,16,452.796,7,0.914,0.0603
263,90,158.171,20,0.876,0.5974
236,78,175.903,1,0.6151,0.0
212,132,13.036,7,0.5478,0.4849
274,134,382.894,11,0.6956,0.0425
761,119,178.582,16,0.4437,0.1638
46,115,715.892,16,0.6087,0.0333
27,156,601.755,5,0.3927,0.0
540,131,519.396,13,0.5101,0.0
224,28,255.125,15,0.7932,0.2713
831,93,52.014,1,0.3523,0.0
753,138,481.804,12,0.9446,0.1546
770,54,16.546,13,0.3346,0.2972
458,173,318.232,4,0.4775,0.0041
438,97,38.468,15,0.9707,0.8357
426,65,403.21,9,0.9098,0.1543
197,77,403.09,2,0.3677,0.0294
568,124,382.278,9,0.9105,0.1269
864,142,514.645,8,0.8931,0.0669
257,52,164.658,15,0.6366,0.2892
57,35,174.74,6,0.9084,0.2311
565,19,299.929,16,0.6394,0.1378
400,100,506.143,15,0.4025,0.0
798,186,84.503,13,0.4575,0.2443
857,192,637.896,8,0.5327,0.0204
951,112,181.967,3,0.5383,0.0257
394,107,92.515,5,0.8178,0.2895
902,101,431.462,7,0.4504,0.0
118,48,198.781,11,0.8233,0.3208
373,84,294.605,19,0.6867,0.3012
266,188,44.472,16,0.7168,0.6333
924,124,335.042,18,0.7976,0.3098
601,49,219.009,8,0.8522,0.2343
366,18,122.687,2,0.5691,0.0092
153,151,278.454,18,0.778,0.3497
783,181,554.563,19,0.3314,0.0
655,22,549.946,14,0.8394,0.1047
853,76,259.87,10,0.8338,0.2062
439,171,701.463,3,0.9801,0.0292
150,51,91.075,16,0.426,0.2871
335,37,615.493,20,0.3922,0.0147
621,79,704.856,10,0.9453,0.0822
241,79,412.745,15,0.5335,0.0807
71,97,43.766,2,0.7245,0.2033
824,194,663.188,5,0.968,0.0
531,195,314.893,13,0.773,0.2661
397,116,124.174,7,0.4855,0.13
553,16,641.879,3,0.3877,0.0
739,53,307.64,10,0.5403,0.0522
2,37,359.809,15,0.7667,0.2453
441,1,411.349,1,0.9649,0.0
255,77,652.799,8,0.3446,0.0
92,2,362.948,18,0.6034,0.1851
36,115,639.563,1,0.8625,0.0
441,55,122.98,2,0.9118,0.0437
544,145,444.219,19,0.8995,0.2621
508,106,378.6,4,0.8442,0.0438
783,191,234.365,11,0.4292,0.077
458,97,153.415,11,0.5456,0.1435
590,32,50.822,13,0.7117,0.5899
817,185,188.818,16,0.3942,0.1315
658,62,490.184,13,0.5742,0.0688
911,153,200.671,19,0.4479,0.1533
222,157,524.374,13,0.5076,0.0
787,185,630.172,3,0.8559,0.0
697,129,500.053,12,0.7795,0.0467
583,103,579.747,1,0.3039,0.0279
4,77,412.922,8,0.9545,0.0387
542,90,681.582,14,0.668,0.0251
859,157,549.437,20,0.7582,0.143
645,114,232.665,6,0.734,0.0656
6,10,520.95,2,0.3499,0.0
288,75,483.902,3,0.9221,0.011
570,183,541.146,9,0.7788,0.0318
812,43,230.281,1,0.4802,0.0
445,95,367.144,7,0.3599,0.0
857,168,633.937,20,0.9953,0.2962
796,59,702.526,8,0.9551,0.0388
268,137,259.475,15,0.806,0.3127
195,158,350.683,4,0.6743,0.0
903,66,238.528,7,0.7145,0.1021
590,180,517.057,10,0.6449,0.0257
849,90,28.408,12,0.9028,0.7894
923,60,686.768,11,0.8181,0.0157
425,46,395.77,18,0.3486,0.0353
46,54,195.447,20,0.5292,0.3003
910,113,27.33,19,0.8074,0.7834
584,46,403.954,16,0.9902,0.3222
121,72,422.254,11,0.8309,0.123
530,143,500.729,14,0.6474,0.0745
28,176,378.522,19,0.8382,0.3259
290,136,371.549,14,0.8073,0.2476
348,106,219.321,16,0.7984,0.3838
455,140,140.11,13,0.9627,0.5815
566,83,181.097,11,0.732,0.2909
840,55,270.138,9,0.6622,0.0782
352,150,556.922,8,0.8201,0.0255
736,28,85.584,8,0.9205,0.5508
943,182,463.63,19,0.7377,0.2036
749,86,27.813,3,0.3135,0.125
255,164,31.501,4,0.3507,0.1099
678,20,197.39,9,0.8823,0.2879
282,99,257.499,11,0.6535,0.1217
478,85,137.125,3,0.9919,0.1374
635,72,638.147,3,0.4522,0.0229
294,103,219.744,7,0.7952,0.1163
4,133,337.484,3,0.5926,0.0076
838,189,715.767,17,0.3138,0.0429
728,164,183.18,2,0.5566,0.0
124,47,445.722,17,0.4357,0.0195
378,196,537.625,7,0.6802,0.0
262,100,195.515,13,0.9078,0.4917
978,92,41.858,16,0.9946,0.8945
942,3,569.887,8,0.6854,0.0308
692,134,208.451,4,0.9507,0.0818
441,178,231.648,16,0.9104,0.4917
53,59,298.908,17,0.4376,0.0789
247,174,28.596,11,0.3189,0.2695
93,18,613.094,20,0.9017,0.2403
790,194,621.668,15,0.7015,0.1015
89,51,627.446,11,0.8438,0.078
678,97,131.896,16,0.7515,0.4542
953,3,702.885,16,0.4588,0.0501
308,180,476.439,14,0.6163,0.1032
685,102,427.128,14,0.546,0.0195
880,195,520.17,17,0.7863,0.1537
428,75,544.41,10,0.3393,0.0
449,12,299.904,11,0.6129,0.1055
201,136,420.632,6,0.4712,0.0056
428,33,421.511,7,0.7951,0.0468
874,124,6.119,14,0.6252,0.5917
664,7,7.528,17,0.7904,0.7354
202,34,339.172,5,0.8556,0.0026
527,128,402.32,20,0.8379,0.3263
707,135,509.346,8,0.9466,0.0365
78,31,542.078,14,0.369,0.0
764,38,421.969,4,0.3579,0.0
202,172,205.121,16,0.4629,0.1677
295,2,446.093,12,0.6181,0.0278
417,47,187.427,13,0.6495,0.2692
505,195,588.745,4,0.9273,0.0016
917,110,305.076,12,0.9914,0.3437
223,6,644.421,17,0.5369,0.038
256,179,92.55,6,0.9652,0.4592
379,69,508.089,10,0.4782,0.0125
858,144,309.396,12,0.4289,0.0251
966,128,92.149,15,0.784,0.5566
455,74,402.712,14,0.5649,0.0555
694,75,152.929,10,0.8591,0.402
918,111,210.851,10,0.9343,0.3732
847,77,328.751,16,0.6993,0.2243
682,35,262.657,1,0.9102,0.0217
541,145,280.181,18,0.521,0.2351
985,135,286.162,8,0.3461,0.0064
240,121,12.712,10,0.6838,0.6632
363,149,264.783,3,0.9752,0.0078
713,104,283.627,8,0.7329,0.0748
21,186,426.973,10,0.8095,0.0776
501,178,346.52,15,0.9379,0.3147
855,197,124.644,17,0.8447,0.6164
177,22,423.503,20,0.7217,0.2567
804,21,25.742,19,0.8687,0.8297
413,94,240.29,4,0.5339,0.0042
861,139,446.672,10,0.7076,0.0526
635,48,449.456,15,0.9198,0.2457
158,24,130.306,15,0.5935,0.3668
736,8,244.547,1,0.8759,0.0248
57,111,329.813,18,0.811,0.363
244,196,296.523,20,0.5319,0.1603
889,93,493.654,20,0.7538,0.1893
876,147,533.065,16,0.6088,0.0706
47,11,29.899,14,0.5451,0.4424
380,44,536.72,19,0.7879,0.1997
95,137,632.585,1,0.4089,0.0
272,81,658.055,3,0.7611,0.0
968,6,40.779,14,0.4077,0.3591
196,46,636.333,2,0.6422,0.0334
642,159,118.286,7,0.8322,0.3711
805,137,243.94,9,0.7651,0.1973
881,162,275.106,17,0.5661,0.1921
355,71,215.621,2,0.6151,0.0
697,186,212.547,17,0.4718,0.1996
484,184,122.393,2,0.59,0.0428
108,74,474.662,16,0.9333,0.2689
223,42,418.135,2,0.89,0.0
749,193,441.929,16,0.3684,0.0
687,70,375.616,2,0.428,0.0135
522,100,159.391,19,0.3258,0.1445
782,187,422.349,2,0.5911,0.0
692,54,470.856,10,0.8799,0.1228
340,177,37.859,8,0.7049,0.5193
294,33,711.179,9,0.4649,0.0118
946,59,417.655,11,0.5757,0.0333
972,78,459.78,16,0.3655,0.004
31,97,410.386,3,0.5688,0.0
791,49,497.473,1,0.5621,0.0141
133,177,473.1,13,0.4872,0.0581
862,133,575.49,1,0.4472,0.0
589,135,116.733,13,0.451,0.1887
688,147,118.299,3,0.4007,0.0211
702,128,158.487,6,0.3962,0.0382
605,129,693.705,11,0.9852,0.045
251,133,257.387,7,0.7571,0.041
808,145,227.988,11,0.7488,0.2059
555,185,165.488,20,0.5755,0.3025
546,40,346.871,9,0.4171,0.0077
319,104,651.875,7,0.6415,0.0237
11,37,485.572,4,0.5626,0.0
555,37,135.594,19,0.47,0.2443
346,190,602.975,20,0.832,0.2222
660,95,680.791,5,0.4635,0.0
365,141,513.542,3,0.8036,0.0293
973,146,427.612,4,0.3885,0.0222
681,7,483.84,15,0.6489,0.115
456,99,530.035,18,0.7748,0.1431
709,37,618.84,1,0.7817,0.0001
649,63,474.414,13,0.9858,0.1999
621,38,382.897,11,0.6168,0.0903
579,134,131.773,16,0.5645,0.3073
932,27,269.755,15,0.821,0.3297
318,91,61.365,12,0.345,0.1248
433,62,524.675,9,0.6442,0.0
254,193,714.455,20,0.9097,0.2031
570,158,69.547,6,0.4855,0.2029
988,71,317.221,1,0.6517,0.0053
609,59,504.205,16,0.4134,0.0868
207,144,22.029,4,0.9614,0.7509
922,127,316.772,16,0.8943,0.3742
791,112,572.342,3,0.8363,0.0151
441,15,211.463,19,0.4029,0.1535
147,16,475.156,14,0.6525,0.0953
403,128,437.482,20,0.4497,0.0313
805,94,504.172,7,0.9426,0.0131
578,166,173.293,9,0.9509,0.4071
186,6,121.616,16,0.8111,0.5667
159,38,12.668,18,0.7608,0.7794
968,158,346.111,3,0.4706,0.0186
448,196,134.93,10,0.3512,0.062
686,147,469.044,5,0.8868,0.0069
361,3,395.634,7,0.4668,0.0253
91,11,600.358,2,0.487,0.0
412,176,577.494,11,0.4799,0.0233
694,100,260.392,20,0.5437,0.1515
334,100,213.665,17,0.5271,0.1669
604,193,59.623,15,0.4793,0.3525
439,50,544.71,1,0.3897,0.0543
338,57,357.519,3,0.8433,0.0
256,138,242.466,14,0.9602,0.4677
261,181,506.712,13,0.406,0.0432
256,74,197.718,3,0.7034,0.026
719,31,344.445,9,0.6078,0.0444
338,12,314.175,20,0.6141,0.2471
742,2,194.931,19,0.8289,0.465
312,75,569.222,14,0.8279,0.0551
328,107,509.428,3,0.3439,0.0
925,98,374.304,5,0.9243,0.0
877,48,497.851,1,0.3095,0.0
401,136,64.822,3,0.6069,0.1342
269,176,309.762,4,0.3656,0.0
716,47,432.309,19,0.7663,0.1616
70,135,283.852,19,0.5913,0.1999
457,109,514.312,16,0.398,0.0119
600,138,376.235,19,0.5367,0.1325
676,3,275.984,12,0.4818,0.0938
108,135,299.344,2,0.7577,0.017
3,150,515.837,16,0.7686,0.0669
277,136,47.849,11,0.6846,0.5074
120,169,603.551,3,0.8453,0.0
508,150,41.769,14,0.3156,0.1846
920,197,95.959,6,0.7591,0.3551
287,134,583.447,1,0.7572,0.0
454,90,269.924,3,0.6236,0.0
215,167,331.057,1,0.8867,0.0125
44,139,268.699,10,0.3518,0.0
704,112,67.447,2,0.8327,0.1297
257,116,438.357,12,0.5198,0.0376
547,71,496.286,15,0.3221,0.0
684,123,137.157,15,0.3164,0.1373
840,94,541.636,19,0.4713,0.0529
186,27,72.308,20,0.7106,0.577
582,89,557.982,2,0.7314,0.0068
911,190,505.111,7,0.3799,0.0
484,67,656.768,3,0.503,0.0
41,136,585.812,7,0.3721,0.0
262,84,608.115,10,0.8855,0.0812
795,58,689.57,18,0.8971,0.2036
793,77,607.998,9,0.4429,0.0
315,192,573.515,5,0.9291,0.0
197,23,141.613,5,0.3576,0.0177
292,134,543.776,16,0.6766,0.1134
243,167,455.732,5,0.8021,0.0576
741,38,692.345,15,0.5803,0.0208
842,152,518.564,3,0.3668,0.0367
47,128,187.266,20,0.8353,0.5267
742,68,118.589,6,0.851,0.3135
753,36,202.937,20,0.5292,0.1999
613,190,345.961,17,0.3154,0.0043
872,40,469.98,11,0.9442,0.1432
39,190,155.259,10,0.357,0.0474
700,130,168.014,6,0.4831,0.1112
128,172,217.692,19,0.6049,0.2818
898,60,581.34,19,0.6121,0.07
500,6,263.42,17,0.6655,0.2141
91,132,56.895,17,0.4475,0.3179
747,75,392.653,11,0.5717,0.0281
750,111,4.78,11,0.9525,0.9324
465,92,485.23,17,0.9202,0.3004
311,65,606.373,12,0.3637,0.0179
18,144,120.212,4,0.8468,0.2015
908,101,608.19,1,0.6856,0.0
185,127,489.058,13,0.3235,0.0
843,135,71.409,19,0.8519,0.7168
589,136,164.47,19,0.4086,0.1839
686,67,164.07,8,0.4705,0.0927
695,154,148.525,13,0.3529,0.1134
859,44,241.209,13,0.8361,0.3543
34,190,653.571,10,0.7944,0.0
992,162,161.769,13,0.885,0.4996
44,111,667.262,14,0.6547,0.061
1000,37,395.979,3,0.6018,0.0
262,181,372.508,3,0.6858,0.0
846,111,485.285,5,0.3052,0.0
84,163,580.184,6,0.8443,0.0
461,6,689.519,14,0.88,0.08
542,68,2.435,6,0.3415,0.3531
955,60,286.956,15,0.9369,0.3636
124,163,129.313,3,0.588,0.0568
37,93,109.684,12,0.4655,0.2075
649,24,106.285,15,0.3272,0.0954
50,124,511.184,16,0.9866,0.272
778,32,37.296,13,0.765,0.6709
39,90,602.523,16,0.7315,0.0913
971,199,541.972,18,0.4027,0.0283
533,87,294.97,12,0.862,0.2812
949,86,306.618,14,0.7127,0.2024
127,9,488.582,5,0.549,0.0237
274,93,8.25,17,0.7381,0.6874
455,192,279.043,5,0.3973,0.0103
30,191,130.108,3,0.5974,0.0385
103,193,130.57,3,0.4101,0.0323
330,73,396.65,2,0.3803,0.0175
738,14,177.446,17,0.996,0.6337
709,48,270.445,8,0.5,0.0449
87,43,516.609,4,0.3079,0.0
60,16,447.074,3,0.453,0.0
657,142,237.951,12,0.5564,0.1241
360,105,36.189,16,0.3092,0.2031
793,145,19.686,2,0.7396,0.4185
299,40,351.289,9,0.6654,0.0742
363,140,303.792,9,0.5385,0.0626
220,13,573.543,19,0.9218,0.2089
267,145,59.517,1,0.4701,0.0
707,163,612.024,2,0.364,0.0
472,51,153.417,5,0.3726,0.0033
660,66,252.851,19,0.8544,0.504
79,88,619.218,1,0.5386,0.0
536,116,603.192,15,0.9317,0.1978
459,106,370.974,10,0.3565,0.0233
911,21,59.258,17,0.6782,0.546
424,76,425.349,5,0.5037,0.0
104,102,548.575,10,0.9589,0.1179
698,123,189.233,10,0.6339,0.1686
150,127,132.213,8,0.4905,0.1683
910,134,358.122,7,0.3224,0.0154
384,90,539.626,15,0.6422,0.0548
785,101,363.768,4,0.4085,0.0042
656,68,172.795,20,0.3524,0.1552
465,55,625.685,18,0.4053,0.0562
585,63,627.909,1,0.6659,0.0102
183,88,474.17,18,0.4726,0.0349
75,22,53.951,12,0.596,0.4419
767,44,167.514,19,0.6663,0.3562
959,24,445.629,5,0.3343,0.0191
862,82,562.648,17,0.6896,0.0776
306,100,341.731,9,0.6146,0.0358
359,33,219.26,10,0.6892,0.2064
359,28,636.913,12,0.7895,0.0703
703,106,274.868,16,0.7974,0.3039
624,45,659.735,5,0.7871,0.0073
797,174,383.519,1,0.3529,0.0027
946,33,442.474,1,0.9333,0.0
393,97,90.407,18,0.8672,0.6873
663,161,193.027,2,0.9153,0.0115
501,21,701.786,2,0.4201,0.0
955,90,517.581,1,0.7107,0.0232
355,95,343.755,7,0.9528,0.0791
188,111,375.667,1,0.953,0.0
379,178,63.669,10,0.5601,0.3342
619,117,564.106,4,0.897,0.0
954,76,51.848,6,0.6238,0.3549
829,80,278.941,9,0.3576,0.0
19,125,295.964,10,0.9813,0.2646
510,60,434.42,10,0.5161,0.0323
160,137,299.476,2,0.5017,0.0
363,77,691.733,1,0.9299,0.0141
944,13,574.591,16,0.8206,0.1686
985,107,690.735,1,0.5546,0.008
154,51,373.73,8,0.8589,0.1091
141,72,217.958,6,0.3141,0.0685
697,65,706.553,1,0.7069,0.0064
411,28,58.941,1,0.4895,0.0137
433,58,667.534,3,0.688,0.0266
874,183,69.415,5,0.5308,0.1664
921,65,581.069,16,0.8042,0.1046
901,147,561.661,1,0.7448,0.0
783,82,475.153,17,0.8033,0.1814
981,14,563.547,2,0.7966,0.0
720,168,63.857,4,0.8235,0.3351
885,182,269.241,14,0.9887,0.4054
541,48,242.607,19,0.6102,0.2425
51,35,706.711,3,0.8293,0.0
817,187,340.489,14,0.455,0.0633
930,20,36.223,9,0.9733,0.8552
313,178,187.076,16,0.8956,0.5322
429,35,607.818,17,0.3677,0.0
573,174,642.04,15,0.8606,0.162
652,187,667.734,2,0.7089,0.0
675,49,104.193,7,0.5811,0.1894
395,45,495.579,6,0.3775,0.0
855,22,289.98,15,0.7367,0.2709
814,158,529.674,13,0.6662,0.0319
943,70,593.643,11,0.8849,0.1123
576,129,188.473,4,0.5776,0.0
78,123,360.493,3,0.6646,0.0
846,104,235.982,11,0.6018,0.1589
80,49,328.533,20,0.3558,0.1131
194,74,209.598,14,0.6234,0.2688
286,101,244.868,4,0.9702,0.0855
185,19,196.402,19,0.3116,0.0584
724,81,215.229,6,0.8144,0.1148
441,143,416.346,20,0.5963,0.1592
220,85,432.404,17,0.4246,0.0553
5,79,662.97,4,0.7773,0.0
217,169,281.522,2,0.5582,0.0
693,107,473.549,18,0.9941,0.3579
795,148,695.155,1,0.6622,0.0204
297,11,336.047,2,0.5893,0.0102
74,186,561.1,10,0.9739,0.071
558,156,698.237,10,0.4996,0.0129
783,166,568.744,9,0.9791,0.056
71,139,58.422,10,0.8422,0.6307
796,108,139.445,5,0.6827,0.1302
171,106,212.669,2,0.5599,0.0153
258,125,494.232,8,0.3479,0.0
623,100,483.6,7,0.9598,0.0742
52,146,99.181,9,0.7461,0.4279
306,68,323.806,16,0.6676,0.2076
139,154,303.999,1,0.7574,0.01
215,69,496.86,5,0.9214,0.0
774,96,188.252,19,0.5087,0.2503
229,14,171.579,13,0.663,0.276
44,181,429.843,11,0.8725,0.1185
215,138,60.096,20,0.9192,0.8517
87,50,481.741,9,0.7979,0.056
623,9,316.669,2,0.7116,0.0
973,171,386.4,20,0.5724,0.1288
168,1,577.531,1,0.4706,0.0048
729,97,130.709,16,0.7507,0.459
363,7,151.556,6,0.7998,0.1536
72,139,648.827,16,0.638,0.0169
688,41,533.634,2,0.9622,0.0
210,86,189.51,7,0.41,0.0455
514,115,519.064,2,0.6626,0.0162
508,75,329.447,12,0.7713,0.1914
598,137,444.636,9,0.9598,0.0902
135,102,566.492,5,0.4837,0.0057
251,85,32.701,14,0.4711,0.4002
738,65,440.245,1,0.6388,0.0178
933,82,244.025,15,0.7922,0.3232
12,65,371.869,2,0.5199,0.0157
414,116,262.221,3,0.6561,0.0058
882,153,677.585,6,0.3895,0.0
287,120,430.154,12,0.9515,0.1714
448,7,609.628,17,0.4376,0.0086
905,169,185.214,15,0.4772,0.1463
969,158,262.837,7,0.5969,0.0184
656,164,566.795,13,0.3969,0.0
695,10,169.18,17,0.9689,0.6206
614,165,719.995,10,0.7585,0.0704
284,94,475.427,15,0.7622,0.1571
887,169,645.761,9,0.4408,0.0
35,157,75.698,9,0.5381,0.3084
59,176,298.25,16,0.435,0.0837
602,25,242.195,16,0.3556,0.0266
838,112,699.108,5,0.6005,0.0021
815,146,104.647,3,0.6212,0.0659
678,120,538.803,4,0.7726,0.0
377,163,454.394,19,0.6098,0.0739
360,146,613.052,2,0.9924,0.0
426,8,703.658,17,0.6411,0.0619
257,40,580.338,9,0.6143,0.0096
420,127,181.924,18,0.4865,0.1873
105,73,600.74,14,0.7302,0.0896
320,72,379.503,15,0.8685,0.2596
942,183,470.556,11,0.9766,0.1277
707,18,202.278,9,0.4002,0.0426
142,105,587.623,2,0.3189,0.0216
287,63,320.291,7,0.9846,0.0871
260,11,582.12,20,0.5916,0.1028
282,75,307.909,9,0.7715,0.1503
692,82,444.102,8,0.965,0.1017
896,91,74.605,20,0.317,0.1926
711,33,67.029,1,0.4203,0.0072
489,146,686.161,13,0.855,0.0419
161,72,522.904,13,0.7773,0.0682
143,115,124.754,14,0.6128,0.3707
815,109,430.571,1,0.9714,0.0
678,113,562.57,17,0.7616,0.1146
511,102,431.271,19,0.3204,0.0348
578,61,323.158,14,0.3712,0.0
849,99,601.459,13,0.9193,0.0981
814,107,37.033,11,0.971,0.8281
88,4,456.185,7,0.4717,0.0023
396,145,340.829,19,0.457,0.1036
43,90,466.856,7,0.3305,0.0
385,59,209.479,16,0.3809,0.0916
637,6,117.401,3,0.4695,0.0
209,61,701.432,3,0.9372,0.0
151,81,622.313,9,0.3944,0.0
491,168,654.484,1,0.3537,0.0
525,130,553.622,11,0.9856,0.1104
715,84,47.21,12,0.3763,0.2542
15,26,452.283,4,0.4197,0.0
248,55,274.931,13,0.6691,0.2137
780,184,241.02,14,0.49,0.1276
682,26,179.814,4,0.5911,0.0207
900,127,130.484,7,0.5918,0.1678
815,104,100.834,17,0.7023,0.479
839,44,87.71,2,0.3137,0.0
511,175,512.47,14,0.8677,0.1007
959,79,669.934,5,0.5491,0.0
416,133,274.138,15,0.9973,0.4626
904,20,76.78,1,0.8989,0.0
392,194,159.623,17,0.3124,0.1067
445,5,537.961,19,0.8876,0.2285
686,63,251.266,12,0.441,0.0465
399,184,477.402,10,0.3001,0.0
148,128,148.446,15,0.3316,0.0428
897,136,545.001,20,0.9017,0.2677
453,63,471.898,14,0.5464,0.0548
927,156,160.399,13,0.5308,0.1704
400,187,671.055,11,0.8624,0.0575
973,125,376.554,1,0.9951,0.0
603,44,158.692,3,0.9293,0.0471
769,182,408.226,4,0.974,0.0448
756,1,299.326,2,0.3618,0.0
202,180,660.385,11,0.5859,0.0
816,2,223.441,8,0.4707,0.0185
945,12,638.2,1,0.7326,0.0126
662,9,534.646,11,0.9781,0.1124
948,38,489.682,13,0.9764,0.2212
847,146,132.768,5,0.7652,0.2103
667,80,62.474,18,0.8426,0.7076
478,16,622.462,7,0.9113,0.0027
858,69,411.005,7,0.6087,0.0326
186,200,695.028,19,0.6871,0.1019
562,106,372.045,17,0.9126,0.3048
816,146,426.001,8,0.5743,0.0361
945,54,717.92,19,0.5628,0.0219
268,105,515.584,12,0.8834,0.1135
94,160,259.542,6,0.9111,0.1498
334,135,596.099,10,0.8325,0.0219
864,2,213.108,10,0.6274,0.1796
524,122,378.292,1,0.5884,0.0
56,159,171.703,7,0.3827,0.0274
120,28,716.174,14,0.5256,0.0
340,79,672.889,6,0.4626,0.0
343,129,629.245,13,0.4302,0.0296
136,2,289.122,1,0.8255,0.0
495,143,524.675,5,0.7621,0.0
480,170,188.133,5,0.3479,0.0284
200,106,281.105,13,0.4142,0.0337
233,90,579.362,16,0.5515,0.0285
665,19,41.086,9,0.6073,0.4624
953,145,36.115,18,0.895,0.832
997,189,476.145,20,0.3273,0.0
560,176,557.823,6,0.4567,0.0
39,110,276.459,9,0.92,0.2306
898,7,485.93,1,0.559,0.0
951,58,650.194,8,0.4564,0.0
279,53,72.439,16,0.708,0.5512
401,2,598.056,17,0.9728,0.2008
26,24,419.062,15,0.9539,0.2846
802,115,304.385,10,0.6679,0.0987
776,20,37.707,6,0.3727,0.1948
21,8,276.842,11,0.4026,0.0
703,190,571.704,17,0.5195,0.0392
412,121,390.443,19,0.9028,0.3867
546,162,127.354,16,0.8594,0.6124
219,50,167.583,9,0.9834,0.431
816,73,610.363,2,0.6543,0.0087
405,123,311.977,15,0.7061,0.1946
841,138,69.203,10,0.5214,0.2822
149,74,700.812,2,0.6579,0.0045
588,184,182.866,4,0.8065,0.07
311,141,573.572,20,0.3278,0.0
966,45,9.711,4,0.9211,0.8487
557,20,185.052,9,0.7291,0.2353
720,3,243.06,8,0.5191,0.0665
87,169,618.856,10,0.5259,0.0183
677,165,538.649,4,0.994,0.0317
102,96,222.121,8,0.5089,0.0646
362,145,567.094,17,0.6912,0.0648
223,177,583.338,3,0.5517,0.0
3,33,368.899,9,0.6878,0.0463
587,197,365.925,17,0.5965,0.1106
241,98,367.102,18,0.6417,0.1128
513,88,120.942,18,0.3558,0.1359
764,33,585.26,11,0.3445,0.0285
179,135,514.659,1,0.8973,0.0
710,121,611.632,13,0.8947,0.1058
298,6,587.378,19,0.985,0.2451
332,130,565.622,12,0.7296,0.0498
577,29,561.981,14,0.5114,0.0101
626,56,680.032,4,0.913,0.0
656,123,436.093,15,0.9634,0.2837
196,157,596.2,3,0.5052,0.0
580,27,577.065,8,0.5913,0.0
264,95,194.933,6,0.654,0.0798
277,58,407.541,1,0.603,0.0369
948,142,525.513,14,0.7088,0.0595
101,166,74.944,3,0.9322,0.3025
414,128,382.253,18,0.9407,0.3857
440,159,2.543,17,0.3723,0.3664
245,91,173.397,4,0.8016,0.0471
786,120,350.444,10,0.3898,0.0
488,59,221.336,2,0.5283,0.0
720,198,555.299,4,0.5783,0.0
388,41,459.112,17,0.9363,0.2472
897,185,192.995,7,0.5542,0.0503
730,150,12.788,8,0.721,0.6635
334,198,183.766,19,0.7437,0.4272
963,129,373.974,6,0.5525,0.0
866,71,548.925,5,0.7887,0.0
592,57,434.623,1,0.669,0.0
17,36,40.661,17,0.5267,0.4716
592,194,336.162,5,0.6194,0.0095
691,22,690.871,9,0.4426,0.0221
365,163,650.961,1,0.3237,0.0464
144,140,534.653,11,0.5554,0.0445
565,26,204.705,14,0.9418,0.4651
802,184,16.449,7,0.5659,0.4703
320,33,328.856,2,0.9201,0.0716
457,33,269.909,5,0.3569,0.0
2,109,486.773,16,0.6298,0.0821
704,21,51.289,18,0.5061,0.4235
867,21,664.871,14,0.5919,0.0306
777,125,529.951,19,0.7891,0.1687
430,193,699.133,1,0.5167,0.0239
46,11,623.093,16,0.3967,0.0
493,128,310.049,20,0.3287,0.0357
941,121,477.166,18,0.5106,0.07
84,14,608.93,20,0.8019,0.1383
214,30,147.188,11,0.6287,0.2914
838,89,7.429,19,0.9907,0.9913
569,139,221.806,9,0.4597,0.0811
171,45,315.249,5,0.9385,0.1061
25,87,449.879,18,0.8764,0.2738
411,99,190.034,14,0.8427,0.396
595,143,318.562,14,0.7872,0.2455
841,50,467.225,9,0.3145,0.0079
884,138,593.673,20,0.839,0.22
458,167,163.78,7,0.4456,0.0305
423,117,576.031,13,0.5102,0.0
932,145,676.255,9,0.4543,0.0
777,34,295.18,7,0.6007,0.0679
210,182,397.655,14,0.45,0.0389
682,61,7.683,3,0.8972,0.7912
716,40,511.496,3,0.7759,0.0
234,110,627.914,13,0.751,0.0521
978,78,14.881,9,0.8185,0.781
297,93,607.519,3,0.5219,0.0055
550,162,107.722,19,0.6869,0.5334
494,108,606.39,19,0.7503,0.1278
693,75,390.4,13,0.6943,0.1136
902,161,266.83,8,0.7052,0.1209
394,76,677.739,19,0.3431,0.0055
385,192,441.092,5,0.6189,0.0652
752,198,28.313,1,0.705,0.117
953,94,551.637,13,0.3759,0.0
909,155,131.736,12,0.4276,0.1038
753,142,664.796,6,0.698,0.0335
704,173,120.265,14,0.4221,0.228
769,93,351.37,5,0.6583,0.0169
936,82,376.495,7,0.4545,0.0405
11,56,406.14,3,0.4239,0.0
589,118,384.205,3,0.855,0.0224
35,124,316.394,3,0.8672,0.0203
578,91,513.383,2,0.531,0.0503
395,63,112.425,4,0.5263,0.0738
305,91,566.941,11,0.589,0.0317
891,101,27.446,8,0.4393,0.3101
710,26,606.388,4,0.6849,0.0253
568,133,540.002,3,0.9803,0.0
882,169,572.79,2,0.8333,0.0
98,65,214.141,13,0.4955,0.1185
647,79,611.865,17,0.546,0.0
157,19,497.788,5,0.4359,0.0162
234,117,697.365,17,0.7898,0.0525
186,86,14.898,15,0.5368,0.5259
545,172,569.281,15,0.9129,0.1368
630,182,448.966,6,0.8054,0.0153
756,155,712.113,11,0.5514,0.0247
441,43,319.268,12,0.5693,0.1359
940,40,201.712,11,0.3934,0.0437
374,98,633.477,15,0.6291,0.0223
157,124,234.837,11,0.9532,0.4026
37,7,506.156,12,0.7467,0.0773
128,100,239.265,16,0.6379,0.256
446,18,680.947,6,0.5855,0.0106
413,53,379.029,14,0.7288,0.1544
855,72,230.59,14,0.9347,0.4439
126,9,592.231,3,0.5771,0.0427
263,53,45.45,15,0.7299,0.5818
981,126,67.959,7,0.987,0.6198
29,200,602.517,14,0.717,0.0361
425,156,233.196,14,0.7845,0.3677
199,62,127.531,6,0.9154,0.4
534,189,422.958,12,0.6192,0.0816
974,89,183.668,11,0.3422,0.0
228,71,710.778,19,0.6065,0.064
371,170,590.922,4,0.3926,0.0
450,80,640.262,6,0.922,0.0
799,148,600.265,9,0.8554,0.0705
985,33,637.877,15,0.8346,0.1361
97,67,243.676,5,0.5911,0.0041
489,197,485.02,15,0.827,0.1887
753,49,653.074,3,0.7047,0.0
9,170,494.041,16,0.3741,0.0154
807,94,717.953,16,0.4084,0.0
243,192,623.251,13,0.8785,0.0723
519,84,51.54,20,0.9139,0.7778
979,100,361.448,18,0.7505,0.236
636,79,198.751,14,0.4735,0.0933
990,42,630.102,16,0.9331,0.2292
604,169,674.85,14,0.9129,0.0876
211,115,408.181,17,0.7953,0.2357
693,102,42.332,17,0.8343,0.7514
616,75,249.936,9,0.3764,0.0
311,155,136.18,3,0.8292,0.0986
77,70,381.312,2,0.9132,0.0
649,48,709.092,6,0.775,0.0076
578,17,247.476,11,0.9531,0.3559
774,175,528.594,6,0.3635,0.0
126,15,598.444,10,0.4102,0.0
539,169,597.81,5,0.9923,0.0393
819,76,108.084,19,0.9152,0.7438
892,1,171.342,9,0.4815,0.1088
940,186,161.148,14,0.9509,0.5843
212,149,214.392,12,0.3361,0.0143
173,145,34.177,16,0.6171,0.5466
577,110,388.584,12,0.4355,0.0098
463,153,533.599,14,0.9469,0.1329
235,27,188.159,17,0.9974,0.6156
103,47,460.858,13,0.3776,0.0039
144,109,393.049,13,0.9181,0.2572
340,147,71.853,19,0.346,0.2248
740,118,173.021,15,0.9569,0.5761
66,82,174.248,2,0.9446,0.0178
106,135,352.105,17,0.8601,0.3393
265,12,452.239,18,0.3187,0.0
874,102,217.339,12,0.4874,0.1075
991,79,91.966,17,0.6748,0.5121
441,100,194.203,2,0.6135,0.0039
45,27,29.414,20,0.6088,0.5462
12,181,539.165,18,0.7831,0.1547
859,171,503.654,3,0.4023,0.0
445,189,483.041,14,0.7428,0.1121
78,169,444.993,17,0.4045,0.0
834,133,214.691,15,0.4853,0.1445
529,58,83.59,5,0.714,0.2549
350,23,431.492,5,0.7831,0.0573
453,123,527.588,2,0.4614,0.0
226,190,583.902,11,0.5172,0.0
932,73,523.239,6,0.8336,0.009
788,199,474.409,12,0.7045,0.033
200,31,593.652,3,0.5176,0.0105
735,57,548.598,9,0.6838,0.0393
180,130,680.357,6,0.3912,0.0
454,99,4.851,3,0.5946,0.539
749,153,106.029,19,0.8514,0.6541
37,69,417.631,3,0.916,0.0
726,155,289.062,14,0.3052,0.0061
226,61,245.494,9,0.7911,0.2231
700,30,537.181,12,0.3076,0.0
500,114,385.891,6,0.821,0.0231
27,103,379.308,18,0.8947,0.3395
762,114,36.356,8,0.9461,0.7667
260,5,332.403,18,0.3656,0.0406
953,83,437.971,8,0.3083,0.012
840,19,202.021,20,0.558,0.2664
193,161,172.448,15,0.478,0.2421
601,17,396.666,18,0.588,0.1644
363,187,656.654,3,0.4163,0.0014
603,12,84.23,17,0.8394,0.6637
558,123,222.907,15,0.7585,0.3081
296,67,42.331,1,0.5762,0.0118
652,23,234.613,2,0.792,0.0014
261,72,500.438,12,0.5409,0.0478
908,8,229.785,13,0.6995,0.2532
947,140,287.222,8,0.6165,0.0608
166,175,673.589,19,0.5326,0.0242
728,66,250.225,2,0.3407,0.0
930,88,388.708,8,0.5209,0.0
127,29,672.244,2,0.6266,0.0
740,97,366.375,20,0.5118,0.1301
938,190,122.926,9,0.98,0.5872
226,108,103.448,1,0.4305,0.0
583,176,647.255,19,0.571,0.0513
798,157,637.715,15,0.7796,0.1242
334,25,181.115,10,0.4887,0.1
238,11,448.899,12,0.6542,0.0822
398,73,120.317,16,0.8034,0.511
336,189,167.06,6,0.9728,0.3462
726,34,662.917,5,0.6791,0.0
371,9,289.571,17,0.8106,0.3178
377,192,150.529,5,0.8656,0.2482
945,40,377.606,14,0.5436,0.0923
579,72,612.798,17,0.6208,0.0351
930,157,599.808,2,0.9061,0.0113
711,20,476.822,6,0.7473,0.0233
886,35,585.776,1,0.3123,0.0
196,146,561.388,13,0.9284,0.1065
939,2,693.848,4,0.5829,0.024
945,143,472.377,1,0.8026,0.0165
41,109,430.689,17,0.5397,0.0481
357,49,652.127,1,0.6687,0.0
414,123,260.633,12,0.6401,0.174
420,65,355.131,10,0.3476,0.0089
779,190,618.647,7,0.5756,0.0
699,84,704.867,12,0.4739,0.0
213,150,303.602,13,0.7191,0.1986
609,54,424.857,2,0.9715,0.0
975,167,603.241,2,0.8456,0.0
441,58,373.743,16,0.939,0.3358
929,102,291.564,4,0.6448,0.0286
650,161,47.171,2,0.3354,0.0
925,186,153.074,4,0.4714,0.0033
903,151,238.963,14,0.6367,0.2167
17,134,289.484,4,0.5515,0.0073
801,139,558.982,14,0.6221,0.092
190,82,120.521,19,0.9101,0.6891
825,138,52.587,9,0.309,0.1721
809,115,423.406,20,0.448,0.0836
259,105,6.33,10,0.9776,0.9799
67,63,670.257,18,0.7228,0.0797
420,71,184.705,1,0.5575,0.0
303,25,600.31,15,0.4414,0.0591
554,145,273.572,11,0.6003,0.1089
83,5,719.173,18,0.8662,0.1227
45,24,361.164,7,0.9864,0.0856
438,59,693.279,18,0.4845,0.0344
770,29,337.858,5,0.8639,0.0
315,150,514.403,10,0.3271,0.0
324,26,46.287,3,0.8261,0.3368
165,92,320.654,4,0.8898,0.0
283,147,195.331,13,0.5137,0.1436
299,118,571.19,8,0.7942,0.0358
260,119,383.587,18,0.9738,0.3851
344,69,460.986,19,0.7648,0.2279
284,91,183.123,3,0.7149,0.0765
681,154,84.561,17,0.3579,0.2069
339,96,490.166,15,0.4521,0.0483
755,140,318.714,13,0.4905,0.0814
605,166,300.553,10,0.4161,0.0309
641,49,694.054,14,0.3646,0.0
584,25,85.589,1,0.9164,0.0188
923,93,463.74,5,0.4371,0.0
256,77,43.851,10,0.9044,0.7497
983,30,493.298,17,0.9561,0.2796
207,153,403.163,17,0.591,0.1
139,125,523.511,12,0.4977,0.0308
827,132,540.717,20,0.8597,0.2234
896,142,95.506,19,0.9851,0.8057
93,88,198.143,10,0.4026,0.0226
600,103,182.098,2,0.5364,0.0
513,45,437.976,9,0.8387,0.1123
221,147,186.39,14,0.3037,0.0764
521,190,371.676,7,0.5652,0.0241
686,175,318.613,19,0.3861,0.0422
575,82,421.877,8,0.8703,0.0464
520,10,253.303,17,0.481,0.0994
886,176,666.001,10,0.7331,0.0133
226,115,694.824,9,0.7022,0.0178
624,156,252.956,2,0.9503,0.0
317,61,658.309,6,0.3547,0.0384
974,173,571.088,13,0.6366,0.0
252,168,163.19,10,0.9264,0.4651
872,4,405.442,8,0.6705,0.0258
633,113,272.199,3,0.9725,0.0217
215,96,576.774,14,0.4688,0.0
759,132,643.672,13,0.636,0.0064
242,52,448.326,13,0.8622,0.1327
263,20,453.88,2,0.6129,0.0324
345,55,519.441,18,0.4754,0.0224
682,106,356.704,5,0.3772,0.0
392,54,339.139,6,0.8934,0.072
570,93,405.725,5,0.3995,0.0246
553,78,589.311,19,0.3937,0.0316
197,139,466.327,10,0.5708,0.0179
233,83,104.096,14,0.9505,0.7049
307,29,101.523,15,0.7047,0.4472
223,127,299.739,13,0.5544,0.1053
919,43,474.717,15,0.9426,0.2443
382,61,281.902,12,0.4979,0.0698
405,142,275.165,13,0.3179,0.01
673,55,644.776,5,0.5508,0.0
789,13,625.187,9,0.7411,0.0
689,73,342.739,1,0.925,0.027
552,78,517.305,11,0.7362,0.033
977,138,325.783,12,0.7093,0.1348
900,142,434.458,11,0.8045,0.1205
203,1,198.011,19,0.4462,0.1344
161,152,358.477,10,0.9216,0.1612
393,150,462.807,17,0.7127,0.0989
836,35,318.359,11,0.6717,0.1642
965,68,546.878,2,0.7483,0.0
703,154,192.838,1,0.3676,0.0151
691,116,9.765,7,0.7417,0.7405
234,68,658.304,16,0.3834,0.0
593,153,260.264,10,0.6506,0.1199
185,127,181.879,8,0.8759,0.2821
540,103,343.023,10,0.4026,0.0031
194,2,179.922,19,0.5815,0.296
76,130,528.069,4,0.7418,0.0357
968,36,221.24,12,0.7533,0.2862
894,184,714.022,14,0.4142,0.0437
686,38,199.246,17,0.5329,0.2153
626,6,260.869,10,0.3119,0.0
240,76,387.865,19,0.8573,0.3458
572,70,2.898,18,0.8693,0.8477
749,71,3.477,2,0.6733,0.6067
540,186,168.701,6,0.9845,0.3136
282,55,59.258,5,0.3772,0.124
392,168,547.369,19,0.747,0.148
841,33,627.773,3,0.4405,0.0185
255,124,297.829,17,0.5441,0.1255
962,27,372.135,20,0.3311,0.0235
756,46,441.369,9,0.3968,0.0153
891,30,68.767,3,0.5557,0.1
510,67,338.533,17,0.6997,0.1965
224,92,690.77,9,0.6403,0.026
34,172,150.072,13,0.9836,0.6084
535,152,60.98,6,0.8597,0.4882
400,140,202.371,10,0.3369,0.0382
114,98,394.732,8,0.3191,0.0135
929,58,625.379,11,0.9347,0.073
971,60,255.783,1,0.6693,0.0063
374,27,248.589,11,0.9904,0.4123
669,133,247.336,6,0.3269,0.0
414,157,605.542,5,0.9432,0.0263
497,110,338.167,19,0.7687,0.2315
624,116,238.926,4,0.6346,0.0
417,75,127.816,17,0.4879,0.2116
802,193,90.87,16,0.6572,0.4943
190,178,701.391,8,0.7887,0.0
669,82,350.482,2,0.4568,0.0
984,152,52.451,14,0.8805,0.7298
851,70,652.627,14,0.8959,0.0986
46,25,686.962,4,0.7478,0.0
114,59,171.149,18,0.66,0.3844
629,167,227.912,7,0.9339,0.2251
925,97,691.571,9,0.5527,0.0
845,174,11.84,19,0.7348,0.6665
904,65,233.843,16,0.612,0.2563
150,92,309.958,9,0.5192,0.0445
520,15,554.794,18,0.9485,0.2375
726,157,265.097,7,0.4782,0.0432
625,63,243.986,6,0.7458,0.1314
778,19,525.303,14,0.4943,0.022
213,44,611.576,6,0.7226,0.0356
458,134,67.605,12,0.8317,0.6282
448,164,103.008,11,0.6163,0.3719
940,191,475.205,11,0.604,0.0338
203,48,226.668,19,0.6446,0.2877
327,119,481.44,8,0.675,0.0502
22,92,125.648,14,0.6578,0.3761
152,144,578.994,9,0.4117,0.0017
981,135,231.76,4,0.7186,0.0464
848,15,241.643,8,0.8321,0.1813
260,30,129.197,9,0.8126,0.3456
703,119,152.576,4,0.7632,0.0866
594,107,431.046,12,0.576,0.0276
907,178,418.965,20,0.6732,0.1625
301,170,593.657,8,0.852,0.049
995,12,453.986,12,0.3971,0.0
371,117,308.335,4,0.6361,0.0
717,82,578.565,7,0.6267,0.0008
398,97,12.438,17,0.7426,0.7211
672,13,505.44,4,0.8051,0.0132
336,168,391.324,14,0.4524,0.0386
844,34,159.433,20,0.4296,0.2022
638,190,459.175,16,0.4064,0.0
289,187,710.4,16,0.7467,0.0751
961,165,249.813,4,0.7182,0.0
710,24,459.904,2,0.4252,0.0286
429,82,316.629,4,0.7194,0.0005
136,5,282.859,17,0.8488,0.3425
974,123,221.503,2,0.4045,0.0057
755,173,165.23,3,0.4451,0.0219
668,106,170.004,14,0.4547,0.1411
834,5,557.573,2,0.7645,0.0161
608,61,233.465,19,0.9271,0.5692
233,35,381.53,14,0.337,0.0199
238,88,154.123,18,0.9013,0.5745
80,75,153.371,14,0.5891,0.2708
63,166,422.903,6,0.8832,0.0196
729,45,419.798,13,0.8826,0.1437
852,61,364.037,7,0.7513,0.0077
164,48,499.247,19,0.47,0.091
574,178,458.84,10,0.3204,0.0
124,59,144.473,13,0.4189,0.1338
415,199,40.429,1,0.525,0.0
791,134,194.53,3,0.8399,0.0839
812,62,310.782,14,0.7994,0.2613
949,119,150.371,19,0.6663,0.3976
311,25,347.588,5,0.3226,0.0198
949,181,26.912,19,0.3823,0.36
784,192,343.791,17,0.9496,0.3393
339,59,253.413,15,0.8033,0.3651
328,35,690.577,11,0.9401,0.036
108,86,631.286,1,0.678,0.0
921,155,684.83,4,0.3387,0.0511
204,126,474.528,3,0.8468,0.0089
268,8,699.821,15,0.9928,0.1237
413,2,136.859,6,0.6574,0.2015
138,48,383.556,17,0.3613,0.0149
806,151,535.218,15,0.7475,0.077
699,53,347.548,18,0.8301,0.3371
157,179,154.291,18,0.8818,0.5484
163,60,470.924,3,0.8261,0.0013
22,179,699.285,14,0.9853,0.0833
950,184,376.943,10,0.5684,0.008
436,146,179.016,16,0.8184,0.4776
656,36,29.652,2,0.8054,0.3498
150,15,75.426,9,0.5681,0.3273
231,35,559.713,20,0.9247,0.2079
542,127,349.644,1,0.467,0.0
209,139,150.63,10,0.7749,0.3309
613,198,619.326,7,0.5844,0.0
924,191,314.257,16,0.4958,0.0842
306,62,573.042,9,0.3795,0.0096
608,78,584.225,6,0.3053,0.0104
916,155,517.041,12,0.4565,0.0
894,155,700.267,5,0.803,0.0
8,63,645.82,11,0.6291,0.0231
111,7,90.753,10,0.8351,0.5442
987,20,247.83,20,0.9791,0.5224
926,165,687.081,13,0.4065,0.0
322,70,472.182,19,0.5427,0.0492
521,145,319.766,6,0.4445,0.0
573,161,620.796,1,0.71,0.0
669,180,460.182,7,0.8364,0.0427
751,99,267.127,10,0.4499,0.0129
373,128,195.663,9,0.8594,0.317
890,40,612.869,1,0.3273,0.0
60,189,609.748,1,0.754,0.0215
33,177,661.221,12,0.8933,0.0589
958,78,564.979,5,0.9425,0.0007
178,74,133.441,8,0.5489,0.171
995,147,280.01,16,0.3752,0.041
286,83,236.554,8,0.6507,0.056
365,146,186.042,17,0.6259,0.2604
28,19,572.305,10,0.7377,0.0528
944,54,90.179,15,0.7063,0.4628
360,157,345.29,6,0.4391,0.0
168,185,623.327,3,0.3319,0.0345
484,6,568.165,6,0.9792,0.0019
155,156,192.876,3,0.5885,0.0
790,14,26.076,10,0.7024,0.6069
74,174,298.285,7,0.3257,0.0341
500,51,427.527,6,0.4217,0.0412
392,73,615.492,5,0.6446,0.0
38,144,380.59,9,0.617,0.0488
53,169,191.752,1,0.4732,0.0
519,83,497.499,8,0.8619,0.04
395,63,289.493,5,0.9348,0.0816
130,196,594.258,11,0.5035,0.0134
139,193,17.57,10,0.7836,0.6869
805,105,301.978,10,0.4122,0.0
731,5,304.243,13,0.3729,0.0674
608,194,423.237,2,0.4253,0.0
834,124,258.521,2,0.4037,0.0139
70,111,289.865,10,0.6421,0.1347
688,23,529.255,8,0.4466,0.0
753,199,123.738,6,0.4793,0.1144
201,144,172.007,8,0.4561,0.047
537,44,74.168,5,0.7496,0.3545
767,73,185.894,3,0.9454,0.0639
604,69,364.129,5,0.4942,0.0
250,175,136.599,19,0.4712,0.2688
665,96,53.439,3,0.3867,0.0506
760,175,717.386,20,0.9895,0.2005
10,138,328.021,14,0.8767,0.2457
568,74,598.799,3,0.5558,0.0142
505,82,532.048,16,0.3153,0.0204
367,162,119.536,6,0.6705,0.2389
45,100,369.084,10,0.436,0.0236
84,137,409.074,1,0.3098,0.0
751,25,114.063,1,0.5746,0.0028
828,86,81.01,16,0.7629,0.5745
420,116,189.892,12,0.8497,0.4194
940,69,188.479,9,0.4809,0.1077
928,170,200.223,19,0.6388,0.381
666,43,182.142,20,0.8095,0.5024
581,170,393.933,20,0.9927,0.4639
965,13,212.317,10,0.9451,0.4078
610,86,555.698,17,0.5196,0.0566
935,104,38.188,2,0.5888,0.1401
979,51,447.675,15,0.9495,0.2465
195,109,556.274,17,0.6943,0.1172
661,181,315.043,1,0.3077,0.0147
732,89,230.254,16,0.8016,0.3483
821,108,218.572,18,0.6243,0.2502
350,191,236.347,5,0.8322,0.0907
862,185,84.943,19,0.9398,0.714
488,3,418.584,4,0.5595,0.0049
387,146,449.09,19,0.6253,0.1142
157,171,280.876,19,0.6076,0.1977
322,189,688.24,10,0.5702,0.0
975,161,656.277,20,0.6381,0.0795
717,17,214.821,11,0.7352,0.2421
727,152,527.427,15,0.3058,0.0
896,169,84.189,10,0.9069,0.5709
267,105,545.747,4,0.9095,0.0055
662,5,529.864,7,0.4292,0.0116
372,39,257.094,4,0.3835,0.018
848,56,278.911,4,0.7957,0.0
423,173,422.171,14,0.9665,0.2694
855,26,202.119,2,0.404,0.0141
748,149,412.584,2,0.8747,0.0
772,36,639.146,19,0.9651,0.2152
926,167,320.561,4,0.8737,0.0063
791,3,147.428,12,0.685,0.3089
322,48,402.013,1,0.9452,0.0305
522,21,470.223,15,0.3089,0.0
473,111,378.946,11,0.9037,0.1642
65,157,17.501,1,0.7851,0.2532
594,84,482.048,13,0.5727,0.0535
438,107,27.046,4,0.9024,0.6385
394,128,300.836,20,0.8162,0.3566
110,91,298.659,11,0.8573,0.2662
505,151,609.489,2,0.4996,0.0
580,57,621.193,10,0.7028,0.0
106,35,558.143,19,0.5512,0.0211
635,38,590.295,16,0.7589,0.0613
168,35,157.928,7,0.818,0.2393
146,8,515.866,11,0.7527,0.0519
402,9,539.61,18,0.9152,0.2235
390,11,560.324,8,0.3898,0.0199
915,32,572.346,14,0.6866,0.0665
68,127,117.953,10,0.6756,0.3298
350,49,185.358,7,0.8242,0.2227
735,117,564.362,3,0.6386,0.0127
250,15,106.517,18,0.4777,0.2793
982,161,89.69,11,0.4778,0.273
743,72,703.461,12,0.5344,0.0
947,89,696.825,1,0.5906,0.0
950,136,242.78,14,0.7795,0.2846
110,200,6.683,5,0.594,0.5181
460,159,287.038,18,0.454,0.0729
745,81,19.116,14,0.3953,0.3111
9,70,103.696,10,0.7931,0.4531
453,68,161.75,8,0.378,0.0333
689,17,604.319,3,0.5078,0.0
793,68,270.529,15,0.4488,0.0612
416,152,6.415,2,0.359,0.2779
864,56,458.733,20,0.9192,0.361
674,79,51.318,7,0.3503,0.1621
46,14,643.808,19,0.4657,0.0282
278,51,177.032,18,0.4193,0.1939
938,14,171.555,10,0.897,0.4104
3,95,286.173,20,0.9267,0.451
109,60,77.807,14,0.6878,0.465
345,194,17.148,12,0.7906,0.7339
994,118,658.387,5,0.8905,0.0169
705,75,621.866,12,0.516,0.0395
148,108,659.793,13,0.6625,0.0583
394,192,487.342,5,0.3052,0.0216
940,37,9.868,12,0.4744,0.4659
220,51,700.709,18,0.6665,0.0492
576,110,510.455,10,0.5342,0.0
465,22,299.26,8,0.3998,0.0
761,104,527.519,13,0.365,0.0046
753,32,408.511,10,0.8955,0.1526
834,173,483.774,14,0.826,0.2241
120,155,593.443,20,0.8502,0.1878
454,10,674.084,15,0.7768,0.0535
692,108,573.693,16,0.4221,0.0284
419,42,645.088,5,0.8155,0.0
668,117,408.819,16,0.6894,0.1796
636,109,244.002,2,0.3107,0.036
371,194,482.342,10,0.3353,0.0482
101,36,400.706,4,0.4536,0.012
971,101,40.944,3,0.8516,0.4765
826,194,414.847,20,0.7202,0.1851
895,24,300.829,7,0.7184,0.0926
300,51,266.407,11,0.991,0.3787
317,144,521.749,9,0.647,0.022
324,22,637.336,15,0.622,0.0319
32,42,142.342,16,0.6237,0.273
170,192,572.428,1,0.5181,0.0184
309,117,122.523,16,0.4532,0.211
988,12,415.253,14,0.3498,0.0022
205,171,610.784,19,0.519,0.0457
508,105,652.252,2,0.3821,0.0091
548,96,222.426,2,0.4043,0.0
360,199,589.685,5,0.7066,0.0
919,63,632.789,9,0.4562,0.0
94,76,124.812,14,0.4171,0.1738
871,116,277.309,17,0.6686,0.272
744,49,559.011,14,0.3063,0.0061
306,26,11.09,10,0.7024,0.6658
768,28,450.738,3,0.5695,0.0
429,62,298.835,5,0.5007,0.0
971,16,372.851,9,0.3443,0.0
37,101,301.514,16,0.4677,0.0776
30,199,141.082,18,0.8303,0.525
545,51,251.214,2,0.5955,0.0332
932,9,620.026,19,0.7499,0.1293
64,8,440.087,8,0.8922,0.0738
778,34,343.891,13,0.8902,0.2679
939,118,508.505,14,0.8671,0.1411
487,95,132.694,8,0.3983,0.0784
867,81,60.559,4,0.7894,0.339
757,151,395.217,5,0.4278,0.0
215,79,8.776,17,0.7508,0.7291
855,124,107.142,14,0.6022,0.3564
700,200,516.424,8,0.955,0.0943
13,34,649.214,20,0.5663,0.0291
569,23,205.747,8,0.8698,0.2297
655,44,275.799,15,0.4568,0.0745
802,31,490.495,19,0.3176,0.0367
772,166,579.616,8,0.8308,0.0293
476,176,187.723,3,0.7951,0.0864
299,112,594.929,10,0.4338,0.0
192,27,700.346,9,0.4486,0.0097
90,171,63.787,11,0.928,0.7175
640,184,161.898,11,0.6041,0.2259
960,82,522.962,13,0.698,0.0443
81,135,26.908,2,0.3794,0.0888
703,122,204.853,18,0.3754,0.078
585,106,608.136,7,0.8286,0.0192
172,71,490.951,16,0.5189,0.0552
213,56,461.488,11,0.8135,0.0899
285,56,440.834,7,0.3702,0.0
685,72,361.623,19,0.3097,0.0052
299,152,552.17,6,0.5912,0.0
829,166,623.076,10,0.5742,0.0
370,23,572.888,6,0.9758,0.079
110,12,347.798,12,0.3214,0.0147
96,96,560.644,3,0.7325,0.0
401,154,543.974,14,0.8745,0.1191
408,113,328.422,1,0.5439,0.0
734,166,240.893,3,0.7801,0.0254
479,143,295.593,20,0.8524,0.4272
164,142,355.363,3,0.5034,0.0242
214,108,106.232,7,0.8594,0.4371
567,11,157.697,10,0.9784,0.4994
335,36,73.775,10,0.519,0.2696
672,149,52.516,13,0.4362,0.2906
924,62,407.823,2,0.941,0.0198
355,145,502.764,7,0.3146,0.0
552,68,441.994,9,0.3935,0.0548
832,3,523.506,2,0.5715,0.0
211,136,292.977,1,0.7784,0.0127
511,179,575.488,16,0.9511,0.204
306,90,538.458,18,0.6758,0.1268
627,27,512.068,14,0.8477,0.0891
744,83,551.637,20,0.4889,0.0704
141,193,167.026,19,0.7815,0.4799
188,64,410.212,20,0.4771,0.0583
24,15,558.067,16,0.9022,0.2044
13,154,71.635,4,0.5509,0.0969
51,48,178.268,15,0.809,0.4866
707,8,353.654,17,0.5706,0.1301
904,139,298.506,11,0.7048,0.138
410,68,658.316,7,0.7418,0.0
883,28,540.588,19,0.4622,0.0288
730,11,29.878,14,0.509,0.4567
808,37,335.288,14,0.4817,0.0672
740,30,549.162,19,0.6055,0.0969
200,3,481.853,3,0.334,0.0252
524,75,387.34,11,0.9943,0.206
526,166,61.798,16,0.5032,0.3249
642,80,658.94,9,0.6054,0.0
797,8,299.163,5,0.4919,0.0024
113,177,104.924,11,0.5734,0.2808
675,127,61.223,17,0.9337,0.7887
834,193,565.16,13,0.7862,0.0914
116,117,441.372,20,0.6485,0.1464
415,96,181.607,11,0.7779,0.2947
896,103,384.016,3,0.6473,0.0
25,2,681.483,3,0.4432,0.0153
161,76,355.297,2,0.5066,0.0268
804,89,281.561,15,0.6419,0.2249
172,60,221.993,16,0.8159,0.3898
702,168,131.649,1,0.3375,0.0044
902,192,655.496,16,0.5589,0.0382
499,96,124.037,14,0.3918,0.1599
485,158,39.796,14,0.7597,0.664
429,45,103.192,9,0.4527,0.175
373,185,131.805,10,0.5444,0.1794
381,141,306.16,1,0.5869,0.0
554,147,654.986,18,0.5963,0.0576
896,119,97.502,15,0.6854,0.4368
982,166,105.671,14,0.376,0.1473
866,107,315.163,20,0.8661,0.4097
120,193,650.765,18,0.6824,0.0628
307,133,667.572,5,0.6756,0.009
757,91,684.623,7,0.4963,0.0
546,42,91.79,6,0.3037,0.0
335,182,508.136,7,0.7263,0.0186
312,12,466.285,3,0.6342,0.0
118,9,22.426,13,0.5794,0.5432
333,7,484.22,3,0.6812,0.0
422,22,501.981,14,0.7957,0.1237
416,50,472.968,20,0.6828,0.1512
549,99,155.696,3,0.6021,0.0
273,56,239.634,6,0.9938,0.1741
206,91,398.93,4,0.7116,0.0
888,90,100.094,16,0.4908,0.2916
406,88,114.723,17,0.4577,0.2502
255,12,503.25,13,0.6321,0.0251
636,108,119.727,12,0.3928,0.1573
543,60,12.506,11,0.3199,0.2576
577,108,133.68,5,0.6914,0.1374
222,13,54.841,13,0.5863,0.4551
724,175,203.521,7,0.8675,0.2469
193,145,547.558,8,0.3036,0.0
837,70,566.093,17,0.8004,0.1629
425,72,51.839,18,0.7998,0.6943
410,64,410.821,5,0.8852,0.0304
389,199,63.851,13,0.8698,0.6751
423,141,135.109,13,0.9804,0.6478
666,93,564.741,19,0.3899,0.0424
497,130,699.86,11,0.5354,0.0178
127,13,195.93,9,0.9689,0.4007
567,166,559.381,20,0.8813,0.2816
268,120,246.605,19,0.8674,0.4995
109,62,564.992,16,0.6984,0.068
840,139,410.806,19,0.965,0.3966
313,2,393.582,15,0.6032,0.1258
596,99,582.414,7,0.541,0.0083
172,189,501.395,16,0.9912,0.2813
340,152,698.955,20,0.5396,0.0
386,9,261.441,19,0.933,0.5028
134,118,687.656,16,0.5693,0.0173
974,137,595.988,6,0.809,0.0
312,106,355.6,16,0.6399,0.1742
583,65,360.836,1,0.7151,0.0
566,136,649.456,13,0.932,0.1227
430,85,423.167,6,0.8055,0.0168
586,190,243.546,4,0.8606,0.0733
566,168,30.269,19,0.6165,0.5629
81,182,216.084,15,0.3709,0.0769
670,84,156.877,14,0.9446,0.575
115,136,93.337,13,0.984,0.7142
435,29,484.452,4,0.4998,0.0054
365,151,285.205,11,0.9114,0.2268
448,151,68.541,7,0.691,0.375
72,156,235.764,20,0.552,0.2423
702,5,101.529,13,0.3181,0.1118
419,92,431.196,18,0.8604,0.2918
61,55,307.663,4,0.9885,0.0185
4,184,672.662,6,0.4454,0.0
541,108,438.49,12,0.3049,0.0051
667,123,551.042,20,0.5286,0.0451
548,88,241.573,2,0.9389,0.0185
721,23,543.348,3,0.9072,0.0
757,125,529.176,15,0.607,0.0589
872,123,713.447,3,0.872,0.0
983,77,476.212,7,0.5049,0.0
885,126,659.672,14,0.7026,0.0352
796,79,624.246,9,0.7701,0.0
431,133,661.526,16,0.3788,0.0097
504,70,412.894,1,0.4091,0.0
617,155,161.657,13,0.3584,0.0634
170,178,421.427,13,0.9971,0.2894
678,97,663.643,6,0.5722,0.0
589,4,700.587,14,0.5213,0.0322
521,137,681.267,9,0.5418,0.0
835,188,317.865,18,0.9776,0.484
688,142,579.216,16,0.3178,0.0168
933,72,352.02,15,0.9493,0.29
977,113,498.197,11,0.7018,0.022
826,73,310.991,14,0.6768,0.1516
298,155,218.2,3,0.5424,0.0604
189,146,318.473,9,0.3201,0.0288
300,126,221.372,8,0.893,0.2824
713,78,304.977,2,0.6686,0.0
865,35,488.095,17,0.3036,0.011
881,124,144.938,13,0.7925,0.4227
684,68,487.397,7,0.5962,0.0442
682,181,53.469,1,0.576,0.0245
952,13,1.646,20,0.343,0.3339
686,170,168.176,14,0.7709,0.3862
141,156,146.098,17,0.7537,0.4855
501,104,599.955,2,0.9781,0.009
359,199,544.472,19,0.3756,0.0076
637,144,479.967,2,0.9617,0.0
636,9,508.649,19,0.6347,0.1261
295,79,477.519,12,0.3376,0.0015
300,169,595.132,18,0.8288,0.1409
89,156,384.638,19,0.5893,0.1464
294,33,13.194,18,0.363,0.3524
828,35,621.656,15,0.3886,0.0048
656,185,338.97,3,0.9743,0.0242
944,10,668.502,15,0.7579,0.0435
927,190,643.016,11,0.967,0.115
857,109,287.825,16,0.8433,0.3258
180,162,671.846,20,0.7383,0.1249
334,44,42.651,10,0.3831,0.2379
58,69,477.047,6,0.6152,0.0
94,146,490.833,15,0.4684,0.0164
232,33,604.974,5,0.4119,0.0438
281,21,339.704,10,0.6457,0.0479
16,122,173.587,15,0.5193,0.1811
843,2,32.287,19,0.9673,0.8773
528,188,336.716,15,0.3203,0.0421
656,136,326.631,15,0.3199,0.0233
654,143,256.92,11,0.7369,0.1866
967,101,458.406,7,0.3651,0.0
148,125,382.828,18,0.6878,0.1785
343,191,83.641,8,0.871,0.5234
309,1,35.123,5,0.3878,0.1556
552,50,641.338,13,0.3493,0.0
527,140,534.492,19,0.9661,0.2929
791,25,333.769,10,0.9019,0.1775
561,50,357.405,8,0.4726,0.0196
234,5,82.85,4,0.6377,0.169
565,12,190.096,17,0.4081,0.1594
965,89,593.926,13,0.8869,0.1076
579,133,91.402,4,0.4345,0.0634
593,21,75.541,13,0.8811,0.6555
176,197,402.08,8,0.4735,0.0
8,156,605.106,1,0.3771,0.0
210,133,273.278,13,0.4493,0.0508
26,15,465.207,8,0.6784,0.0
453,104,649.594,5,0.9196,0.0235
883,185,641.758,15,0.327,0.0
447,48,337.135,5,0.4002,0.0087
646,109,213.172,4,0.6872,0.0
856,113,413.05,4,0.3635,0.0047
764,140,665.461,18,0.5433,0.0558
651,184,490.381,9,0.5616,0.0596
785,27,687.746,12,0.6415,0.0
281,13,417.207,17,0.8029,0.2321
421,18,15.77,9,0.4723,0.3692
399,54,322.781,6,0.5294,0.0
799,71,650.406,20,0.603,0.0707
409,176,24.794,13,0.5746,0.5106
938,105,445.146,13,0.8015,0.1541
187,149,272.42,6,0.3321,0.0
173,116,290.912,19,0.4036,0.1128
717,191,408.871,7,0.3967,0.0198
765,66,296.629,20,0.6749,0.2682
680,134,662.541,13,0.3595,0.0189
308,55,219.007,10,0.3524,0.0175
10,47,546.803,15,0.8469,0.1681
322,197,66.751,8,0.9862,0.6997
467,5,239.981,17,0.3254,0.0472
413,55,114.09,18,0.4203,0.2063
923,78,158.664,2,0.6563,0.0
864,28,406.655,1,0.93,0.0079
776,155,246.596,2,0.6529,0.0003
23,72,35.578,10,0.5657,0.4531
128,92,621.718,14,0.8875,0.1023
434,61,486.446,13,0.8394,0.1445
622,179,687.777,6,0.8601,0.0
681,85,576.422,17,0.4639,0.0152
297,158,402.969,2,0.7552,0.0
111,125,331.739,14,0.4282,0.0
329,192,681.586,10,0.6194,0.0308
793,121,305.555,1,0.8873,0.0
987,198,392.555,18,0.8567,0.3086
942,140,240.623,14,0.6886,0.2333
594,12,202.416,12,0.839,0.3832
91,32,608.877,14,0.3472,0.0042
968,158,178.225,7,0.8809,0.2798
153,10,104.143,1,0.856,0.0091
269,39,524.324,8,0.8191,0.0412
975,159,605.714,6,0.4009,0.0026
504,71,667.997,14,0.4494,0.0151
198,44,480.419,10,0.4535,0.0074
503,40,251.159,20,0.7789,0.3589
79,64,367.933,13,0.4963,0.0097
316,168,134.521,14,0.3923,0.1287
953,92,153.108,14,0.694,0.3874
299,191,645.36,6,0.5498,0.0
893,144,611.238,11,0.6364,0.0
543,54,201.224,19,0.8114,0.4637
656,33,274.211,20,0.4623,0.1234
703,189,690.351,7,0.9345,0.0059
552,181,282.533,14,0.803,0.2999
35,25,236.096,2,0.8727,0.016
920,65,144.844,4,0.5891,0.0713
476,149,293.808,9,0.7105,0.0984
656,197,262.125,15,0.8493,0.37
554,181,529.194,4,0.333,0.0246
659,58,250.159,5,0.5565,0.0114
355,180,330.256,15,0.3804,0.0
844,146,231.718,4,0.8607,0.0439
225,93,230.29,2,0.9802,0.0509
654,76,181.257,13,0.9323,0.5075
578,163,358.892,11,0.9432,0.2246
504,168,309.182,11,0.5625,0.055
22,183,41.924,12,0.6644,0.5212
390,93,670.032,19,0.5726,0.0473
48,54,251.459,19,0.556,0.2265
504,175,545.555,12,0.3103,0.0
688,61,653.035,14,0.7135,0.0207
523,151,8.699,11,0.8692,0.8445
758,102,89.226,8,0.5781,0.2607
361,118,137.599,3,0.8955,0.0592
307,42,637.84,13,0.6126,0.0118
449,50,393.108,18,0.7476,0.2539
230,131,224.223,15,0.3083,0.0398
802,52,32.243,7,0.7345,0.5435
810,134,26.04,13,0.5059,0.425
417,199,416.021,9,0.8611,0.1239
793,17,506.397,20,0.301,0.0222
26,186,277.917,11,0.3766,0.0044
155,35,207.421,10,0.8724,0.3363
284,28,580.817,20,0.6123,0.0763
388,167,623.258,4,0.4877,0.0
232,41,276.417,6,0.3133,0.0246
513,130,538.825,5,0.5513,0.0126
794,22,626.071,14,0.856,0.0743
457,18,274.319,14,0.6709,0.2215
450,41,116.15,15,0.3823,0.1087
60,105,265.577,19,0.5607,0.1978
281,59,45.26,1,0.5416,0.0712
808,45,26.093,5,0.374,0.2593
811,168,594.012,8,0.5581,0.0
105,35,614.065,5,0.397,0.0661
20,20,466.249,1,0.7984,0.0147
832,23,616.906,5,0.4586,0.0
175,177,673.568,3,0.5019,0.0054
575,96,494.392,19,0.4061,0.0171
827,195,656.423,2,0.8563,0.0201
788,162,662.139,5,0.9507,0.0
551,57,197.975,6,0.4351,0.0258
377,159,683.983,15,0.6692,0.0331
774,92,708.376,14,0.9371,0.0575
695,113,201.786,18,0.9603,0.5753
839,106,451.952,3,0.397,0.0
514,152,158.933,18,0.7195,0.4297
942,42,283.807,8,0.6535,0.0895
770,12,449.51,17,0.5864,0.1046
64,147,27.437,12,0.8703,0.7716
294,191,465.596,10,0.3181,0.0
800,116,350.208,5,0.8893,0.0387
117,24,89.555,1,0.4644,0.0
709,23,493.064,6,0.4008,0.0
341,109,678.607,5,0.7413,0.0
208,180,2.12,12,0.959,0.9432
540,123,315.466,15,0.663,0.1905
932,61,91.259,14,0.9747,0.713
898,125,149.442,17,0.7298,0.4549
405,32,354.211,10,0.7173,0.16
4,96,210.093,5,0.4302,0.0
888,197,467.574,8,0.4038,0.0
898,126,190.476,7,0.7411,0.15
606,21,559.011,17,0.3436,0.0149
629,41,132.507,14,0.9814,0.6493
527,12,653.263,17,0.4947,0.0139
13,81,288.407,6,0.6244,0.0
160,48,40.403,6,0.4276,0.2159
144,196,72.249,17,0.6152,0.4322
915,64,383.957,15,0.4618,0.0275
50,7,655.989,1,0.8869,0.0298
557,87,371.289,13,0.3443,0.0
363,148,324.403,1,0.5913,0.0
7,138,556.529,2,0.8373,0.0147
920,196,163.678,2,0.9191,0.0158
19,74,487.344,2,0.9772,0.0145
856,105,157.546,10,0.3402,0.0919
778,112,608.717,1,0.392,0.0114
794,5,634.619,12,0.4735,0.0
162,2,140.498,3,0.9686,0.1538
882,160,103.8,5,0.9781,0.3953
599,77,520.944,3,0.7028,0.0
402,138,470.223,6,0.8136,0.0
682,189,447.781,3,0.6283,0.0
342,49,367.004,11,0.933,0.2271
280,155,93.359,9,0.3764,0.11
289,43,518.164,19,0.8617,0.2371
570,149,117.294,15,0.6344,0.3684
602,32,391.073,9,0.6184,0.0795
241,61,249.89,10,0.698,0.1393
246,95,239.121,1,0.6324,0.0344
947,98,599.312,12,0.8976,0.0877
515,7,328.747,12,0.4683,0.051
861,169,355.544,7,0.3886,0.0
331,2,645.31,7,0.748,0.0443
289,177,402.303,14,0.8259,0.1696
283,42,577.039,13,0.6467,0.0542
529,143,621.334,7,0.7558,0.0
780,143,500.683,16,0.6368,0.0483
501,92,104.129,7,0.8828,0.46
295,108,86.306,9,0.7977,0.4699
961,15,312.925,19,0.9721,0.477
573,181,45.964,14,0.7239,0.5917
395,24,216.866,9,0.7724,0.165
10,132,150.494,12,0.6722,0.2786
563,1,28.307,9,0.6808,0.5101
622,150,287.675,4,0.3547,0.0
929,72,179.713,2,0.6122,0.0404
231,97,73.851,17,0.4658,0.3461
163,5,525.949,19,0.9775,0.3481
1000,44,657.101,18,0.9281,0.2049
551,88,447.137,8,0.5867,0.0189
27,144,669.147,9,0.3759,0.0374
106,120,120.269,14,0.5693,0.2916
476,53,553.14,8,0.9957,0.093
618,120,294.493,14,0.3477,0.0299
244,45,352.717,10,0.9308,0.1925
366,112,478.452,18,0.3744,0.0207
737,109,564.259,18,0.69,0.1384
968,46,43.539,18,0.9077,0.8638
492,41,279.796,17,0.7328,0.2559
416,104,550.903,4,0.4219,0.0251
362,118,385.397,16,0.9969,0.3579
137,196,246.346,3,0.9027,0.0196
53,100,29.662,15,0.4058,0.3329
834,89,5.798,18,0.6622,0.6737
38,96,306.361,17,0.7544,0.2453
821,175,348.444,6,0.7131,0.0
248,62,165.409,15,0.5478,0.2387
695,77,575.83,17,0.8724,0.1365
952,74,521.028,1,0.4953,0.0047
749,125,135.9,9,0.5125,0.1752
730,140,135.762,4,0.6829,0.0969
265,97,622.758,7,0.3443,0.0097
599,53,661.822,18,0.3546,0.0
643,138,708.887,4,0.9766,0.0418
426,56,494.358,14,0.6037,0.0851
39,180,668.859,20,0.6948,0.1268
913,125,107.348,17,0.9933,0.7769
197,89,112.533,2,0.9828,0.066
974,47,30.386,19,0.8398,0.7435
933,152,387.969,11,0.7101,0.1197
19,122,159.707,20,0.4741,0.2229
740,177,409.76,15,0.4273,0.0
635,142,6.027,16,0.3835,0.307
231,158,381.086,9,0.5618,0.051
813,19,640.072,4,0.4849,0.028
112,5,522.794,6,0.891,0.0708
249,132,264.561,11,0.9438,0.3319
949,1,49.602,4,0.7235,0.3568
743,179,176.87,1,0.7568,0.0
113,177,362.666,4,0.6746,0.0291
145,118,185.674,16,0.3775,0.1001
258,146,559.115,19,0.9001,0.2295
71,85,673.355,17,0.3272,0.0
183,192,127.288,9,0.7725,0.3581
572,8,4.513,11,0.4166,0.4081
8,59,60.99,1,0.8461,0.0332
288,140,578.155,11,0.7557,0.0063
315,158,39.143,8,0.4724,0.3275
971,49,537.467,8,0.8442,0.0424
975,161,292.047,13,0.8489,0.2748
846,93,307.053,9,0.6496,0.1082
342,172,526.29,13,0.6845,0.0522
528,54,230.762,17,0.3744,0.0876
505,139,583.648,2,0.5988,0.0
861,42,68.393,19,0.762,0.6055
746,28,517.574,6,0.3482,0.0103
907,142,650.699,15,0.5514,0.0138
552,137,118.68,15,0.6154,0.375
920,59,399.721,20,0.7977,0.2267
744,121,461.684,20,0.5586,0.1157
739,189,96.021,5,0.9482,0.4038
662,67,391.375,11,0.8623,0.189
336,101,182.027,19,0.6512,0.3497
609,42,542.699,2,0.7983,0.0151
357,104,409.192,13,0.518,0.0559
650,178,295.903,18,0.645,0.2468
255,128,534.751,10,0.7001,0.0372
800,29,527.047,9,0.4983,0.0042
572,149,151.938,9,0.8919,0.4005
711,85,18.933,15,0.6867,0.6628
222,4,179.145,4,0.6232,0.0236
792,125,635.52,5,0.5208,0.0
803,60,286.025,2,0.9217,0.0203
146,195,145.451,18,0.516,0.2972
351,200,265.896,16,0.3867,0.1036
678,135,276.178,6,0.3606,0.0434
874,127,327.204,13,0.9026,0.2872
738,61,324.297,14,0.5235,0.0993
472,15,214.977,5,0.7531,0.123
300,13,215.979,9,0.9956,0.3907
910,93,575.923,8,0.4841,0.0417
875,64,477.55,8,0.7428,0.0506
897,193,489.326,14,0.6823,0.0617
305,59,137.577,4,0.3471,0.0
437,43,714.145,5,0.542,0.0
244,164,63.044,17,0.3892,0.2563
955,168,491.58,4,0.4693,0.0
868,76,535.388,9,0.9014,0.0413
174,17,192.733,15,0.5316,0.1888
248,20,55.968,9,0.3193,0.1207
553,105,531.062,10,0.9207,0.0537
416,174,407.424,3,0.9459,0.0279
460,78,695.269,9,0.6802,0.0
368,4,524.071,3,0.5473,0.0
674,75,669.407,4,0.8692,0.0312
899,1,456.876,8,0.3693,0.0
918,85,358.819,13,0.7292,0.1699
456,95,680.237,1,0.4033,0.0
828,147,589.66,3,0.9019,0.0033
695,14,25.721,12,0.8371,0.7685
197,97,420.003,13,0.9299,0.2038
795,36,108.005,4,0.9769,0.3348
351,94,682.575,2,0.8579,0.0131
628,198,486.794,15,0.4871,0.0392
721,149,325.245,20,0.7328,0.3186
944,169,691.127,13,0.9556,0.1155
949,8,242.505,5,0.4333,0.0038
803,153,320.063,10,0.4339,0.0
506,174,287.624,18,0.8231,0.4147
401,135,95.377,5,0.7399,0.2398
442,157,108.344,2,0.6162,0.0
951,10,425.729,16,0.3634,0.0587
206,148,50.526,14,0.8332,0.7111
525,168,670.414,20,0.5369,0.0408
680,47,236.239,10,0.9368,0.3262
23,95,231.434,15,0.7168,0.3148
635,85,101.0,10,0.8282,0.5541
261,20,253.011,15,0.4268,0.0728
281,26,497.782,14,0.7732,0.0936
622,61,689.296,4,0.9777,0.0
9,22,139.067,17,0.4567,0.1822
157,101,128.281,9,0.8186,0.3928
455,12,100.521,10,0.5851,0.3175
585,3,413.487,2,0.3703,0.0048
110,126,84.633,6,0.9263,0.5024
362,51,63.905,2,0.6043,0.0921
308,76,535.76,19,0.5427,0.0554
535,68,571.193,9,0.8543,0.01
301,94,226.829,3,0.309,0.0
2,93,418.863,6,0.7129,0.0088
531,27,534.639,14,0.337,0.0235
849,1,35.723,13,0.9593,0.8703
585,89,457.167,13,0.9296,0.141
362,114,206.419,19,0.7536,0.3743
483,154,294.86,20,0.669,0.2959
141,40,256.806,9,0.8456,0.178
237,17,517.346,15,0.7935,0.1555
438,120,337.784,3,0.5997,0.0
593,181,547.369,2,0.413,0.0449
487,48,227.144,5,0.8896,0.1076
963,18,389.948,8,0.7837,0.0878
638,81,653.08,10,0.5198,0.0074
23,113,315.697,20,0.6036,0.2415
525,125,415.151,10,0.8105,0.1332
583,23,482.928,10,0.7443,0.0473
44,132,656.908,11,0.9433,0.0311
386,69,458.199,2,0.3207,0.0
872,7,441.117,19,0.7398,0.1767
357,185,600.222,6,0.5691,0.0
457,108,714.121,19,0.5023,0.0609
222,62,647.283,15,0.9299,0.1215
77,164,90.35,13,0.6004,0.3802
319,160,487.205,18,0.5965,0.053
773,42,236.911,4,0.4945,0.0
984,193,298.709,15,0.8212,0.3003
661,107,464.825,4,0.609,0.0
831,53,104.909,20,0.5756,0.3616
650,90,498.882,6,0.7845,0.0264
659,38,211.676,7,0.7331,0.1522
427,170,589.938,15,0.9957,0.1853
62,54,267.935,9,0.5174,0.0
411,88,36.448,17,0.9537,0.8843
865,14,431.323,8,0.6527,0.0282
537,189,539.967,14,0.3194,0.0365
762,61,444.218,4,0.8021,0.0
51,131,560.834,17,0.5698,0.0953
202,71,579.069,1,0.915,0.0
299,113,30.905,5,0.588,0.4356
360,113,1.829,16,0.383,0.3602
988,59,161.891,14,0.773,0.4247
462,87,162.179,4,0.5401,0.0
663,120,405.542,6,0.7339,0.01
645,44,165.337,6,0.5041,0.0472
419,27,263.008,14,0.5358,0.1345
967,36,326.909,7,0.6659,0.0269
223,84,432.795,1,0.6595,0.0
35,43,717.657,8,0.9963,0.0516
746,57,495.881,13,0.6776,0.0479
654,138,191.737,8,0.7229,0.1709
261,135,252.899,18,0.8991,0.4792
868,189,31.911,14,0.3056,0.2261
163,153,302.348,6,0.9592,0.1037
251,85,424.385,13,0.5348,0.0437
155,186,683.617,18,0.878,0.1109
187,185,193.286,20,0.715,0.456
730,45,175.7,2,0.8973,0.0019
704,35,12.9,6,0.5683,0.4626
643,177,413.97,14,0.8975,0.2331
861,179,717.029,1,0.9521,0.0
70,170,267.501,9,0.5088,0.0349
621,93,358.701,12,0.7345,0.1653
116,173,42.401,1,0.4461,0.0091
956,154,411.397,3,0.7619,0.0
634,149,151.646,13,0.9503,0.5406
760,121,11.622,10,0.7535,0.715
572,54,492.526,4,0.8144,0.0
384,150,106.799,1,0.9141,0.0
686,176,73.278,10,0.7753,0.5313
836,177,164.67,19,0.4764,0.2444
179,120,99.458,5,0.7634,0.2393
872,8,448.651,9,0.9493,0.0679
727,149,192.654,3,0.8062,0.0198
86,51,483.278,8,0.4876,0.0181
937,42,393.326,3,0.9298,0.0109
181,16,254.939,5,0.9475,0.0832
602,32,139.706,13,0.4658,0.1873
130,99,484.534,10,0.5569,0.0
197,56,377.827,4,0.3785,0.0
643,77,519.151,3,0.9489,0.0366
680,103,364.657,7,0.7046,0.0616
687,106,577.587,17,0.5275,0.0129
344,84,396.039,5,0.4907,0.0133
821,91,585.7,7,0.6961,0.0
50,178,396.023,3,0.9783,0.0397
855,57,692.474,13,0.6252,0.034
303,3,614.371,1,0.9865,0.0053
621,161,183.338,4,0.8191,0.0458
906,17,524.399,10,0.7932,0.0775
256,155,95.463,14,0.4074,0.2111
412,66,656.032,16,0.4366,0.0216
829,169,249.12,15,0.8172,0.3798
865,34,344.009,2,0.4157,0.015
236,33,15.3,12,0.6852,0.603
509,82,624.756,4,0.6589,0.0283
334,84,682.596,12,0.8069,0.0234
517,144,339.026,18,0.6854,0.2103
380,130,135.698,1,0.4527,0.0
6,199,499.684,19,0.8466,0.1987
925,136,214.163,19,0.8491,0.4689
638,41,691.224,20,0.3277,0.0
462,18,224.377,1,0.6794,0.0
108,54,414.733,13,0.3573,0.0058
72,197,36.076,6,0.3813,0.2176
479,154,712.667,1,0.3397,0.047
650,149,415.047,2,0.8317,0.0139
261,55,702.239,3,0.697,0.0421
745,94,216.867,9,0.6544,0.1114
393,141,379.792,5,0.4491,0.0445
12,190,13.729,2,0.316,0.1199
538,117,555.106,8,0.4561,0.0564
182,5,120.297,10,0.5239,0.177
15,171,306.524,8,0.905,0.1819
131,187,482.591,13,0.4029,0.0
285,7,59.587,4,0.4469,0.0832
515,79,564.318,7,0.3966,0.0559
990,196,580.27,4,0.8478,0.0
219,191,382.768,5,0.4009,0.0064
58,193,435.77,20,0.3707,0.0027
192,196,68.288,13,0.6571,0.4718
320,5,323.42,2,0.6544,0.0508
206,31,605.704,4,0.6106,0.0071
322,100,64.761,1,0.8986,0.0313
970,121,711.876,18,0.6897,0.0534
380,81,350.117,1,0.3166,0.0
635,54,9.704,2,0.5213,0.3549
685,51,245.061,12,0.8427,0.3171
131,121,360.692,10,0.399,0.0292
248,196,690.492,5,0.8922,0.0
416,166,507.915,10,0.6601,0.0417
461,35,418.555,10,0.5307,0.0
14,30,695.909,3,0.454,0.0049
645,53,212.736,10,0.5255,0.0785
301,147,273.696,17,0.3378,0.0421
323,2,553.23,19,0.6911,0.1323
604,141,428.231,13,0.4793,0.0617
949,117,158.066,4,0.9124,0.1432
865,132,540.892,16,0.3999,0.0206
980,173,192.758,7,0.6248,0.1046
414,119,402.613,4,0.8069,0.0
120,125,616.564,14,0.8268,0.0965
216,97,198.437,4,0.4546,0.0558
344,131,548.158,11,0.9664,0.1364
301,77,620.23,11,0.9642,0.0744
208,14,228.688,12,0.5909,0.1438
151,6,141.96,8,0.6213,0.1749
187,143,623.413,10,0.534,0.0204
659,128,336.076,3,0.5773,0.0019
491,82,224.52,17,0.8536,0.4113
38,150,7.969,14,0.657,0.6508
564,95,140.088,3,0.9261,0.1273
843,51,369.393,17,0.5876,0.126
426,118,596.947,20,0.7855,0.1667
319,76,361.905,16,0.8141,0.2347
273,196,199.417,4,0.5341,0.0487
380,145,669.013,14,0.9381,0.076
279,150,266.168,4,0.6564,0.0084
925,138,117.691,16,0.655,0.4107
993,137,680.676,5,0.3348,0.0
344,155,285.732,19,0.8948,0.4458
924,87,347.594,15,0.7272,0.168
854,165,597.558,17,0.4605,0.0051
76,7,207.53,12,0.5203,0.106
491,134,380.914,3,0.5569,0.0
657,108,623.793,3,0.8841,0.0356
423,2,184.772,17,0.8642,0.5248
457,133,643.943,18,0.6784,0.0437
495,1,138.27,8,0.8492,0.3573
689,141,615.237,20,0.6972,0.1102
294,105,283.602,6,0.4038,0.0
597,122,394.896,10,0.4551,0.0009
244,122,397.235,9,0.5269,0.0484
890,61,147.933,1,0.4593,0.0
85,125,124.97,6,0.9298,0.3762
67,45,512.365,11,0.4367,0.0
38,152,594.388,1,0.3675,0.0074
350,19,99.031,12,0.8846,0.5782
607,29,541.234,11,0.3987,0.0184
986,141,235.714,4,0.3032,0.0492
455,12,428.192,11,0.7752,0.0943
183,195,385.169,1,0.4053,0.0334
369,7,535.363,13,0.5781,0.047
128,106,390.415,10,0.5274,0.0356
472,197,67.713,8,0.9735,0.6515
729,135,201.385,18,0.369,0.1321
36,127,286.805,17,0.34,0.0537
778,139,412.069,5,0.8444,0.0
229,142,122.456,11,0.5333,0.2005
673,33,243.282,8,0.694,0.0979
816,62,45.983,18,0.3069,0.1953
777,39,232.584,19,0.9925,0.5902
670,43,369.028,17,0.7562,0.2431
694,42,674.276,13,0.759,0.0384
188,128,128.385,20,0.8248,0.6018
136,187,20.373,12,0.5543,0.4568
382,112,271.891,13,0.5812,0.1558
609,4,437.66,7,0.6064,0.0303
619,139,437.691,15,0.8556,0.259
777,109,249.126,20,0.3587,0.0584
309,156,27.559,12,0.5021,0.3862
866,76,661.657,14,0.8467,0.0498
450,86,361.533,6,0.3482,0.031
247,132,559.211,3,0.9637,0.0
736,142,286.071,8,0.6869,0.0675
128,45,598.714,1,0.3854,0.0
406,118,565.083,20,0.4378,0.0317
782,193,69.062,13,0.444,0.2753
772,13,37.386,15,0.4304,0.3497
257,67,108.067,6,0.6633,0.2115
167,107,592.534,13,0.8663,0.0681
32,186,194.421,3,0.4139,0.0133
90,194,285.267,19,0.3353,0.0534
826,118,416.645,15,0.3239,0.0103
784,110,469.527,6,0.3876,0.0
506,83,307.265,18,0.4411,0.098
571,90,323.674,11,0.5868,0.0934
327,147,236.59,9,0.8197,0.1945
193,109,68.156,11,0.317,0.1067
12,111,107.213,7,0.498,0.1569
672,169,640.782,9,0.3179,0.0
36,28,701.905,3,0.9941,0.0
106,192,594.414,2,0.7855,0.0
793,141,220.522,14,0.4393,0.0772
583,118,128.823,13,0.3714,0.1405
490,116,366.863,1,0.4981,0.0289
219,116,68.572,8,0.8155,0.5513
150,114,658.816,14,0.9982,0.1166
467,71,553.079,3,0.4862,0.0373
359,148,701.016,20,0.8683,0.1294
535,51,616.327,7,0.8816,0.0199
166,131,294.639,8,0.7736,0.1111
232,106,226.578,13,0.6596,0.2572
113,74,600.716,15,0.9499,0.1766
425,161,423.493,7,0.7598,0.0698
277,64,632.718,2,0.6644,0.0
224,132,234.48,11,0.7274,0.2359
550,51,393.682,7,0.8409,0.0803
498,41,333.151,5,0.392,0.014
211,116,132.343,10,0.8831,0.4524
700,196,389.803,4,0.894,0.0027
344,60,60.509,13,0.5465,0.399
342,23,270.31,14,0.3452,0.0529
478,25,384.302,6,0.8453,0.0121
140,99,105.001,9,0.9127,0.5074
421,157,542.751,13,0.705,0.0916
583,143,137.789,18,0.8236,0.5839
129,42,524.687,15,0.8348,0.1778
565,167,17.736,18,0.503,0.5095
39,33,496.15,4,0.3792,0.004
604,112,288.599,7,0.915,0.1012
36,170,568.984,17,0.4753,0.0617
176,162,404.835,5,0.6037,0.0
351,141,273.941,14,0.9126,0.4167
615,67,478.105,2,0.5244,0.0
719,154,279.599,20,0.5915,0.2453
469,78,256.787,7,0.3202,0.0
132,71,306.739,16,0.3535,0.0743
388,107,511.632,16,0.7619,0.0941
787,124,442.95,16,0.9616,0.2916
91,42,659.93,6,0.3852,0.0
716,187,0.768,1,0.9368,0.8893
386,174,116.306,20,0.3795,0.2001
4,57,355.947,9,0.9177,0.1339
695,49,482.314,14,0.922,0.187
27,14,64.993,7,0.3215,0.1002
370,82,212.18,20,0.5425,0.2188
196,35,711.777,16,0.4505,0.0047
584,187,236.24,14,0.9884,0.5032
57,180,273.997,14,0.5068,0.0791
92,166,172.306,2,0.684,0.0059
532,57,13.047,11,0.5966,0.522
994,139,205.842,6,0.668,0.1193
40,99,116.381,8,0.7724,0.3627
461,55,274.647,11,0.5515,0.0503
803,107,167.741,3,0.9273,0.1211
291,34,291.076,16,0.4618,0.0985
493,193,194.373,7,0.9046,0.2299
839,33,659.28,10,0.6948,0.0745
728,61,210.152,13,0.948,0.462
294,45,136.205,2,0.8869,0.0
751,105,548.782,6,0.8288,0.0393
676,135,584.551,5,0.536,0.0076
507,192,405.583,3,0.4533,0.0341
442,78,248.623,14,0.9333,0.4256
926,41,600.721,1,0.404,0.0
875,5,482.471,4,0.3201,0.0
991,120,274.655,19,0.8866,0.43
676,196,282.301,13,0.8731,0.2923
360,13,2.26,5,0.9422,0.8832
110,200,42.063,16,0.8208,0.6991
126,53,97.501,19,0.8868,0.6922
952,182,178.417,8,0.3905,0.0287
364,14,666.808,1,0.7258,0.0
111,179,591.653,11,0.9407,0.0591
224,67,29.838,9,0.9331,0.8005
21,55,11.234,5,0.929,0.8229
532,42,422.13,10,0.7983,0.1011
591,27,271.379,8,0.5552,0.0288
379,160,577.377,8,0.4355,0.0
745,14,700.488,6,0.3554,0.0095
481,93,356.118,2,0.3677,0.0241
960,190,128.145,7,0.4104,0.0653
764,82,642.85,18,0.694,0.0376
76,166,304.277,19,0.3207,0.0745
275,139,300.63,19,0.4232,0.1139
755,160,506.97,6,0.5503,0.0
538,190,266.655,16,0.7504,0.3038
754,20,169.471,1,0.8971,0.0
336,61,534.151,3,0.5856,0.0
39,65,134.212,16,0.5459,0.3053
785,14,28.756,6,0.6631,0.4954
786,22,358.541,18,0.7174,0.2337
640,22,24.917,6,0.5508,0.4131
405,190,569.584,13,0.7521,0.1014
9,172,703.743,19,0.5799,0.0571
728,118,683.045,11,0.4369,0.0018
661,170,107.641,16,0.8929,0.644
668,69,671.065,20,0.4449,0.0151
171,96,80.966,9,0.8533,0.5417
732,177,255.497,10,0.7105,0.1609
725,30,61.178,11,0.8289,0.5938
858,30,592.414,14,0.3058,0.0015
568,106,161.483,16,0.4516,0.2091
732,51,478.896,5,0.6091,0.0016
402,134,549.254,2,0.9071,0.0
697,128,274.458,9,0.3713,0.0
695,67,568.391,8,0.6964,0.0
780,24,234.76,11,0.8885,0.2941
857,17,107.151,2,0.3111,0.0
4,89,331.365,4,0.326,0.0
779,65,511.576,19,0.5776,0.07
793,7,29.066,12,0.3642,0.2772
546,139,580.593,9,0.3599,0.029
520,192,184.434,13,0.4493,0.1363
723,196,490.631,4,0.6343,0.0413
456,24,82.557,7,0.5333,0.1717
414,39,280.713,20,0.9807,0.5457
804,87,335.102,5,0.6132,0.0
790,183,337.545,18,0.703,0.247
207,115,197.094,4,0.5631,0.0
830,92,381.262,11,0.3728,0.0108
327,186,200.065,17,0.5936,0.248
138,133,120.321,19,0.6156,0.4115
879,197,96.441,4,0.9662,0.3725
239,173,644.245,4,0.9255,0.0
203,200,94.499,8,0.3032,0.0496
270,112,284.841,16,0.4937,0.1526
492,75,181.743,3,0.7035,0.0441
167,13,443.745,16,0.7946,0.1997
160,146,249.273,11,0.613,0.1098
393,54,206.504,12,0.7984,0.3066
218,3,697.704,14,0.8032,0.0638
194,161,717.659,8,0.7976,0.0042
913,85,95.92,8,0.4765,0.1379
596,111,498.96,6,0.3063,0.0
14,157,640.738,2,0.4357,0.0601
102,66,699.018,13,0.5461,0.0192
814,164,214.983,14,0.6136,0.1776
270,117,564.9,7,0.3626,0.0421
153,114,236.305,20,0.7863,0.4055
666,54,447.738,3,0.4005,0.0459
839,158,369.577,18,0.5011,0.1145
399,49,509.541,18,0.5259,0.0
743,124,657.19,2,0.7114,0.0
422,166,81.642,16,0.8138,0.626
109,24,160.832,4,0.5164,0.0315
798,81,421.948,6,0.8866,0.0478
919,136,257.516,14,0.5487,0.1609
985,55,401.879,1,0.8646,0.0
101,6,563.715,5,0.4116,0.0
566,82,503.781,5,0.5511,0.0
624,100,552.06,1,0.7081,0.0
80,185,116.474,12,0.6528,0.3425
952,162,22.347,14,0.553,0.5205
103,37,627.708,14,0.4484,0.0447
269,56,325.37,15,0.6529,0.1514
969,38,457.868,9,0.3647,0.0112
557,183,52.982,8,0.577,0.3228
680,71,509.706,18,0.3495,0.0353
494,179,73.643,1,0.603,0.0
753,13,566.992,6,0.974,0.0067
82,112,44.187,7,0.6398,0.4406
676,15,60.363,19,0.7111,0.5794
67,111,247.505,4,0.6514,0.0241
180,3,153.049,13,0.4525,0.1439
507,32,708.811,7,0.3757,0.0104
449,30,325.225,15,0.5336,0.0979
153,142,337.832,8,0.6601,0.0742
799,129,33.941,11,0.7879,0.65
302,112,354.056,3,0.7532,0.0198
867,40,46.513,20,0.6694,0.5784
15,54,452.428,2,0.5488,0.0105
238,76,706.731,4,0.4818,0.0
297,196,237.632,9,0.8203,0.2533
596,142,581.886,10,0.9235,0.0795
402,7,695.179,10,0.7423,0.0
158,7,696.952,6,0.3702,0.0226
572,70,537.192,5,0.8565,0.0534
959,42,626.452,6,0.7132,0.0
134,82,253.373,10,0.7577,0.1641
253,200,420.584,17,0.7842,0.2467
479,40,477.447,3,0.6236,0.0
727,120,156.9,12,0.6572,0.3109
137,97,226.0,9,0.5185,0.0749
232,132,260.548,3,0.7382,0.0
236,110,47.775,9,0.6461,0.4601
617,104,328.987,19,0.5398,0.1698
83,56,564.119,4,0.4613,0.0109
660,194,468.018,3,0.7395,0.0
426,54,450.284,20,0.6141,0.1241
329,29,436.458,15,0.4425,0.0531
863,20,16.709,9,0.8455,0.8159
819,14,2.871,14,0.6781,0.688
803,71,122.182,13,0.7425,0.4983
886,164,657.617,17,0.6939,0.0625
234,31,617.198,8,0.7379,0.0277
856,1,415.503,13,0.3623,0.0171
176,106,277.798,4,0.5001,0.0492
331,113,693.823,8,0.8414,0.0129
556,113,47.977,3,0.8588,0.424
745,1,70.378,5,0.3356,0.0566
578,41,447.319,16,0.8132,0.1769
560,70,394.439,11,0.459,0.0618
377,148,706.545,2,0.8841,0.0
593,131,577.928,1,0.571,0.0048
476,163,675.549,20,0.5093,0.0098
478,110,519.763,11,0.5039,0.0342
586,81,667.369,8,0.7789,0.0
601,112,494.655,4,0.7765,0.0
330,77,378.725,5,0.7206,0.0387
136,32,417.835,13,0.9658,0.2431
300,116,648.92,2,0.5156,0.0
409,59,75.806,9,0.7296,0.4228
161,53,407.292,16,0.6086,0.1204
178,143,282.733,16,0.697,0.2647
951,14,477.495,9,0.4026,0.0129
281,5,434.926,12,0.9405,0.1452
739,72,288.025,14,0.9107,0.3842
128,120,496.459,10,0.9693,0.1235
973,168,386.143,15,0.8163,0.2078
213,104,135.387,14,0.792,0.4795
394,52,459.584,7,0.3371,0.0
782,69,19.695,5,0.6092,0.4809
202,76,592.639,6,0.3252,0.0
550,67,652.717,19,0.9496,0.2315
786,134,56.577,3,0.7131,0.2483
24,160,185.253,2,0.3428,0.0076
26,142,91.745,15,0.719,0.519
789,77,555.83,7,0.7521,0.0306
263,58,51.621,16,0.9865,0.8307
910,16,389.829,2,0.7598,0.0255
928,160,279.819,17,0.8656,0.3478
881,193,540.75,12,0.8429,0.0876
997,11,460.355,1,0.8052,0.0351
824,27,392.043,8,0.3757,0.0072
384,43,362.766,1,0.5341,0.0
993,160,558.128,2,0.8274,0.0
346,44,343.857,2,0.9254,0.0
587,3,302.551,14,0.4144,0.0918
6,68,18.716,10,0.3001,0.1943
963,73,193.727,20,0.8955,0.5412
592,80,266.62,14,0.4653,0.0422
949,104,416.916,3,0.6684,0.0402
353,49,484.87,18,0.994,0.3151
314,6,693.16,5,0.8225,0.0176
523,22,199.581,7,0.4137,0.039
864,147,392.207,6,0.9488,0.0678
549,132,544.47,8,0.451,0.0045
793,53,223.921,14,0.8782,0.4163
215,189,395.166,4,0.3077,0.0322
776,109,301.642,8,0.4647,0.0167
733,160,286.321,18,0.3775,0.0491
897,159,45.599,16,0.6902,0.6128
58,61,17.938,6,0.7222,0.6204
385,119,213.017,10,0.7947,0.2055
89,119,656.892,14,0.5052,0.0
401,92,139.2,1,0.9643,0.0
759,128,45.829,16,0.3095,0.2471
641,68,446.741,4,0.5236,0.0017
753,20,690.171,8,0.3411,0.0
738,10,41.632,7,0.557,0.3303
993,90,536.856,3,0.9623,0.0013
880,183,78.566,13,0.5111,0.337
587,43,97.872,7,0.5137,0.2094
876,119,674.012,14,0.5051,0.0
48,33,505.021,7,0.8782,0.0339
722,127,402.916,13,0.7126,0.1062
523,37,118.966,20,0.5918,0.3867
957,89,402.74,2,0.557,0.0
504,162,45.304,2,0.7782,0.195
179,75,284.293,8,0.9876,0.2301
725,187,507.352,16,0.6151,0.0624
951,10,409.411,13,0.4573,0.0459
17,17,486.281,20,0.578,0.1031
65,34,83.848,13,0.4257,0.2676
662,49,546.311,18,0.763,0.1776
556,86,688.545,12,0.3153,0.0511
549,183,653.465,4,0.6084,0.0
91,49,63.769,9,0.3204,0.1599
573,72,71.44,13,0.3242,0.1634
569,9,369.866,1,0.5654,0.0148
850,143,377.562,8,0.8286,0.078
391,110,617.202,12,0.7674,0.0517
348,10,265.908,9,0.9296,0.2383
82,93,370.666,6,0.5999,0.0408
567,44,147.06,9,0.4136,0.0605
649,85,681.575,8,0.3531,0.0012
281,57,87.504,15,0.4721,0.3001
732,157,650.981,12,0.6518,0.0124
939,12,641.347,19,0.4948,0.0543
175,120,36.821,10,0.8312,0.6832
573,159,558.413,13,0.7617,0.0687
695,1,243.348,9,0.5997,0.1235
19,181,162.175,15,0.7995,0.4438
180,153,290.055,9,0.6226,0.0988
396,56,665.27,16,0.3306,0.0195
138,97,287.512,16,0.8162,0.3776
356,137,175.126,5,0.7628,0.0996
148,104,377.945,10,0.6649,0.0555
897,152,295.223,16,0.4024,0.0673
600,178,14.18,13,0.6603,0.6099
330,72,134.54,13,0.4821,0.209
779,22,12.898,2,0.9802,0.7502
19,87,376.219,18,0.6256,0.1265
597,120,461.935,13,0.8495,0.1302
684,156,517.34,2,0.7001,0.0438
810,57,150.086,2,0.8744,0.0148
223,186,579.708,5,0.6248,0.0117
592,8,296.241,16,0.7041,0.2206
768,117,35.886,14,0.6378,0.5214
798,88,667.979,1,0.9603,0.0277
176,139,499.433,7,0.3901,0.0075
977,57,405.258,15,0.5445,0.0465
274,187,29.434,5,0.6857,0.4854
391,1,10.555,11,0.3627,0.3356
193,164,406.899,16,0.8884,0.3129
150,99,632.787,15,0.9101,0.0818
256,104,466.348,20,0.4454,0.0783
136,63,4.487,5,0.9583,0.9128
733,79,459.555,11,0.7299,0.1168
598,87,251.324,11,0.7151,0.2307
391,63,88.301,9,0.544,0.3029
548,3,584.415,17,0.6987,0.0804
605,81,415.257,8,0.4806,0.0
185,81,521.583,5,0.3243,0.001
297,145,119.265,1,0.8149,0.0
883,95,84.053,1,0.9705,0.0255
13,110,370.69,2,0.3626,0.0
957,94,380.302,16,0.7172,0.1708
965,85,419.288,12,0.479,0.0591
254,144,535.976,15,0.5624,0.0466
321,136,477.958,5,0.4974,0.0
207,199,487.066,4,0.3475,0.0152
561,100,126.411,16,0.9906,0.6951
214,6,301.329,7,0.7017,0.0845
791,118,432.184,16,0.6938,0.1617
388,80,373.664,9,0.7044,0.0774
968,20,219.397,3,0.3582,0.0441
854,172,679.902,1,0.577,0.0
402,127,101.368,2,0.9472,0.1517
596,126,701.749,8,0.6856,0.0161
25,128,563.194,7,0.5787,0.0221
68,197,429.45,2,0.449,0.0
507,138,92.216,5,0.4733,0.0901
473,143,406.231,20,0.8633,0.3179
399,151,63.772,13,0.7481,0.5413
91,145,671.022,20,0.5299,0.0148
840,141,205.993,11,0.9285,0.4313
407,16,287.951,12,0.314,0.0296
471,81,458.659,10,0.8337,0.102
404,56,13.987,10,0.6711,0.6681
498,179,390.425,7,0.9262,0.0886
649,117,514.826,20,0.913,0.3174
764,104,149.627,2,0.5234,0.0094
550,105,111.311,14,0.3243,0.102
166,137,351.365,18,0.9103,0.3733
875,153,386.554,3,0.8786,0.0195
285,41,316.4,19,0.412,0.0376
17,199,213.189,5,0.6732,0.0549
40,153,295.374,20,0.5628,0.2013
774,42,225.195,14,0.809,0.3357
387,122,180.131,10,0.9091,0.3651
23,86,340.186,19,0.7372,0.2819
812,76,285.166,4,0.9647,0.0475
305,174,313.764,7,0.3361,0.0314
978,58,0.666,12,0.5781,0.5802
880,168,498.9,3,0.5444,0.0
49,128,34.226,4,0.4781,0.2276
691,164,149.222,16,0.5532,0.2935
604,150,578.584,3,0.389,0.0
172,125,708.597,5,0.6513,0.0
344,39,713.868,18,0.5247,0.0396
491,199,426.61,2,0.7127,0.0279
147,129,187.149,13,0.5985,0.2137
722,72,601.163,14,0.3032,0.0104
278,52,468.41,2,0.67,0.0
938,24,710.067,11,0.686,0.0
802,64,395.579,9,0.8912,0.1258
635,27,379.08,9,0.5022,0.0201
120,178,32.011,7,0.8193,0.6591
25,88,140.372,2,0.9132,0.0493
146,126,480.35,11,0.7837,0.1356
500,161,715.519,1,0.3779,0.0
782,193,342.713,9,0.5941,0.0573
153,91,21.434,9,0.5801,0.4752
708,11,287.966,13,0.4748,0.0475
48,123,91.382,13,0.5375,0.3223
266,190,691.018,16,0.7906,0.0877
599,72,102.174,18,0.5644,0.3912
829,21,85.301,11,0.4405,0.2146
777,143,329.861,12,0.8585,0.205
533,125,390.407,11,0.5714,0.0121
37,31,516.597,10,0.5981,0.0019
294,1,265.263,12,0.3587,0.0452
784,105,645.882,4,0.8513,0.025
82,30,431.195,1,0.3592,0.0
707,38,34.514,4,0.7002,0.4128
704,62,25.083,4,0.8318,0.5996
752,94,337.782,13,0.3875,0.0312
218,164,316.668,3,0.5119,0.0
245,87,325.982,8,0.9923,0.1417
199,168,41.648,3,0.6123,0.2285
394,121,38.83,4,0.7051,0.4279
524,79,44.222,13,0.9048,0.7203
120,102,528.562,8,0.93,0.0187
568,29,433.249,17,0.5387,0.0719
239,196,98.686,15,0.8897,0.6387
563,61,310.598,5,0.5273,0.0
303,181,678.944,2,0.8655,0.0
955,130,50.246,20,0.8567,0.7661
320,59,136.595,3,0.7062,0.0541
872,98,280.828,14,0.7547,0.2709
176,25,170.234,12,0.6987,0.3156
85,124,114.564,17,0.3769,0.1444
189,13,700.814,12,0.6071,0.0245
420,128,551.95,1,0.3841,0.0168
902,40,525.141,4,0.3377,0.0
177,26,671.294,17,0.6449,0.0812
784,45,135.078,13,0.4852,0.183
697,18,640.659,16,0.5451,0.0521
345,178,707.534,13,0.7389,0.0492
337,188,422.355,20,0.6261,0.1491
948,185,650.379,2,0.6967,0.0
715,144,587.7,2,0.7712,0.0
239,47,229.218,15,0.7685,0.3189
912,152,239.621,1,0.7828,0.0453
407,152,486.749,3,0.6186,0.027
80,48,397.762,15,0.7955,0.2234
814,168,277.465,16,0.4873,0.1187
869,200,34.355,17,0.8345,0.7421
443,76,17.011,5,0.8561,0.7438
704,118,71.002,14,0.9276,0.7154
235,175,291.281,5,0.9605,0.1148
851,53,20.221,20,0.6644,0.5855
369,198,107.11,14,0.6729,0.3923
268,61,697.029,16,0.5653,0.0386
501,194,324.691,14,0.8442,0.2611
268,47,671.974,20,0.4885,0.0583
621,149,137.176,6,0.7476,0.24
748,106,258.461,16,0.693,0.2012
406,75,483.436,20,0.496,0.044
784,88,712.713,5,0.4812,0.0
432,46,504.036,8,0.4126,0.0228
971,135,649.638,15,0.8134,0.0535
264,199,35.842,9,0.8758,0.6641
705,118,219.101,15,0.4272,0.077
536,56,635.67,5,0.9356,0.0168
944,134,376.954,2,0.4443,0.0484
220,88,122.718,2,0.3748,0.0
197,185,122.673,4,0.9147,0.2041
868,53,546.353,17,0.9461,0.233
902,104,114.151,14,0.4149,0.2096
748,100,358.574,7,0.4247,0.0543
475,178,130.938,14,0.505,0.2418
411,23,150.361,10,0.3423,0.0736
667,124,286.346,4,0.5936,0.0057
748,162,85.461,16,0.803,0.6449
276,73,474.888,1,0.3589,0.0
7,102,120.025,3,0.5107,0.0197
74,59,541.574,6,0.5501,0.0
345,84,375.581,13,0.9592,0.2919
682,191,249.803,8,0.8215,0.2085
441,73,442.447,8,0.5582,0.0256
619,41,293.784,11,0.4444,0.0174
470,116,59.857,17,0.9084,0.7376
252,94,222.902,7,0.4994,0.0774
749,156,378.002,8,0.7373,0.0264
724,8,75.506,1,0.784,0.0058
963,181,527.426,20,0.8525,0.1985
826,141,256.97,17,0.7323,0.3214
380,169,147.845,8,0.5813,0.1996
705,82,6.293,17,0.4041,0.392
351,90,61.607,1,0.4398,0.0348
873,67,171.223,2,0.7108,0.0
611,167,264.534,11,0.6399,0.1314
835,15,110.806,12,0.5676,0.2929
282,106,392.616,3,0.6726,0.0
15,52,140.367,11,0.9012,0.4756
142,128,687.381,3,0.3297,0.0
532,193,406.873,10,0.3961,0.0
962,135,573.67,10,0.3009,0.0
628,9,304.001,5,0.5238,0.0365
810,80,147.912,6,0.4166,0.0
470,7,323.955,11,0.4952,0.044
959,98,297.164,11,0.3528,0.0
941,35,449.222,20,0.5412,0.1214
218,139,655.691,14,0.5799,0.0006
863,107,171.183,16,0.9482,0.5912
18,62,69.966,19,0.6998,0.5951
593,172,515.157,8,0.8917,0.0024
438,150,0.782,6,0.7368,0.7652
302,126,572.217,12,0.6128,0.0363
934,71,524.215,11,0.924,0.0964
663,55,594.666,13,0.8409,0.028
139,118,65.704,16,0.3192,0.2336
140,159,147.069,13,0.4541,0.1522
118,168,397.413,12,0.9992,0.2669
305,156,235.991,17,0.8387,0.4247
69,5,609.075,8,0.589,0.0545
265,197,330.274,4,0.7141,0.0
766,49,309.515,2,0.8401,0.0266
874,3,133.429,4,0.5743,0.0972
786,113,404.878,4,0.3311,0.0
497,92,249.41,9,0.7322,0.1462
696,22,324.657,1,0.3814,0.0086
944,43,195.696,16,0.4697,0.177
54,42,438.568,13,0.6635,0.094
905,88,603.486,6,0.8578,0.033
724,150,15.29,11,0.4573,0.4032
387,137,166.644,2,0.4347,0.0102
449,6,487.852,6,0.5973,0.0
439,35,508.927,10,0.3956,0.0
158,123,212.231,19,0.475,0.1759
231,161,206.408,14,0.5104,0.1444
296,7,537.831,11,0.8464,0.0932
6,68,402.239,20,0.7643,0.2088
502,24,280.348,20,0.5535,0.2044
477,98,40.378,11,0.9625,0.8401
330,79,470.347,8,0.4932,0.0
177,35,211.273,8,0.6556,0.1642
970,193,415.718,13,0.7334,0.1683
679,153,520.254,16,0.969,0.2669
475,110,333.825,7,0.8986,0.0929
723,154,182.731,17,0.5617,0.246
373,63,154.583,19,0.651,0.3722
216,188,507.69,12,0.6198,0.0359
674,83,641.965,6,0.5135,0.0
771,78,705.592,6,0.6367,0.0088
651,114,578.453,4,0.3622,0.0009
567,116,434.146,6,0.3382,0.015
3,124,622.382,13,0.3483,0.0
638,167,280.86,2,0.3949,0.0
619,54,635.234,7,0.4988,0.0298
413,142,310.057,17,0.7475,0.2454
244,40,428.846,18,0.8889,0.2865
980,49,122.76,2,0.8467,0.0373
376,100,358.235,3,0.5285,0.0025
273,105,246.205,5,0.3304,0.0
707,129,264.201,2,0.338,0.0
482,28,430.893,12,0.8585,0.1552
558,164,635.014,1,0.9102,0.0
649,112,594.771,5,0.9522,0.0
369,119,251.579,7,0.9765,0.2128
153,150,528.499,18,0.8941,0.1831
168,139,394.515,17,0.5485,0.1262
940,86,251.102,15,0.6323,0.2618
506,97,653.848,19,0.8827,0.1893
418,47,116.526,20,0.9287,0.7055
320,114,579.805,19,0.5527,0.047
722,41,153.2,19,0.7399,0.4438
913,128,642.62,19,0.4252,0.0545
769,84,519.503,5,0.3013,0.0
535,48,335.026,6,0.5488,0.0313
476,96,56.132,10,0.9448,0.7259
866,187,130.13,12,0.759,0.4521
857,113,119.188,10,0.9263,0.5584
391,70,548.439,8,0.5512,0.0252
965,91,448.039,9,0.3331,0.005
828,121,157.076,15,0.5513,0.2913
847,31,265.04,15,0.6001,0.1354
57,113,223.064,19,0.7703,0.3648
131,7,469.967,17,0.9769,0.262
299,171,238.215,4,0.5174,0.0
762,122,553.51,5,0.8299,0.0
79,23,500.529,10,0.9206,0.0821
83,94,175.054,18,0.4736,0.2427
32,177,233.494,9,0.8464,0.2207
192,193,395.837,3,0.9681,0.0263
919,28,653.705,19,0.8441,0.1565
722,55,80.712,12,0.5781,0.3835
717,29,258.506,18,0.7082,0.3135
293,74,431.608,8,0.8219,0.0624
626,173,234.011,18,0.8656,0.4559
779,142,208.833,2,0.7959,0.0
533,52,311.286,15,0.9844,0.3695
857,66,139.085,20,0.9031,0.6708
570,123,434.674,19,0.4506,0.1013
325,120,632.451,10,0.9996,0.058
639,93,655.789,20,0.793,0.1411
944,85,339.682,20,0.9392,0.4164
827,187,211.634,3,0.6482,0.0037
499,101,275.634,10,0.9255,0.259
597,157,164.802,19,0.9893,0.6696
976,192,431.154,18,0.8757,0.2548
749,67,97.429,12,0.8585,0.6043
503,156,229.427,5,0.4512,0.032
281,163,123.241,6,0.3946,0.0804
906,44,148.193,2,0.8386,0.0421
977,46,483.612,12,0.7945,0.0736
71,33,714.776,1,0.737,0.0
32,124,486.464,10,0.6125,0.0309
116,153,176.135,4,0.3455,0.0
387,151,293.81,11,0.6996,0.1799
160,78,452.306,2,0.6726,0.0
883,141,624.588,8,0.8022,0.0
915,6,514.404,7,0.3625,0.0163
181,132,105.097,13,0.5818,0.3459
830,95,435.023,14,0.5944,0.0785
142,166,142.368,14,0.6251,0.3385
788,194,269.828,10,0.3239,0.0197
366,112,694.689,2,0.7097,0.04
41,125,642.353,19,0.435,0.0436
429,186,185.248,16,0.9385,0.5451
823,69,524.685,14,0.7423,0.0733
934,29,237.589,11,0.8817,0.3147
122,102,6.154,12,0.6443,0.6229
837,72,612.158,18,0.5596,0.0275
294,127,592.284,7,0.4807,0.0
465,157,212.148,14,0.5774,0.1878
109,101,556.021,20,0.9445,0.2605
973,62,23.155,20,0.9476,0.902
791,113,388.875,16,0.9576,0.2752
643,89,706.75,15,0.8362,0.107
728,38,567.81,3,0.4252,0.0
874,155,414.617,9,0.8024,0.0812
144,67,263.709,17,0.5348,0.0999
247,108,529.579,5,0.5976,0.0024
38,182,702.306,7,0.623,0.0
489,38,138.731,13,0.4792,0.188
495,86,36.139,20,0.4458,0.3813
30,35,271.944,10,0.3725,0.0037
662,88,372.39,17,0.6088,0.1453
9,61,176.935,9,0.7143,0.1598
793,184,444.115,14,0.9177,0.2241
706,61,220.572,17,0.3123,0.0599
816,123,706.991,18,0.3317,0.0409
119,28,191.417,19,0.8204,0.4988
871,92,578.244,18,0.8533,0.1199
548,167,694.556,10,0.3241,0.0
864,135,359.923,3,0.8332,0.0
697,57,143.862,1,0.6915,0.0
657,195,641.128,20,0.5237,0.0323
33,161,289.984,18,0.7569,0.3136
692,81,391.998,6,0.5149,0.0
449,195,35.784,1,0.6082,0.0923
850,38,250.961,12,0.6413,0.1618
685,67,400.51,9,0.5057,0.0673
75,187,499.103,10,0.5297,0.0
890,195,684.85,7,0.9237,0.0006
63,165,420.326,1,0.5855,0.0185
300,39,195.771,8,0.494,0.0256
217,44,401.383,9,0.6545,0.0685
975,130,51.528,13,0.3938,0.2626
154,12,107.056,5,0.6952,0.1959
845,199,253.649,18,0.8885,0.4917
223,189,16.514,17,0.6366,0.5859
651,162,54.696,15,0.3109,0.1766
91,194,5.783,8,0.9323,0.8924
392,46,131.298,9,0.8257,0.3876
624,177,594.476,19,0.9779,0.2266
712,52,253.335,16,0.864,0.4122
873,25,649.814,12,0.9023,0.0652
817,53,637.213,13,0.9406,0.1024
519,155,621.757,20,0.4779,0.0275
304,189,152.939,10,0.9898,0.54
262,123,246.852,8,0.4776,0.0401
993,50,337.463,7,0.9834,0.1393
609,121,311.031,18,0.8566,0.3654
909,102,57.988,10,0.8129,0.6161
434,104,172.381,8,0.461,0.115
486,70,446.746,16,0.5147,0.0831
826,28,487.27,17,0.4084,0.0
723,73,262.869,14,0.5068,0.1368
201,179,214.188,18,0.9439,0.5697
525,82,422.175,17,0.6213,0.1181
214,5,477.865,14,0.97,0.2442
761,70,512.053,20,0.7141,0.177
30,93,583.987,8,0.3114,0.0052
827,120,420.598,20,0.5363,0.0958
930,129,273.1,7,0.5389,0.0078
24,86,250.806,19,0.5981,0.2593
631,29,25.208,14,0.769,0.7063
80,89,300.071,16,0.4877,0.0917
361,1,625.588,20,0.5847,0.0624
337,102,452.103,20,0.9984,0.3795
520,90,427.21,19,0.5537,0.0766
918,72,161.534,10,0.6533,0.264
462,133,429.378,10,0.6594,0.0471
399,151,130.306,3,0.4366,0.0
93,53,245.866,8,0.6469,0.1083
888,101,421.04,17,0.4548,0.0547
315,102,33.153,12,0.3754,0.2902
463,102,224.562,4,0.8656,0.0849
93,81,64.193,7,0.8002,0.4926
289,42,118.463,11,0.4892,0.1992
554,35,253.869,6,0.3942,0.0
901,7,498.984,19,0.9881,0.3134
329,11,192.913,17,0.9416,0.5934
561,162,14.948,16,0.5533,0.5148
876,14,287.617,17,0.7514,0.2847
361,172,159.523,7,0.5011,0.0821
295,180,560.474,3,0.5632,0.0
45,49,591.905,5,0.6772,0.0
908,89,483.264,3,0.4884,0.0198
111,73,441.548,13,0.3607,0.0
216,79,526.184,5,0.804,0.0
140,72,271.024,16,0.4338,0.088
708,69,469.001,17,0.5103,0.0636
365,137,302.494,16,0.9689,0.4087
705,83,309.762,7,0.7219,0.0686
608,38,567.992,16,0.4595,0.0195
16,76,569.68,4,0.4998,0.0312
308,196,288.623,1,0.4566,0.0162
5,198,674.78,14,0.9088,0.0937
66,13,390.139,15,0.8603,0.2716
474,116,351.021,16,0.6837,0.1806
265,195,361.363,14,0.3903,0.0353
90,39,561.253,10,0.817,0.0326
409,14,696.647,9,0.8942,0.0011
452,43,496.996,15,0.6693,0.0474
993,64,246.058,20,0.4478,0.1289
662,187,372.339,9,0.7862,0.0878
393,51,221.533,9,0.5286,0.061
474,67,470.82,5,0.9416,0.021
90,52,719.438,2,0.8811,0.0
387,79,622.823,15,0.5844,0.0304
582,199,340.64,2,0.3281,0.03
21,17,246.702,2,0.9635,0.0412
920,92,326.243,9,0.9682,0.1667
516,123,228.034,14,0.6399,0.1936
787,24,713.982,13,0.3043,0.0044
276,9,145.773,20,0.8059,0.5432
837,197,583.123,20,0.4965,0.006
367,54,298.622,8,0.8245,0.1347
929,49,469.384,9,0.3204,0.0
523,70,664.475,7,0.7318,0.0198
637,15,426.507,12,0.9576,0.2281
204,30,444.309,13,0.6636,0.106
995,5,26.408,17,0.9622,0.8817
193,107,93.19,7,0.8052,0.405
34,93,389.401,15,0.7175,0.1866
440,55,267.178,3,0.8923,0.0
835,184,438.775,19,0.9443,0.3128
922,62,276.965,3,0.9011,0.026
858,4,126.385,13,0.9427,0.6515
554,20,573.767,3,0.3446,0.0
917,146,608.579,19,0.4488,0.0
493,107,696.999,18,0.487,0.0091
479,53,144.921,13,0.972,0.6056
181,50,224.6,9,0.9383,0.3572
788,44,202.532,3,0.8674,0.0585
317,85,669.715,20,0.8579,0.1801
196,141,430.334,7,0.6121,0.0
370,128,664.19,3,0.3697,0.0001
604,150,641.095,10,0.7662,0.0441
271,9,176.981,2,0.6654,0.0
359,112,308.32,17,0.5827,0.1491
331,153,298.102,9,0.5542,0.0423
597,41,350.826,6,0.413,0.0
715,117,718.345,6,0.5838,0.018
676,2,125.53,10,0.9465,0.5664
142,182,556.268,2,0.438,0.0
348,148,164.275,5,0.7192,0.0808
649,125,532.49,7,0.7368,0.0082
217,120,146.351,8,0.5674,0.1568
70,134,379.737,1,0.4888,0.0473
322,85,480.964,6,0.4091,0.0006
679,194,311.237,8,0.5913,0.0289
664,43,695.654,19,0.6524,0.0434
130,163,508.143,18,0.3255,0.0131
677,153,113.698,19,0.9468,0.7209
195,168,268.256,4,0.3011,0.0195
742,15,226.412,15,0.3337,0.056
567,90,213.113,1,0.7681,0.0
127,129,152.856,3,0.8517,0.0471
351,124,134.125,1,0.6203,0.011
819,138,626.58,19,0.5256,0.0346
433,127,712.326,7,0.8005,0.0212
689,45,115.641,4,0.9094,0.2059
749,166,569.809,3,0.5201,0.0076
31,97,164.221,2,0.7303,0.0258
932,195,375.841,3,0.9288,0.0046
336,105,142.34,1,0.7644,0.0212
794,108,195.564,12,0.3572,0.0638
467,119,295.994,6,0.4121,0.0
577,175,507.779,20,0.8625,0.2242
361,181,341.566,4,0.634,0.0269
854,117,583.334,4,0.4625,0.0
118,110,69.998,4,0.3585,0.0438
897,11,411.946,7,0.3541,0.0
208,14,77.275,6,0.6601,0.3193
884,148,85.259,20,0.815,0.5987
25,69,222.756,18,0.5908,0.2691
14,88,76.031,2,0.579,0.0241
94,126,558.443,19,0.302,0.0579
548,45,365.568,20,0.5557,0.164
267,67,464.258,19,0.431,0.0205
598,9,40.981,19,0.5783,0.5341
820,154,162.248,16,0.3308,0.0763
28,102,377.008,6,0.6896,0.0302
527,38,59.507,14,0.7051,0.5597
740,120,116.041,5,0.8905,0.3553
425,29,16.244,12,0.4164,0.34
926,157,656.316,1,0.7256,0.0
663,47,310.776,20,0.8914,0.4019
35,55,32.892,1,0.9414,0.2199
542,176,331.824,7,0.4228,0.0
384,149,639.09,3,0.7399,0.0
132,137,137.168,15,0.4066,0.151
951,121,171.644,13,0.436,0.1468
223,105,707.217,2,0.8015,0.0
84,39,614.888,12,0.8873,0.0843
223,61,395.166,2,0.5539,0.0042
824,193,134.336,14,0.8575,0.5578
600,184,158.448,12,0.7787,0.3579
820,146,620.319,2,0.552,0.0431
462,178,486.547,18,0.4958,0.0557
117,161,253.004,2,0.81,0.0116
388,80,19.184,19,0.8892,0.8349
200,144,98.367,15,0.3632,0.1994
557,151,525.181,1,0.6297,0.0615
270,28,467.274,7,0.4919,0.0
971,183,258.644,6,0.3796,0.0099
378,99,426.414,19,0.4273,0.0632
315,63,543.808,18,0.8686,0.2394
985,95,463.733,8,0.7775,0.0602
521,66,172.828,12,0.9774,0.5419
171,67,685.107,5,0.5321,0.0148
481,110,17.501,4,0.9387,0.7953
255,200,400.74,6,0.3614,0.0258
717,82,161.171,10,0.9114,0.4627
574,43,509.561,1,0.3351,0.0
731,153,404.719,16,0.4243,0.1054
941,59,141.308,16,0.8624,0.571
730,108,364.486,16,0.9547,0.3673
341,51,374.452,15,0.7138,0.1909
202,43,302.907,18,0.9023,0.4297
530,51,30.843,3,0.3861,0.1511
450,72,149.276,1,0.9048,0.0
314,192,697.563,9,0.4991,0.0027
812,135,136.119,7,0.9578,0.4118
910,140,330.58,16,0.5989,0.1666
382,11,212.062,7,0.8463,0.1933
681,3,545.052,10,0.788,0.0501
985,69,416.435,6,0.3117,0.0071
12,178,515.236,17,0.4508,0.0623
365,4,458.805,9,0.6973,0.0
738,154,362.912,14,0.4564,0.0539
498,165,691.668,9,0.853,0.011
792,56,506.44,15,0.8741,0.1305
475,24,496.11,8,0.3148,0.0
65,31,497.301,19,0.7222,0.1327
434,16,336.357,9,0.9943,0.1974
405,169,462.913,7,0.6725,0.0
846,158,435.44,7,0.8926,0.0504
148,135,639.625,16,0.3775,0.0243
156,18,704.783,20,0.8105,0.1366
142,191,348.047,12,0.4445,0.0121
568,137,432.793,12,0.4976,0.0293
996,166,209.345,19,0.6469,0.3338
619,76,608.789,10,0.9576,0.0973
817,40,511.833,17,0.7768,0.134
852,165,665.308,5,0.9462,0.0454
601,11,435.802,3,0.8169,0.0047
610,37,510.374,6,0.8271,0.015
244,31,68.958,3,0.8997,0.2928
961,17,437.041,16,0.5294,0.0286
788,111,271.597,3,0.8536,0.0
873,46,366.072,9,0.8902,0.1774
984,194,235.469,16,0.8185,0.4228
349,187,207.175,7,0.7775,0.1748
144,34,591.007,18,0.4318,0.0
860,166,401.709,4,0.9707,0.0104
473,8,182.686,15,0.499,0.1435
959,58,552.151,20,0.5911,0.0693
695,132,54.32,7,0.3488,0.0986
258,42,211.422,8,0.3152,0.0
355,16,242.471,15,0.4183,0.0748
611,32,128.274,4,0.735,0.1032
395,132,606.816,13,0.5062,0.0
282,45,485.37,15,0.9155,0.2059
210,50,482.784,20,0.3141,0.026
650,42,426.953,19,0.4371,0.0833
36,177,272.681,5,0.3571,0.0
94,178,474.659,16,0.3716,0.0281
43,161,530.256,16,0.4667,0.0385
735,4,387.937,8,0.9055,0.1061
30,51,339.185,18,0.8989,0.3972
420,177,161.326,15,0.5291,0.2305
122,111,60.936,9,0.353,0.158
588,9,30.217,7,0.778,0.6321
35,50,514.399,3,0.7875,0.0473
26,166,251.352,10,0.947,0.2749
412,176,510.2,2,0.9434,0.0042
696,86,365.939,3,0.4811,0.0
110,31,322.035,14,0.9193,0.297
496,16,453.013,6,0.6719,0.0193
811,46,132.355,12,0.9403,0.5686
626,160,705.369,11,0.7728,0.0122
751,166,238.098,12,0.6251,0.1746
316,52,553.929,2,0.7047,0.0196
943,196,178.841,12,0.4645,0.0947
146,176,337.176,15,0.6983,0.1878
606,198,359.753,17,0.4896,0.116
436,151,221.141,9,0.6092,0.1175
32,115,251.334,10,0.5081,0.0619
944,197,313.69,11,0.6103,0.0824
703,138,602.141,13,0.9016,0.0557
228,167,360.286,10,0.6969,0.0345
53,81,64.23,13,0.3344,0.2047
676,49,156.399,15,0.7883,0.5039
546,115,709.944,15,0.763,0.0975
50,82,65.163,13,0.3626,0.2517
987,71,466.541,20,0.5184,0.0717
719,140,152.428,15,0.4775,0.1933
463,123,311.274,20,0.6222,0.1896
239,64,257.376,5,0.5674,0.0
272,49,703.579,14,0.8795,0.1005
452,110,397.14,13,0.5735,0.045
58,66,180.313,8,0.3828,0.0194
368,48,434.773,11,0.4988,0.0107
218,45,51.87,9,0.3979,0.2405
113,133,667.223,2,0.5278,0.0004
126,84,248.183,8,0.8959,0.197
346,69,636.085,2,0.673,0.0005
383,24,582.723,18,0.5509,0.0701
351,12,134.894,12,0.9276,0.5447
690,139,692.874,12,0.621,0.0
523,194,714.012,12,0.8124,0.0154
193,65,579.907,8,0.4417,0.0498
973,169,325.35,16,0.558,0.1035
731,121,484.396,9,0.655,0.0218
471,61,58.529,16,0.6588,0.4755
50,114,663.245,10,0.8611,0.0926
915,26,160.055,10,0.7056,0.2595
745,68,516.172,6,0.9283,0.0317
462,148,577.202,9,0.9419,0.0529
162,171,698.11,5,0.6034,0.0
108,45,593.23,8,0.7782,0.0318
290,183,589.082,8,0.8492,0.008
231,122,508.024,19,0.5551,0.0987
210,46,415.397,8,0.4983,0.0718
408,156,30.635,14,0.915,0.85
47,177,700.36,7,0.7155,0.0
326,55,323.535,7,0.4323,0.0
872,22,573.789,8,0.7048,0.0
866,57,271.957,15,0.4555,0.0295
9,152,328.635,5,0.6246,0.0
679,13,333.161,11,0.7758,0.154
992,58,712.811,11,0.8813,0.0496
579,64,152.565,12,0.5821,0.2423
391,4,361.52,2,0.3694,0.0121
492,120,111.8,19,0.8426,0.6337
214,162,356.021,6,0.7652,0.0503
398,32,393.322,13,0.7351,0.1368
937,178,98.82,7,0.516,0.1461
613,191,502.895,19,0.331,0.0332
431,175,596.237,20,0.7171,0.0989
125,145,587.632,11,0.8441,0.0371
907,90,525.175,18,0.5125,0.0993
163,41,101.866,16,0.7789,0.5283
722,183,447.646,20,0.3903,0.0573
304,107,502.968,11,0.8111,0.0917
279,91,546.855,13,0.8979,0.0991
172,79,510.914,12,0.5725,0.0935
376,44,452.923,15,0.3948,0.0096
678,77,524.111,9,0.6399,0.0046
417,160,613.747,9,0.7091,0.0042
25,112,410.125,14,0.381,0.0271
265,80,105.041,18,0.4364,0.2326
161,22,587.581,2,0.3451,0.0
402,83,476.102,19,0.8925,0.2938
903,44,494.517,14,0.566,0.0107
963,80,212.182,1,0.6899,0.0
998,30,108.18,11,0.784,0.4489
113,190,562.229,19,0.4772,0.095
488,35,36.058,15,0.836,0.7313
46,25,289.989,12,0.4154,0.0785
496,132,366.626,1,0.9923,0.0
577,69,13.041,9,0.6278,0.5723
774,200,430.046,6,0.646,0.012
337,81,86.571,17,0.6891,0.4907
37,131,174.222,12,0.5035,0.152
455,167,715.373,6,0.6185,0.0139
428,197,403.616,10,0.3282,0.0071
625,162,697.172,14,0.8845,0.0687
100,116,354.951,3,0.959,0.0293
614,163,578.564,10,0.5617,0.0
401,57,27.834,2,0.8911,0.4808
740,175,210.062,4,0.7523,0.0514
984,175,204.28,9,0.5108,0.0823
228,77,50.721,12,0.4544,0.3374
754,14,685.537,9,0.6978,0.0171
128,137,363.617,19,0.4854,0.023
986,21,427.143,8,0.7787,0.065
481,4,374.972,13,0.483,0.0404
747,190,179.342,19,0.8995,0.5841
778,114,665.536,14,0.9092,0.1091
609,131,481.841,5,0.6442,0.0038
385,177,89.431,1,0.7082,0.0
755,186,332.757,15,0.5517,0.0884
477,192,1.56,5,0.9139,0.9227
660,27,485.978,4,0.9218,0.0031
614,65,377.218,17,0.7355,0.2135
465,154,651.07,1,0.3842,0.0168
118,6,682.109,7,0.661,0.0
293,47,71.139,13,0.7822,0.6118
938,103,64.893,19,0.9534,0.8268
521,69,647.396,17,0.9537,0.1529
637,35,368.957,14,0.846,0.2228
259,180,338.433,7,0.3089,0.0
706,90,411.183,5,0.5864,0.0034
487,83,336.076,11,0.9534,0.2238
219,132,442.466,13,0.5635,0.0903
147,135,683.355,13,0.7237,0.0558
396,99,436.505,20,0.8824,0.3209
566,178,231.269,14,0.4414,0.0953
281,60,154.03,4,0.4379,0.0354
246,175,695.62,13,0.9475,0.0519
270,174,417.378,17,0.8861,0.287
294,2,408.217,18,0.6052,0.0965
740,151,24.481,8,0.9421,0.8454
500,32,661.28,4,0.6939,0.0
470,98,338.379,8,0.4532,0.017
163,184,719.82,15,0.5472,0.0627
545,40,121.279,4,0.87,0.2316
963,113,235.205,19,0.6833,0.2958
746,156,151.649,17,0.3183,0.1046
447,97,273.141,7,0.6572,0.0571
307,16,703.188,9,0.3094,0.0
353,14,298.933,16,0.4158,0.1058
27,104,595.599,13,0.7572,0.0594
30,6,543.916,13,0.736,0.1262
777,4,214.874,4,0.6792,0.0092
844,191,417.741,6,0.734,0.0161
969,107,613.304,4,0.5888,0.0004
626,95,440.351,9,0.3044,0.0076
930,21,191.117,13,0.7611,0.3606
417,158,621.551,18,0.8051,0.1676
255,103,400.661,20,0.6929,0.2054
246,45,705.616,10,0.7251,0.0079
237,151,472.223,9,0.4302,0.0011
746,48,323.45,6,0.4769,0.0277
10,101,314.134,18,0.6784,0.2018
946,113,633.736,20,0.5019,0.025
775,56,706.037,9,0.4575,0.0456
381,176,295.749,7,0.8465,0.0532
702,141,117.792,20,0.7312,0.5454
135,58,29.119,1,0.3716,0.0441
432,32,232.447,10,0.8872,0.3217
110,66,246.554,4,0.6733,0.0021
113,94,306.909,12,0.826,0.2531
7,111,104.846,20,0.6835,0.5119
796,81,354.97,2,0.6322,0.0145
744,9,679.251,7,0.7977,0.0
893,136,167.78,1,0.6314,0.0
982,76,493.182,18,0.7492,0.1656
965,68,27.828,3,0.6973,0.4645
993,112,463.721,18,0.8014,0.1795
16,168,675.044,7,0.8486,0.0054
785,1,203.647,1,0.7952,0.0099
724,193,587.781,10,0.9454,0.0718
163,128,59.822,15,0.9576,0.8092
137,110,258.251,5,0.376,0.0
978,11,5.322,11,0.7272,0.7144
883,143,256.001,8,0.7077,0.0809
328,144,223.43,13,0.3329,0.0374
75,113,498.938,4,0.569,0.0
334,161,212.4,9,0.4858,0.0979
6,168,592.717,19,0.594,0.0072
688,168,210.203,3,0.8401,0.0
381,66,161.178,6,0.5028,0.0384
50,135,356.312,3,0.9472,0.0275
980,12,472.822,9,0.916,0.0918
826,113,639.939,1,0.743,0.0
905,30,585.82,1,0.9906,0.0342
998,62,377.881,6,0.3101,0.0
15,136,704.381,15,0.5457,0.001
776,85,213.844,14,0.4738,0.1373
788,173,719.614,12,0.3996,0.0096
782,18,277.64,6,0.8374,0.0662
266,195,189.303,19,0.6574,0.336
391,142,275.923,8,0.9461,0.1879
930,87,421.996,12,0.5773,0.0134
66,5,341.497,12,0.9714,0.2726
642,9,36.61,19,0.7469,0.6204
793,83,256.647,13,0.5574,0.1238
799,115,354.364,9,0.7547,0.0812
598,102,477.74,18,0.9218,0.2804
767,60,686.22,14,0.3393,0.0321
910,131,688.273,8,0.6051,0.0
766,123,370.347,1,0.3369,0.0
116,69,409.961,15,0.737,0.1508
245,66,502.735,16,0.3089,0.0
306,89,601.518,7,0.6596,0.0147
344,149,536.691,13,0.4376,0.0284
361,118,518.908,15,0.4377,0.037
220,26,322.314,16,0.8192,0.3269
684,185,625.709,19,0.4193,0.0
111,41,477.203,12,0.3403,0.0
788,135,115.043,7,0.5711,0.2385
659,4,431.032,10,0.6138,0.0584
962,51,223.947,10,0.5453,0.1113
7,113,146.607,4,0.662,0.0628
296,170,467.347,5,0.5553,0.0316
899,113,462.599,5,0.5065,0.0
494,12,687.419,11,0.654,0.0
561,192,702.891,9,0.322,0.0064
29,55,294.623,11,0.3148,0.0064
763,73,128.944,2,0.9113,0.0307
253,22,101.56,17,0.7651,0.5376
964,140,701.479,18,0.5406,0.0525
375,90,285.341,16,0.5462,0.1788
189,44,247.132,14,0.5496,0.1568
594,128,447.415,9,0.9056,0.0777
478,40,41.737,3,0.9804,0.5394
471,107,465.842,4,0.5101,0.0
950,133,630.603,7,0.7889,0.0
365,163,521.612,6,0.4741,0.0059
398,139,300.857,7,0.8159,0.088
625,114,84.064,11,0.9656,0.7243
171,7,174.074,9,0.3258,0.0477
829,47,191.473,20,0.3448,0.0629
230,116,277.452,3,0.8574,0.0469
242,108,96.443,14,0.6168,0.3765
11,107,414.683,5,0.6886,0.0
343,148,264.061,6,0.5728,0.018
583,181,357.639,9,0.3379,0.0001
705,101,205.656,20,0.5818,0.2431
899,27,327.055,20,0.4041,0.0886
778,89,513.252,17,0.5272,0.0356
322,51,63.977,2,0.4207,0.0
826,106,367.513,9,0.8992,0.1611
195,118,445.387,17,0.4752,0.0187
210,110,480.893,14,0.7091,0.1032
359,117,664.449,8,0.9898,0.0185
540,63,562.517,3,0.993,0.0319
204,36,532.207,10,0.7583,0.0569
901,171,625.026,20,0.516,0.0668
271,81,658.428,6,0.6532,0.0
392,42,604.412,4,0.655,0.0
605,200,442.269,17,0.9136,0.2737
430,7,607.109,18,0.8026,0.1475
404,70,235.353,16,0.918,0.5019
985,149,685.447,10,0.3111,0.0
436,83,125.306,10,0.9815,0.5831
114,169,165.42,15,0.7781,0.4091
731,72,114.559,2,0.9514,0.0712
706,129,559.561,7,0.8539,0.0
219,86,313.119,2,0.793,0.0672
851,94,531.513,11,0.351,0.0192
392,100,367.492,19,0.4011,0.0483
151,196,290.657,12,0.4467,0.03
173,152,645.443,1,0.6435,0.0174
715,75,311.428,9,0.8417,0.1463
217,84,445.439,12,0.4649,0.026
470,82,618.261,10,0.9863,0.0803
735,148,153.463,10,0.7653,0.3199
853,119,290.26,20,0.8177,0.4055
490,107,104.759,5,0.931,0.3482
908,87,390.964,10,0.6595,0.0276
303,80,568.594,8,0.4016,0.0065
873,112,40.096,4,0.5994,0.324
251,167,43.908,20,0.6711,0.5534
65,194,533.787,10,0.9797,0.158
726,13,511.051,10,0.3502,0.0
757,48,289.879,19,0.5302,0.1673
927,138,260.019,6,0.8219,0.1508
922,30,203.423,6,0.7938,0.1007
103,123,44.937,18,0.8848,0.7584
622,85,369.999,7,0.9703,0.1345
705,39,443.766,9,0.6948,0.0757
601,101,623.129,6,0.8982,0.0
19,102,390.369,6,0.9738,0.0416
46,143,109.833,8,0.391,0.0789
671,166,222.234,6,0.7115,0.0669
857,192,565.325,10,0.6179,0.0234
180,88,445.288,17,0.8399,0.2322
47,138,555.315,7,0.4397,0.0
405,158,298.003,6,0.9009,0.1261
314,198,49.079,4,0.613,0.2326
983,131,642.386,9,0.5558,0.0176
926,50,251.761,7,0.8016,0.0652
559,69,60.495,8,0.5318,0.2684
950,42,422.766,9,0.9231,0.084
229,40,535.781,12,0.913,0.1721
992,62,344.424,10,0.3227,0.0
447,100,442.174,4,0.4284,0.0103
477,158,300.717,14,0.8153,0.2915
51,59,585.944,12,0.6779,0.0498
178,38,564.384,15,0.3573,0.0
195,26,518.519,16,0.5871,0.0506
488,40,14.803,17,0.3249,0.3074
190,87,372.017,15,0.4816,0.061
103,83,565.557,6,0.4232,0.0415
606,80,176.686,3,0.8783,0.0
873,64,186.995,13,0.8998,0.4899
70,91,651.106,4,0.878,0.0067
561,130,606.114,4,0.3187,0.0454
961,9,711.462,14,0.8234,0.1221
405,179,358.395,13,0.7238,0.1464
183,62,89.888,4,0.7809,0.2469
80,28,6.438,19,0.3336,0.3104
937,35,508.563,2,0.4445,0.0265
406,110,588.096,18,0.4463,0.0482
106,105,308.652,17,0.4133,0.0583
867,18,306.861,13,0.7012,0.192
803,100,605.075,7,0.5342,0.0
704,45,134.362,6,0.6205,0.1171
85,183,46.146,12,0.8034,0.666
83,62,695.317,3,0.6815,0.0144
219,200,390.754,16,0.6185,0.1354
160,116,556.224,9,0.9362,0.0379
532,193,687.438,11,0.7465,0.0179
393,111,583.597,8,0.7806,0.0
766,26,336.945,3,0.4258,0.004
102,129,466.822,14,0.7221,0.1081
728,96,455.401,14,0.6609,0.05
935,164,666.419,3,0.9603,0.0
131,79,102.006,7,0.8185,0.4046
653,38,501.066,1,0.8871,0.0325
510,23,621.301,7,0.7606,0.0
95,149,258.86,15,0.5286,0.1326
293,47,510.12,12,0.763,0.0378
789,134,180.264,13,0.9782,0.5645
870,27,63.84,12,0.5258,0.3823
369,16,18.779,8,0.4196,0.3041
107,143,381.784,9,0.5186,0.0
245,69,37.675,15,0.8458,0.7424
844,114,426.752,15,0.3601,0.0186
570,6,270.69,9,0.9508,0.2225
431,38,5.442,15,0.8003,0.7548
14,19,163.45,16,0.7255,0.4296
783,56,531.784,9,0.4234,0.0
466,57,273.044,17,0.6809,0.2169
546,75,522.537,4,0.3112,0.0
844,49,586.873,15,0.6976,0.1139
563,92,573.901,12,0.5094,0.0
929,181,483.0,19,0.6755,0.1111
560,18,537.671,4,0.5534,0.0133
343,179,410.468,2,0.6092,0.0282
923,83,334.895,1,0.6907,0.0341
643,116,44.901,3,0.9676,0.5174
761,135,702.088,11,0.9882,0.0819
227,148,605.055,16,0.7289,0.0993
672,189,483.95,17,0.3985,0.0255
561,200,463.926,15,0.332,0.0526
106,20,415.514,6,0.9951,0.0565
255,83,68.435,9,0.742,0.4823
912,108,230.311,1,0.7185,0.0219
572,105,244.855,11,0.3292,0.025
775,199,571.569,16,0.9584,0.2513
172,131,435.768,5,0.4112,0.0498
218,81,286.967,11,0.6781,0.1128
942,185,236.56,7,0.5114,0.053
421,147,614.864,18,0.5684,0.0476
887,160,565.764,2,0.5309,0.0085
809,126,585.524,15,0.4831,0.046
337,13,284.998,1,0.4822,0.0
950,195,345.314,10,0.3577,0.0
777,143,412.973,14,0.3152,0.0
128,30,138.511,10,0.5833,0.2132
96,51,261.161,12,0.3574,0.0
127,69,353.865,14,0.542,0.0686
741,51,482.835,15,0.4684,0.0263
144,125,323.915,1,0.6483,0.0224
283,110,111.738,8,0.7415,0.323
435,43,306.364,11,0.5724,0.0855
136,140,382.82,17,0.6209,0.1387
331,58,468.732,13,0.9925,0.2396
679,32,614.813,8,0.6069,0.0322
973,192,167.782,17,0.5908,0.284
470,63,403.224,7,0.6977,0.0515
747,47,300.801,17,0.3211,0.0568
531,144,494.76,12,0.6438,0.0362
467,153,629.536,16,0.3291,0.0288
521,31,343.768,11,0.4938,0.0418
959,12,607.883,16,0.8455,0.1478
60,170,1.954,15,0.445,0.4539
514,101,656.845,11,0.6438,0.0004
52,92,567.818,10,0.7856,0.0234
876,85,96.796,10,0.9845,0.6865
602,118,486.38,19,0.7492,0.169
48,135,370.489,12,0.9183,0.176
624,17,698.92,10,0.4431,0.0
436,54,219.478,7,0.3532,0.0395
48,191,438.681,1,0.6447,0.0366
979,34,376.697,4,0.6993,0.0311
379,182,159.602,12,0.525,0.173
24,81,585.936,1,0.8034,0.0
613,39,535.105,16,0.6854,0.0995
376,119,392.004,8,0.7124,0.0554
657,133,679.743,10,0.9281,0.0
163,70,667.235,12,0.4162,0.0
829,159,589.044,7,0.5281,0.0034
421,13,110.138,13,0.8321,0.5374
421,25,643.844,12,0.6472,0.0008
804,125,220.531,7,0.9209,0.2325
549,116,410.671,14,0.4103,0.007
2,140,701.83,6,0.6193,0.0
579,171,166.675,13,0.8384,0.4682
646,187,144.222,1,0.7389,0.0
313,102,613.466,9,0.4021,0.0087
181,101,9.896,9,0.7894,0.7175
54,185,125.86,8,0.6818,0.2362
847,193,236.012,18,0.9808,0.5184
5,10,531.695,17,0.744,0.1387
584,102,346.194,15,0.5239,0.0783
837,184,283.5,6,0.6786,0.067
353,11,661.537,8,0.3934,0.0
201,196,544.378,8,0.8234,0.0016
715,150,455.822,15,0.9008,0.1954
631,32,245.154,14,0.7104,0.2732
15,129,618.467,3,0.6969,0.0579
578,87,182.598,9,0.3766,0.0308
1,67,681.088,12,0.4262,0.0167
400,125,187.907,8,0.9716,0.3416
305,148,590.551,2,0.5782,0.0
834,179,658.275,3,0.8429,0.0
978,84,163.475,20,0.9245,0.6424
699,32,165.576,11,0.3639,0.049
735,173,57.052,3,0.9229,0.3679
23,67,246.088,20,0.4199,0.153
64,152,360.436,19,0.84,0.3495
777,160,62.347,18,0.4883,0.3932
429,12,105.785,11,0.8935,0.5768
507,83,304.242,16,0.6206,0.1533
692,17,130.109,20,0.6252,0.4139
348,121,557.028,10,0.707,0.0333
682,159,232.504,20,0.8962,0.5006
727,113,33.841,17,0.5092,0.4796
241,65,111.679,13,0.985,0.6848
687,195,221.559,19,0.8842,0.5147
170,18,105.397,9,0.5703,0.2468
311,29,155.589,5,0.319,0.0177
781,74,149.145,20,0.4229,0.1963
984,190,301.743,10,0.6895,0.143
65,179,377.575,14,0.8812,0.2825
649,113,448.442,18,0.9604,0.2779
570,191,654.802,4,0.5663,0.0
606,181,495.567,17,0.3289,0.0361
787,118,143.384,14,0.7938,0.4752
70,24,323.693,18,0.5183,0.095
740,180,525.383,5,0.7159,0.0
280,129,399.916,20,0.5809,0.1763
155,29,122.35,3,0.742,0.0354
447,169,567.109,6,0.4744,0.0033
28,80,141.987,11,0.4096,0.1078
631,158,248.232,12,0.4195,0.044
566,53,528.369,18,0.9426,0.2496
513,2,697.951,4,0.907,0.016
31,91,641.125,19,0.8966,0.2042
764,91,698.282,11,0.7289,0.0274
36,173,285.958,14,0.5863,0.1529
263,24,314.093,2,0.4573,0.0
396,183,117.685,4,0.7565,0.1843
703,31,340.55,9,0.5239,0.0439
408,187,562.021,11,0.7172,0.0226
817,142,50.091,11,0.5505,0.4025
935,72,230.03,4,0.3099,0.0263
766,192,666.447,14,0.7345,0.0546
39,72,131.851,5,0.9921,0.3038
771,127,214.282,5,0.6315,0.0
207,4,673.275,3,0.4064,0.0163
889,21,248.581,18,0.8229,0.3818
979,71,598.342,14,0.6533,0.022
85,49,207.068,1,0.7979,0.0
99,46,185.42,3,0.9168,0.0309
698,76,135.112,13,0.4945,0.1975
144,122,45.589,13,0.4803,0.3563
969,26,299.351,19,0.6278,0.2024
541,151,513.803,20,0.3609,0.0
574,170,364.095,18,0.3709,0.0292
861,168,293.575,17,0.656,0.2133
218,39,147.592,11,0.5767,0.2255
556,177,492.283,19,0.5799,0.0956
999,26,182.43,3,0.7506,0.0
23,22,23.581,12,0.9511,0.8941
175,146,694.487,2,0.9554,0.0
147,153,678.622,16,0.5819,0.0341
336,26,154.803,15,0.7544,0.4232
130,84,172.164,20,0.5792,0.3539
173,83,417.884,3,0.8213,0.0
853,145,308.026,15,0.6535,0.1776
465,104,639.264,2,0.388,0.0018
359,121,307.661,2,0.6828,0.015
419,17,98.23,9,0.9948,0.6593
971,196,393.819,20,0.4901,0.0986
492,112,81.984,4,0.8376,0.3599
469,134,322.268,7,0.5003,0.0044
928,97,415.852,17,0.8083,0.259
38,50,680.673,20,0.6322,0.073
479,134,211.57,11,0.8001,0.2974
749,58,467.761,7,0.8835,0.0075
515,44,0.629,18,0.3132,0.3265
869,111,627.505,11,0.7495,0.0259
887,72,228.651,8,0.3471,0.0106
337,179,173.772,5,0.9641,0.2143
818,132,74.249,19,0.6615,0.5308
244,75,565.487,9,0.5041,0.0321
240,8,41.203,20,0.7723,0.6864
978,69,445.06,4,0.7776,0.0
13,24,227.525,12,0.6207,0.18
354,44,512.166,9,0.9302,0.0464
630,57,695.396,4,0.9748,0.0
414,131,198.266,20,0.621,0.3324
845,22,446.385,2,0.7995,0.0
252,33,267.101,1,0.3048,0.0199
553,8,367.037,19,0.5143,0.105
126,184,60.429,6,0.8846,0.5418
212,198,147.539,11,0.3867,0.1197
174,60,571.953,3,0.324,0.0
742,92,248.682,5,0.7793,0.0546
203,61,1.226,17,0.5622,0.5434
670,107,231.352,8,0.9213,0.2488
346,111,482.336,17,0.9752,0.3061
566,51,699.558,19,0.5419,0.0358
874,129,615.038,20,0.9807,0.2645
864,2,545.065,20,0.7865,0.1823
12,129,669.143,9,0.6116,0.0105
785,151,474.959,5,0.6832,0.0133
956,11,374.048,16,0.9317,0.3383
668,145,388.738,11,0.369,0.0112
188,148,679.878,4,0.5458,0.0
665,195,2.037,17,0.5678,0.5595
637,162,371.519,18,0.5862,0.1241
663,5,553.852,15,0.7257,0.0966
429,17,27.92,10,0.4357,0.3271
526,28,592.778,14,0.7066,0.0523
652,117,607.739,3,0.9567,0.0362
464,143,377.224,17,0.6346,0.1455
774,132,596.808,18,0.5917,0.0121
710,67,103.126,17,0.3823,0.2389
304,41,679.035,9,0.8149,0.0172
611,13,35.643,13,0.7866,0.6724
757,75,27.302,1,0.7553,0.1596
490,61,377.534,10,0.9706,0.1836
716,61,529.507,12,0.5742,0.0541
127,18,504.19,17,0.6968,0.1041
387,59,396.377,18,0.9338,0.3354
702,168,564.315,16,0.8112,0.1283
896,49,437.752,4,0.7508,0.0
646,176,612.219,4,0.7609,0.0
664,18,83.811,18,0.4919,0.3559
343,128,706.635,11,0.3689,0.0079
701,22,634.182,17,0.3286,0.0164
357,78,644.648,12,0.7646,0.0261
53,191,262.116,1,0.6393,0.0
247,154,681.77,20,0.9205,0.2128
612,103,102.311,18,0.3187,0.1275
962,127,56.541,10,0.7435,0.5035
496,133,287.377,6,0.4224,0.0
861,159,671.854,6,0.6132,0.0
779,119,696.88,17,0.893,0.1044
562,103,355.593,4,0.5766,0.0016
805,16,541.507,12,0.6582,0.0911
402,192,387.762,19,0.8417,0.3054
443,114,82.131,11,0.3129,0.1001
737,59,470.432,11,0.3047,0.0024
639,27,106.17,9,0.8402,0.4913
528,121,472.638,6,0.582,0.0
434,157,173.498,6,0.8926,0.2211
976,162,189.966,9,0.8679,0.3214
66,178,486.111,10,0.8274,0.0803
56,179,335.025,1,0.9791,0.0
480,125,597.856,17,0.6654,0.0406
35,190,489.958,1,0.4117,0.0048
341,15,212.752,5,0.5606,0.0047
569,80,559.635,7,0.9197,0.0
406,97,47.035,19,0.7628,0.6691
204,140,529.209,15,0.7201,0.0994
285,60,277.789,4,0.3402,0.0
605,59,217.869,15,0.7924,0.4111
952,181,376.555,10,0.7712,0.1123
782,130,653.172,1,0.851,0.0033
548,128,185.232,9,0.8311,0.3329
139,37,719.558,14,0.5926,0.0619
243,101,424.198,10,0.3825,0.0257
441,85,181.895,16,0.4777,0.166
247,125,497.749,20,0.498,0.0727
689,185,529.614,5,0.9688,0.0303
367,56,382.927,12,0.5406,0.0
834,163,94.456,4,0.3858,0.0006
270,127,586.97,9,0.9743,0.0738
497,100,583.469,15,0.8189,0.1105
715,191,551.083,10,0.5466,0.0211
207,30,544.231,12,0.3046,0.0174
762,136,274.864,10,0.3029,0.0
586,80,355.018,8,0.6205,0.0264
648,137,476.421,15,0.9048,0.2129
455,28,119.718,12,0.7559,0.4572
936,148,435.24,6,0.33,0.0211
772,14,79.788,17,0.4108,0.2148
193,70,610.511,15,0.8082,0.0459
556,182,86.716,2,0.6106,0.0175
904,127,556.252,13,0.7993,0.1143
280,99,160.228,11,0.9317,0.4717
537,67,668.46,13,0.8133,0.1124
755,18,473.904,6,0.7592,0.0
274,23,310.708,2,0.8911,0.0
518,144,31.895,6,0.609,0.4064
553,55,437.36,11,0.7528,0.0592
178,15,272.498,16,0.8705,0.3637
178,88,574.874,7,0.9042,0.0264
564,80,570.862,13,0.5608,0.0221
179,192,494.82,14,0.5353,0.0089
949,47,193.198,18,0.4502,0.1685
524,54,124.942,16,0.9068,0.6168
706,33,358.134,8,0.7046,0.068
397,38,325.968,9,0.6996,0.0881
299,107,484.684,11,0.4691,0.0224
487,45,383.86,7,0.5475,0.0099
711,144,356.604,3,0.3552,0.0
398,164,346.432,12,0.5217,0.0566
283,98,363.304,18,0.9812,0.4825
144,48,628.021,10,0.7271,0.007
543,165,123.44,13,0.7754,0.4816
680,194,14.0,13,0.7297,0.7022
527,184,160.122,19,0.7586,0.5365
255,185,223.75,12,0.9365,0.4383
248,162,441.135,13,0.9485,0.1694
378,148,606.774,19,0.3297,0.0
348,192,513.544,3,0.4877,0.0
204,68,718.773,4,0.4218,0.009
943,186,1.01,12,0.936,0.9389
330,5,137.291,18,0.8565,0.5831
251,167,63.164,19,0.9502,0.8285
607,67,477.953,9,0.3268,0.0185
802,59,307.702,4,0.7239,0.0
465,136,224.479,15,0.3339,0.0257
668,35,225.456,7,0.4207,0.003
96,199,642.997,4,0.8736,0.0125
533,146,54.828,13,0.7384,0.5819
67,4,225.992,17,0.6739,0.3176
138,170,360.171,12,0.3192,0.0
592,22,296.636,7,0.4978,0.0363
205,165,495.174,4,0.5494,0.0318
37,163,437.588,19,0.5986,0.1687
179,129,576.439,4,0.3879,0.0074
773,121,607.877,13,0.4714,0.0114
587,166,288.257,3,0.7698,0.0236
382,171,623.639,10,0.74,0.0211
974,142,455.344,11,0.5473,0.0027
386,35,619.541,17,0.5469,0.0
878,134,335.335,19,0.8743,0.3585
345,41,18.896,18,0.4958,0.4901
26,10,473.912,11,0.3459,0.0097
111,31,695.542,11,0.5242,0.0
274,93,669.84,9,0.4072,0.0016
187,193,109.893,5,0.4964,0.0911
158,7,352.732,5,0.5214,0.0255
384,15,628.484,4,0.4394,0.0
976,19,300.194,18,0.5072,0.1261
201,39,373.318,15,0.7411,0.1419
236,109,718.272,20,0.6981,0.0947
996,165,347.762,7,0.3445,0.0
202,10,137.226,15,0.5049,0.2302
831,161,28.326,1,0.617,0.0765
621,183,332.453,11,0.319,0.0488
928,16,370.758,9,0.975,0.2009
557,91,662.392,19,0.4651,0.0
594,163,570.335,9,0.7499,0.0148
226,140,45.732,11,0.3799,0.1914
575,38,588.198,18,0.5668,0.0269
671,30,50.529,7,0.3148,0.0945
987,90,10.608,19,0.3944,0.38
98,170,394.038,4,0.3882,0.0151
157,190,381.685,17,0.7391,0.1815
20,96,228.181,3,0.3161,0.0326
791,106,331.87,12,0.5295,0.1082
83,112,662.708,9,0.43,0.0
916,99,487.161,3,0.7694,0.0
365,130,246.865,8,0.3279,0.0296
289,55,672.478,3,0.7363,0.0
976,108,117.759,5,0.7123,0.1791
721,123,126.546,15,0.3785,0.1533
548,113,168.147,11,0.7885,0.3629
889,195,167.777,14,0.4483,0.2094
755,149,51.579,15,0.3652,0.2374
638,147,223.301,15,0.347,0.0698
322,162,395.256,13,0.9794,0.236
987,106,160.792,11,0.4966,0.0969
720,62,77.371,16,0.8967,0.7437
946,108,468.511,18,0.6678,0.1187
967,185,302.682,17,0.8991,0.41
550,176,470.578,9,0.8604,0.0811
358,71,178.963,3,0.4829,0.0215
948,97,544.505,7,0.64,0.0
1000,55,700.411,20,0.457,0.0337
122,3,188.459,14,0.5527,0.2424
639,63,460.525,4,0.9791,0.0113
603,21,550.96,8,0.575,0.0307
749,72,391.387,15,0.3858,0.0136
976,11,209.973,19,0.6704,0.3317
253,64,154.78,12,0.7998,0.4413
976,143,465.723,18,0.5318,0.0573
644,169,345.783,11,0.6234,0.0655
83,178,602.929,16,0.8707,0.1308
512,113,64.79,19,0.5164,0.3699
134,110,24.044,12,0.9079,0.8424
957,194,267.327,16,0.8391,0.3632
764,112,341.803,4,0.8311,0.0203
905,17,460.669,2,0.9142,0.0
603,188,82.559,10,0.7303,0.4417
397,123,423.057,13,0.6082,0.0819
429,134,585.479,7,0.9047,0.0058
947,20,654.921,10,0.7156,0.0328
152,94,647.878,9,0.5156,0.0
885,92,373.539,9,0.4567,0.0183
423,163,647.508,16,0.5522,0.082
591,77,387.311,1,0.8277,0.021
667,69,53.281,5,0.4496,0.202
83,137,701.057,18,0.7688,0.0684
149,4,2.374,18,0.5977,0.6032
161,150,206.128,7,0.4128,0.059
779,2,33.871,10,0.7501,0.6359
77,48,391.669,20,0.984,0.4258
611,100,408.767,10,0.3221,0.0
108,39,459.491,17,0.7451,0.1434
768,8,101.489,3,0.4075,0.0046
977,84,13.036,17,0.3211,0.2748
415,142,191.658,11,0.4367,0.0655
213,49,37.551,12,0.4007,0.304
445,55,25.887,7,0.4909,0.3485
691,136,190.412,17,0.7351,0.4041
728,190,719.162,6,0.9231,0.0062
637,104,578.539,6,0.3529,0.0528
582,112,260.779,9,0.4676,0.0305
632,166,271.1,12,0.3151,0.0314
218,14,669.525,1,0.6477,0.0
207,197,476.794,12,0.5535,0.0193
931,96,602.699,6,0.9378,0.0091
580,76,622.474,9,0.3883,0.0061
862,124,122.305,5,0.645,0.1306
626,183,12.09,12,0.8839,0.8237
456,188,193.51,2,0.8067,0.0263
571,156,428.178,16,0.7289,0.1702
692,97,654.196,5,0.7793,0.0263
187,30,222.548,4,0.8859,0.0653
463,39,612.167,1,0.6251,0.0341
724,168,476.945,20,0.6358,0.1295
88,26,471.422,15,0.3827,0.0
74,97,515.867,10,0.9786,0.1121
161,82,368.548,7,0.9408,0.0358
592,142,485.152,14,0.7685,0.1232
239,69,571.262,10,0.6633,0.0252
437,141,424.563,19,0.7027,0.1352
134,102,28.719,15,0.4222,0.3009
251,178,367.874,20,0.7841,0.2695
18,38,430.024,18,0.8102,0.2354
808,153,630.318,12,0.7296,0.0038
467,145,4.261,1,0.3048,0.2019
176,165,35.448,20,0.3528,0.2579
527,99,265.233,5,0.4013,0.023
933,65,578.235,12,0.7988,0.0134
825,104,348.97,16,0.5986,0.1653
885,195,220.131,6,0.868,0.1688
407,39,499.297,16,0.9748,0.2151
361,133,363.389,12,0.6617,0.1006
317,45,413.29,19,0.5207,0.105
306,155,308.686,3,0.7053,0.0385
920,85,522.176,6,0.5279,0.0
138,172,11.713,15,0.5751,0.5858
852,33,1.709,18,0.3482,0.3381
917,25,491.796,5,0.534,0.0567
845,191,19.681,15,0.9816,0.9693
628,68,243.107,9,0.8232,0.1253
856,17,264.074,18,0.9549,0.5201
32,168,442.136,8,0.5198,0.0015
818,83,556.263,20,0.455,0.0583
511,185,591.801,5,0.3499,0.0143
959,88,202.071,20,0.6908,0.3833
86,152,117.279,15,0.8675,0.6139
931,116,706.186,5,0.9835,0.0
574,97,31.975,7,0.4452,0.2442
104,98,586.04,2,0.3494,0.0158
509,51,14.981,19,0.6116,0.587
38,148,349.542,4,0.5777,0.031
83,106,462.054,1,0.7294,0.0146
532,1,344.217,12,0.7054,0.1181
816,80,406.806,10,0.7054,0.0718
109,82,18.751,14,0.9732,0.9531
263,178,111.464,10,0.8665,0.5118
392,86,398.597,5,0.6469,0.0
542,114,596.037,12,0.4356,0.0397
1,17,395.091,18,0.8867,0.2898
640,79,359.878,3,0.3383,0.0
498,57,711.497,6,0.5568,0.0
963,100,280.978,18,0.5303,0.1604
302,180,277.853,19,0.3242,0.0398
494,187,53.758,5,0.5407,0.2525
82,58,563.998,17,0.4446,0.0421
918,123,49.224,8,0.7456,0.4887
834,191,98.464,15,0.5045,0.2383
355,46,41.337,12,0.9476,0.7991
461,88,138.921,9,0.8131,0.3917
858,101,316.283,1,0.3899,0.009
296,1,30.718,8,0.8453,0.7182
236,94,296.532,13,0.9506,0.3188
242,25,346.618,16,0.3337,0.0
708,63,80.219,5,0.5839,0.2041
212,24,40.17,4,0.9258,0.5604
89,148,226.706,16,0.4116,0.1059
166,167,468.559,5,0.8696,0.0
987,54,437.339,6,0.3876,0.0
873,9,91.597,9,0.4753,0.1762
954,99,66.631,13,0.7617,0.5902
278,23,134.966,7,0.3186,0.0
443,89,629.601,10,0.8486,0.0612
491,109,670.831,20,0.7715,0.1287
524,94,375.797,18,0.9634,0.4119
27,105,649.685,10,0.3042,0.0
598,114,95.042,8,0.4362,0.1604
39,33,473.378,8,0.5925,0.0
276,137,467.281,11,0.8017,0.1237
293,134,323.792,8,0.6416,0.0054
675,29,531.342,11,0.3766,0.0
897,87,342.257,12,0.335,0.0077
699,58,616.73,3,0.5427,0.0037
436,80,98.245,12,0.4114,0.1841
526,155,12.96,11,0.4235,0.3919
513,120,272.557,19,0.5066,0.1205
148,182,93.035,10,0.7078,0.4525
958,114,129.384,9,0.8491,0.4168
920,9,34.859,4,0.4458,0.2163
241,143,310.319,3,0.6015,0.0022
116,15,530.94,13,0.8064,0.1219
166,69,401.025,9,0.9018,0.2061
630,187,257.135,11,0.4463,0.025
30,198,8.924,6,0.8883,0.8306
104,30,366.771,3,0.6045,0.0
649,198,236.284,20,0.7531,0.4241
147,196,172.37,13,0.625,0.2754
69,176,325.387,12,0.8216,0.2333
21,166,122.863,10,0.8047,0.4152
706,16,231.903,1,0.6625,0.019
364,25,666.883,19,0.9676,0.1912
285,123,440.009,13,0.9325,0.1917
640,21,712.627,11,0.5366,0.0314
171,51,452.26,20,0.384,0.0563
522,196,70.275,5,0.4028,0.12
484,183,479.555,5,0.4813,0.0
675,51,623.495,15,0.7578,0.0955
624,108,657.192,18,0.4309,0.0
676,108,399.481,9,0.6938,0.0497
214,53,86.932,4,0.8246,0.2954
141,48,463.187,17,0.4451,0.0436
534,88,103.37,4,0.5153,0.094
58,121,40.818,10,0.3316,0.1598
455,161,152.835,9,0.3802,0.0483
626,169,70.315,5,0.562,0.1654
821,5,320.967,20,0.4923,0.1167
654,132,679.646,10,0.4494,0.0004
995,124,475.655,13,0.5287,0.0304
557,10,500.175,3,0.3761,0.0218
447,167,578.694,17,0.8093,0.1637
246,120,172.628,8,0.7156,0.1912
674,144,412.353,3,0.4835,0.0114
811,133,513.457,12,0.3949,0.046
321,67,219.27,12,0.3292,0.0729
76,41,279.355,13,0.7758,0.2454
11,76,505.114,16,0.4494,0.0382
633,153,582.188,8,0.6018,0.0032
664,128,260.695,7,0.7131,0.0232
121,126,450.683,4,0.5493,0.0
23,27,478.47,20,0.3259,0.0027
655,2,668.825,7,0.6669,0.0
398,134,567.079,20,0.9572,0.2689
418,191,140.462,11,0.3898,0.0811
263,72,450.654,19,0.5633,0.0964
719,90,689.59,11,0.5202,0.0
745,192,272.663,19,0.4686,0.1128
53,47,551.125,17,0.7419,0.1042
90,105,388.461,2,0.5591,0.0
556,18,315.504,2,0.5198,0.0282
604,53,410.805,4,0.4193,0.0133
145,75,306.38,11,0.5544,0.0577
159,138,229.321,4,0.9942,0.1085
683,62,548.125,4,0.9074,0.0
455,93,383.766,5,0.3672,0.0
120,60,673.138,18,0.7426,0.0842
610,29,6.789,7,0.6378,0.6273
74,159,554.048,14,0.7752,0.0991
231,135,113.705,8,0.9583,0.5063
714,130,548.193,6,0.3634,0.0336
223,117,626.631,3,0.6878,0.0
64,27,564.631,12,0.3484,0.0
960,104,427.769,12,0.5604,0.0226
225,142,88.789,18,0.6154,0.4012
515,99,691.502,17,0.3594,0.0
825,145,235.309,3,0.4703,0.0
990,66,20.811,12,0.7006,0.6038
810,103,1.852,7,0.4579,0.4287
340,77,531.939,13,0.8038,0.0702
855,200,599.856,10,0.7666,0.0528
13,36,578.286,8,0.6482,0.0
327,57,402.728,5,0.6914,0.0
200,137,455.14,10,0.5262,0.0156
529,12,652.95,3,0.6846,0.0
892,103,477.979,10,0.5249,0.0151
774,6,253.181,4,0.9348,0.0265
999,106,684.315,4,0.3583,0.0109
137,65,695.236,7,0.4423,0.0
753,38,452.268,16,0.4764,0.0284
725,100,407.809,16,0.8514,0.2617
457,67,674.567,19,0.6165,0.0568
98,16,560.324,20,0.6886,0.0843
105,107,85.917,5,0.5068,0.1251
914,114,689.903,5,0.4882,0.0
296,133,521.682,20,0.754,0.1697
638,181,532.22,17,0.7803,0.1346
946,141,288.971,13,0.6627,0.1413
494,160,6.577,9,0.7926,0.7682
210,130,196.011,6,0.8412,0.1503
485,135,238.735,3,0.3712,0.0447
230,159,328.511,19,0.4643,0.1411
182,133,505.109,12,0.7353,0.066
811,101,324.712,1,0.9117,0.0206
346,147,268.247,8,0.8679,0.167
685,194,179.025,16,0.708,0.3553
728,99,553.435,7,0.6106,0.003
550,46,567.109,19,0.3226,0.0
541,81,261.83,8,0.9452,0.2015
181,3,157.036,17,0.8211,0.5638
530,62,158.824,11,0.4989,0.1477
752,178,477.396,17,0.6541,0.1222
196,20,556.369,10,0.4674,0.0212
233,178,565.296,14,0.9409,0.1353
691,113,626.944,8,0.6139,0.0
982,64,543.341,5,0.8977,0.0454
393,95,350.129,3,0.7339,0.0062
829,176,192.868,10,0.6677,0.2006
183,24,269.437,11,0.9347,0.3238
570,114,204.644,14,0.3967,0.0957
944,54,72.084,18,0.3451,0.2379
442,109,104.037,20,0.7642,0.597
507,158,9.634,8,0.9407,0.8917
156,185,142.054,2,0.3935,0.0004
529,52,601.433,11,0.47,0.0376
586,133,386.963,18,0.5798,0.0851
982,86,280.703,13,0.9524,0.3728
201,101,171.299,11,0.8969,0.4059
367,33,424.91,9,0.9801,0.0902
648,172,700.856,19,0.8416,0.117
944,34,250.863,16,0.5439,0.1354
238,8,610.283,17,0.3369,0.0182
695,152,676.236,1,0.7308,0.0
880,82,566.697,6,0.9263,0.043
634,14,426.038,3,0.6127,0.0
427,137,217.814,11,0.5746,0.1568
235,58,24.52,1,0.8549,0.2424
289,196,530.476,17,0.5795,0.0428
52,197,688.318,19,0.8135,0.1177
153,111,496.377,17,0.4456,0.0185
438,96,26.562,2,0.7434,0.3442
141,89,100.831,11,0.6989,0.3842
11,122,283.231,17,0.607,0.1908
693,182,712.293,9,0.5302,0.0069
72,129,61.583,2,0.731,0.1374
142,20,229.217,16,0.9633,0.5486
596,40,397.578,9,0.5152,0.0171
922,126,81.054,18,0.3392,0.2107
725,74,85.117,11,0.9149,0.6786
33,96,49.927,8,0.3128,0.1169
168,81,362.251,16,0.3447,0.0379
741,120,206.651,16,0.4004,0.0867
733,47,28.922,4,0.8228,0.5534
392,15,361.563,6,0.348,0.002
950,47,526.059,13,0.6471,0.0
889,134,481.731,19,0.3967,0.0207
744,122,492.859,18,0.6892,0.1124
749,162,396.68,4,0.6403,0.0
785,22,562.6,19,0.5175,0.0644
149,29,45.383,10,0.7003,0.5162
701,26,137.718,20,0.5145,0.3072
940,113,506.527,5,0.8883,0.0265
225,115,242.067,19,0.9487,0.5632
15,32,172.35,12,0.6631,0.3275
361,90,19.96,7,0.3864,0.2683
270,11,625.37,7,0.5257,0.0
950,123,603.423,4,0.8747,0.054
446,114,44.01,20,0.4456,0.3555
662,6,219.509,9,0.3892,0.0235
982,18,154.871,13,0.9739,0.6067
790,141,149.282,5,0.6857,0.1107
750,180,186.189,7,0.6234,0.0999
969,170,214.219,19,0.9463,0.5985
689,114,508.845,1,0.6755,0.0
232,105,698.308,10,0.6464,0.0
727,162,33.193,12,0.5102,0.4065
322,169,232.82,7,0.773,0.081
331,182,480.708,12,0.7998,0.0566
645,80,220.614,19,0.3948,0.1574
316,96,138.015,8,0.8465,0.3223
25,16,121.25,6,0.6095,0.1398
1000,36,430.721,5,0.5934,0.021
572,76,109.184,10,0.9332,0.5972
671,162,69.966,18,0.4095,0.2858
809,90,539.905,10,0.6429,0.0063
635,118,247.836,14,0.6156,0.1639
611,174,644.12,17,0.7211,0.0732
792,96,357.655,3,0.4556,0.0068
296,67,95.319,10,0.4728,0.1697
829,147,139.192,20,0.3358,0.1559
725,64,634.717,8,0.8668,0.0192
183,78,90.843,6,0.3662,0.0487
147,178,227.522,3,0.7291,0.0243
880,88,218.811,4,0.321,0.0335
895,51,711.168,11,0.7138,0.02
994,167,701.603,16,0.4602,0.011
101,129,498.444,14,0.7658,0.1003
896,154,169.951,12,0.8371,0.3717
864,66,129.492,6,0.9853,0.373
768,157,43.738,11,0.8217,0.6705
498,191,44.606,14,0.9626,0.8032
509,33,677.414,5,0.9517,0.0
429,38,434.73,10,0.4968,0.0
30,113,143.181,12,0.5798,0.2477
501,145,562.661,1,0.5887,0.0157
238,1,55.482,14,0.5421,0.4163
201,111,376.359,1,0.8176,0.0358
56,26,141.365,9,0.5684,0.1485
458,196,323.287,2,0.9448,0.023
48,146,165.315,6,0.691,0.1374
850,199,98.712,9,0.514,0.2206
890,44,667.372,4,0.8909,0.0377
801,159,662.387,17,0.7787,0.0529
301,77,355.423,18,0.5218,0.1038
164,21,566.168,7,0.9267,0.0124
505,97,145.662,12,0.6128,0.2443
674,94,286.116,13,0.3742,0.0272
21,101,162.778,10,0.8704,0.409
857,171,60.769,17,0.7938,0.6573
439,56,305.478,18,0.3269,0.0
820,128,536.459,12,0.3959,0.0
78,40,536.388,14,0.9254,0.1356
426,176,319.517,19,0.3284,0.0165
459,92,321.628,18,0.685,0.2077
49,160,434.288,7,0.3415,0.0435
708,54,671.875,19,0.8824,0.1543
932,63,108.469,11,0.4108,0.1387
541,197,291.835,19,0.72,0.2954
396,40,652.137,11,0.9901,0.0657
637,113,395.294,20,0.7652,0.2854
361,65,570.992,4,0.5814,0.0152
360,79,333.363,16,0.5564,0.1263
760,140,663.197,10,0.9658,0.0532
591,157,641.046,3,0.7113,0.0154
264,97,321.361,14,0.9975,0.3784
408,128,4.105,11,0.343,0.3482
835,9,407.852,2,0.8676,0.0062
529,47,147.22,4,0.4301,0.0
77,149,173.58,13,0.5385,0.1899
858,134,309.697,20,0.7543,0.3397
741,9,324.267,11,0.8647,0.2119
267,179,619.744,8,0.6981,0.0
966,82,23.012,8,0.3732,0.3207
952,61,212.81,15,0.3028,0.0319
996,93,455.453,8,0.9106,0.0684
378,79,448.015,11,0.4919,0.0144
924,101,229.133,18,0.7698,0.438
807,33,128.531,16,0.843,0.5637
871,28,199.813,20,0.7913,0.4888
548,198,642.535,15,0.3708,0.0248
279,150,189.63,8,0.8425,0.2316
227,73,354.316,2,0.925,0.0406
967,170,678.495,10,0.8558,0.0357
503,160,85.702,8,0.6571,0.3337
928,140,626.994,10,0.4397,0.0096
555,145,535.359,19,0.7375,0.2041
535,191,349.761,14,0.7904,0.2121
74,167,683.265,4,0.4896,0.0055
403,52,54.039,5,0.7491,0.4311
557,146,615.379,4,0.9126,0.0077
110,33,142.732,8,0.5671,0.1818
163,101,255.347,20,0.6725,0.3159
591,14,88.533,3,0.8021,0.2021
249,34,356.861,15,0.8191,0.2606
701,145,122.159,1,0.7512,0.0052
461,75,184.048,3,0.6697,0.0419
404,33,43.4,4,0.7921,0.4679
118,196,220.018,9,0.8926,0.2817
407,188,118.394,1,0.9281,0.0
543,46,493.607,1,0.6003,0.0054
574,120,459.669,5,0.7984,0.0373
271,59,479.299,16,0.5828,0.0432
28,161,486.891,8,0.9027,0.0508
935,138,74.725,2,0.8816,0.1495
958,87,154.35,2,0.8272,0.0429
905,187,531.112,2,0.6426,0.0
290,147,347.433,20,0.6766,0.2581
603,31,453.856,9,0.8606,0.0586
141,89,41.226,3,0.3337,0.0613
906,166,278.451,3,0.6973,0.0243
6,108,315.644,18,0.468,0.1366
471,20,498.647,17,0.7221,0.1624
857,155,656.728,15,0.6336,0.0221
726,97,413.878,11,0.7466,0.0686
864,48,548.12,16,0.3658,0.055
497,164,463.496,10,0.9485,0.0925
96,177,655.177,5,0.7084,0.0437
8,118,583.86,9,0.5061,0.0271
153,144,178.437,19,0.8578,0.5661
58,49,160.447,8,0.7777,0.2847
448,150,656.608,5,0.6136,0.0
51,181,430.364,13,0.4952,0.0229
186,48,324.0,1,0.5239,0.0475
420,189,504.251,11,0.3357,0.0
736,19,203.195,4,0.5692,0.0529
675,90,582.284,1,0.6588,0.0454
59,15,380.211,8,0.8894,0.0743
904,90,627.171,15,0.7532,0.0988
550,130,463.642,2,0.4523,0.0474
349,175,187.727,2,0.9746,0.067
383,31,695.148,17,0.4551,0.0
849,178,290.049,19,0.7325,0.3346
465,200,551.589,12,0.5299,0.0226
246,14,184.356,10,0.3854,0.0871
425,193,300.588,19,0.8764,0.4264
69,182,531.696,6,0.7125,0.0075
154,6,501.458,12,0.6673,0.1036
315,13,676.106,2,0.5103,0.007
221,146,574.533,2,0.8452,0.0507
350,84,233.75,8,0.897,0.2505
65,53,621.64,11,0.8856,0.0374
611,81,663.209,1,0.3507,0.0134
116,69,686.973,2,0.4392,0.0419
217,196,648.381,3,0.3867,0.0
978,49,500.817,19,0.5131,0.0682
6,18,573.089,6,0.379,0.0
280,167,466.63,14,0.4239,0.0
501,168,230.535,19,0.7944,0.3887
308,179,587.681,7,0.7683,0.0
321,195,164.235,4,0.4979,0.0485
128,9,310.823,13,0.8769,0.2713
424,154,247.649,7,0.7676,0.1013
756,55,124.361,16,0.6022,0.3334
588,85,575.315,20,0.3152,0.0244
925,90,340.051,19,0.7592,0.3272
700,198,379.667,8,0.8479,0.0985
790,105,361.718,13,0.4568,0.0567
432,45,496.5,10,0.3832,0.0296
613,18,127.057,14,0.5206,0.2573
579,118,360.831,6,0.7916,0.0
814,167,187.749,9,0.9738,0.4286
502,143,699.607,3,0.5746,0.0
405,187,43.797,5,0.881,0.5372
71,9,668.485,5,0.8327,0.015
860,81,43.609,8,0.9209,0.7715
436,123,79.117,4,0.7644,0.2926
799,172,652.557,14,0.9625,0.0906
679,63,466.63,20,0.9421,0.3336
2,136,233.917,18,0.3236,0.0447
652,42,423.828,16,0.6617,0.0931
488,119,120.047,14,0.5294,0.2665
240,156,47.172,7,0.8926,0.6477
265,164,35.92,20,0.5865,0.4875
638,91,194.781,12,0.9395,0.4472
87,95,129.578,14,0.9355,0.6129
607,177,290.688,2,0.5549,0.0
847,110,631.262,13,0.7024,0.0
87,71,272.87,4,0.3194,0.0
8,55,287.267,1,0.5499,0.0
61,143,87.396,19,0.7607,0.5993
731,143,711.872,13,0.4479,0.0025
848,108,105.004,1,0.4112,0.0315
989,32,243.913,2,0.9678,0.0
29,33,680.961,16,0.7085,0.091
483,49,327.819,11,0.6954,0.0854
49,3,243.764,4,0.8743,0.0459
372,96,515.059,12,0.6901,0.0432
308,83,24.264,19,0.7524,0.6671
606,78,231.601,13,0.5151,0.1284
909,187,417.977,17,0.5643,0.0932
805,48,713.531,18,0.4915,0.066
64,162,696.649,19,0.7191,0.0892
241,39,451.042,10,0.7168,0.044
275,123,245.211,20,0.4159,0.1027
251,173,396.263,10,0.8349,0.0985
354,168,672.419,7,0.4356,0.0
608,119,480.531,11,0.7796,0.0597
740,42,107.853,18,0.344,0.1785
940,76,699.526,7,0.9429,0.0
703,85,649.637,10,0.342,0.0248
299,170,156.472,6,0.3451,0.0141
185,76,473.1,8,0.3604,0.0186
377,166,632.384,3,0.6179,0.0
800,191,159.164,18,0.6855,0.3811
994,23,665.06,17,0.406,0.0393
393,188,130.046,20,0.8256,0.5935
177,114,257.484,1,0.3864,0.0284
5,121,679.078,2,0.9564,0.0
77,62,681.626,20,0.604,0.0
637,67,17.253,17,0.6801,0.6823
590,109,623.87,6,0.8361,0.0
644,40,499.634,10,0.8811,0.0486
25,144,627.703,15,0.8579,0.1318
437,134,332.848,8,0.5356,0.0
181,2,706.695,15,0.8213,0.0995
337,43,538.853,16,0.361,0.009
623,103,546.859,8,0.74,0.0223
276,149,307.682,1,0.5494,0.0111
660,59,282.775,9,0.312,0.0
290,178,148.399,20,0.854,0.5671
511,107,42.406,12,0.9156,0.8022
460,108,649.103,3,0.389,0.0
384,22,425.504,2,0.4155,0.0
127,126,402.064,20,0.3899,0.049
577,164,243.71,1,0.9998,0.0174
991,43,532.714,1,0.3391,0.0
644,109,293.251,15,0.7866,0.2911
746,2,582.807,3,0.3279,0.0263
804,43,57.933,11,0.7545,0.5754
39,15,178.527,3,0.9787,0.112
793,154,204.413,20,0.4207,0.1454
243,200,17.286,4,0.783,0.5837
665,8,477.846,6,0.7914,0.0255
984,141,505.315,6,0.5289,0.0011
895,119,297.936,8,0.9185,0.2161
415,141,572.829,7,0.788,0.0172
839,101,686.709,13,0.4498,0.0253
619,199,530.557,9,0.3995,0.0
134,8,484.92,14,0.89,0.177
240,30,324.002,12,0.3244,0.041
957,50,398.73,8,0.908,0.1086
916,157,207.796,17,0.3651,0.1614
892,16,176.138,3,0.9103,0.0858
385,25,19.359,18,0.4784,0.4377
321,147,346.484,2,0.8652,0.0073
807,84,162.444,11,0.9995,0.5575
21,142,336.768,1,0.4967,0.0349
898,74,584.991,12,0.8924,0.0879
604,18,264.652,8,0.8512,0.1261
633,120,232.105,3,0.8513,0.0404
439,22,321.997,6,0.529,0.0354
980,96,357.008,10,0.8789,0.152
750,177,196.685,1,0.9621,0.0366
54,37,432.143,9,0.3087,0.0228
525,41,21.362,14,0.8649,0.8119
860,190,350.265,5,0.3598,0.0
77,61,467.472,8,0.4445,0.0
737,75,335.977,9,0.5669,0.0523
245,137,704.36,11,0.991,0.0767
507,26,112.048,13,0.8079,0.5112
883,13,326.471,18,0.9935,0.4233
493,169,210.447,15,0.573,0.2227
38,190,650.369,8,0.8064,0.0294
21,198,129.726,18,0.7684,0.5263
737,5,375.666,5,0.3035,0.0
931,106,305.798,16,0.3653,0.0161
292,170,660.444,6,0.3092,0.018
936,169,401.696,8,0.6289,0.0693
453,73,335.541,1,0.7039,0.0
59,99,422.541,18,0.3292,0.0
532,31,512.365,5,0.4737,0.0
974,28,23.514,1,0.8498,0.3008
251,76,178.046,19,0.3855,0.1772
961,47,170.104,20,0.7802,0.4942
652,195,299.51,3,0.6173,0.0009
397,17,415.198,18,0.3563,0.0255
694,106,659.482,7,0.8146,0.0
401,112,407.572,16,0.8931,0.2328
86,12,131.057,3,0.6729,0.0553
871,89,378.854,1,0.6813,0.0513
374,189,308.859,2,0.3388,0.0645
566,22,465.106,16,0.9666,0.2704
745,29,458.697,8,0.9148,0.0473
83,34,475.474,4,0.9953,0.0
722,11,718.051,17,0.8173,0.1502
366,177,20.362,8,0.7354,0.6084
545,10,548.931,1,0.9114,0.0003
458,57,615.561,17,0.9562,0.2237
778,166,176.878,14,0.9438,0.5404
188,200,545.444,14,0.3253,0.0401
108,31,76.035,1,0.8411,0.0
411,73,390.852,4,0.5594,0.0
119,36,232.463,15,0.8693,0.4012
243,39,164.546,16,0.3421,0.0945
658,189,466.138,20,0.6656,0.181
819,68,290.188,17,0.9862,0.4259
694,123,119.981,6,0.7215,0.2229
318,32,436.946,11,0.3389,0.0127
815,58,365.151,10,0.972,0.2256
407,73,30.893,9,0.4975,0.3588
182,118,591.036,11,0.9502,0.0877
757,181,710.466,18,0.4605,0.0176
517,49,246.755,5,0.6431,0.0419
371,130,710.861,12,0.3894,0.0425
661,99,716.993,1,0.9164,0.0
725,160,334.614,11,0.7646,0.1611
224,67,662.926,2,0.3768,0.0
118,85,563.354,18,0.8913,0.2006
517,125,600.912,8,0.9946,0.0606
52,89,88.644,5,0.9668,0.4787
639,152,561.941,5,0.3299,0.0
440,3,170.69,6,0.8556,0.2125
215,70,538.312,11,0.9476,0.098
599,35,170.229,7,0.9962,0.3907
376,29,564.532,2,0.9601,0.0
389,11,643.56,4,0.9133,0.016
217,72,361.503,14,0.933,0.3044
677,44,312.209,7,0.4506,0.0266
903,152,105.326,4,0.9692,0.3161
619,101,170.29,13,0.8386,0.4515
237,158,714.399,1,0.5141,0.0198
834,178,526.315,13,0.6191,0.0251
121,158,553.862,6,0.523,0.0
290,85,586.179,11,0.7845,0.0683
36,195,420.43,14,0.3882,0.0216
849,78,317.882,9,0.516,0.0
45,165,250.949,3,0.8064,0.0
547,35,20.117,15,0.8525,0.8349
192,194,583.094,16,0.6488,0.0514
213,61,622.783,6,0.7284,0.0
609,126,247.249,13,0.8233,0.3012
804,71,371.058,1,0.6317,0.0205
18,46,416.387,7,0.7354,0.0116
159,66,473.545,17,0.3903,0.055
287,122,468.093,2,0.9684,0.0
944,23,142.041,7,0.4503,0.0812
59,40,494.558,19,0.6155,0.127
179,184,541.95,10,0.9364,0.0915
404,18,12.923,5,0.5672,0.486
326,145,445.067,15,0.4481,0.073
49,61,300.328,13,0.8933,0.3188
541,64,637.35,10,0.381,0.0
608,73,679.515,14,0.8734,0.0852
177,77,420.507,16,0.3946,0.0375
689,142,288.019,11,0.3191,0.0415
57,161,675.441,4,0.4461,0.0099
732,73,194.621,12,0.5288,0.1546
260,35,354.891,17,0.5835,0.1495
225,1,254.572,6,0.8602,0.1189
197,145,111.037,2,0.9108,0.0494
869,184,643.947,12,0.5477,0.0386
503,7,180.725,7,0.4172,0.0134
691,118,572.748,17,0.5744,0.0097
204,44,542.421,13,0.8412,0.1145
57,43,480.29,16,0.9719,0.2505
39,166,78.917,10,0.5094,0.2711
441,51,288.762,5,0.323,0.0
327,61,667.378,14,0.915,0.1077
768,25,263.777,16,0.5321,0.1373
789,181,15.12,5,0.7501,0.6305
311,182,522.544,14,0.3992,0.0116
434,183,495.224,20,0.6181,0.111
382,47,417.917,9,0.6009,0.0061
676,38,261.582,6,0.7236,0.0277
630,189,232.761,10,0.7322,0.2061
652,123,165.654,9,0.6203,0.1626
56,53,426.263,11,0.9836,0.152
338,10,717.226,14,0.9788,0.0984
967,160,564.175,16,0.4457,0.0
342,161,471.657,15,0.6128,0.0583
175,3,410.257,13,0.6156,0.0964
200,96,507.984,14,0.5892,0.0218
27,97,361.628,17,0.3236,0.0643
781,93,610.224,5,0.7211,0.0003
6,74,419.158,17,0.4944,0.0513
597,66,178.543,4,0.3079,0.032
400,67,405.795,19,0.7754,0.2422
95,185,177.071,11,0.9057,0.4198
885,199,385.914,18,0.3235,0.0155
742,23,579.411,20,0.8791,0.3155
820,145,523.979,1,0.7285,0.0
937,115,195.02,11,0.5336,0.1339
913,52,525.227,8,0.7119,0.0431
701,38,89.566,4,0.657,0.1696
534,151,464.827,8,0.7516,0.0406
697,73,227.05,13,0.6633,0.2423
449,26,444.537,14,0.6025,0.0862
182,194,620.968,2,0.3167,0.0
386,186,96.744,12,0.5478,0.317
467,84,501.616,13,0.5257,0.0273
47,86,492.149,20,0.4403,0.0506
848,85,545.107,5,0.5007,0.0
910,39,697.91,13,0.9781,0.0824
420,22,347.989,16,0.4539,0.048
497,55,98.574,12,0.369,0.1251
841,78,501.234,5,0.9067,0.0
456,32,392.848,18,0.6602,0.1887
689,8,584.663,3,0.944,0.0
516,187,571.053,16,0.3258,0.0
272,176,527.98,19,0.6828,0.13
795,62,286.173,4,0.5151,0.0
193,123,342.761,13,0.5505,0.0897
225,29,659.598,10,0.8194,0.0365
692,186,314.182,15,0.82,0.2938
710,163,422.56,20,0.6322,0.1345
955,36,492.289,5,0.3244,0.0
711,43,83.772,15,0.9542,0.7605
25,67,554.094,19,0.3058,0.0
850,19,11.257,1,0.6693,0.3405
414,70,707.102,17,0.4412,0.0092
9,134,409.464,2,0.6466,0.032
580,146,121.418,4,0.3549,0.0
171,2,564.726,15,0.3159,0.0
416,71,608.135,18,0.8919,0.1872
472,167,147.832,16,0.4525,0.2253
75,175,30.183,4,0.4785,0.2672
851,113,377.874,17,0.3132,0.0003
511,148,461.388,6,0.8671,0.0262
966,50,121.565,6,0.6943,0.228
465,174,404.576,16,0.8669,0.2778
595,95,379.238,17,0.6097,0.163
813,139,621.859,16,0.7485,0.0585
213,53,587.49,20,0.6694,0.1548
909,35,95.443,5,0.8436,0.3059
185,107,509.2,12,0.5392,0.0261
996,105,362.313,12,0.3813,0.0001
640,115,335.973,12,0.4638,0.0358
519,162,117.301,20,0.6898,0.4759
211,155,538.43,5,0.4942,0.043
570,61,625.289,4,0.4165,0.0
554,94,148.363,5,0.9206,0.1952
984,18,21.658,2,0.5255,0.197
835,158,438.783,1,0.3247,0.0
483,28,706.533,7,0.7025,0.0148
390,14,488.907,5,0.8204,0.0009
388,105,182.321,19,0.4196,0.1705
379,185,628.431,4,0.6487,0.007
14,76,387.636,7,0.3738,0.0
37,38,367.271,14,0.4356,0.0184
752,37,41.712,13,0.4809,0.336
255,168,44.152,1,0.8569,0.1178
412,133,417.307,11,0.4268,0.0
699,99,580.917,20,0.3649,0.0
608,186,542.405,5,0.5593,0.0
361,21,677.38,19,0.9879,0.2555
753,124,362.237,18,0.6777,0.1742
159,72,447.11,7,0.669,0.0069
473,47,451.763,8,0.8559,0.0259
106,184,274.051,19,0.6291,0.205
532,192,2.542,12,0.8042,0.7728
96,167,604.089,10,0.3465,0.0118
942,30,48.773,10,0.4937,0.2818
660,145,690.691,18,0.5978,0.08
246,72,607.653,3,0.5326,0.0
613,76,75.173,14,0.3232,0.1405
350,39,88.3,1,0.646,0.0
519,118,530.856,2,0.4857,0.0
168,172,391.668,3,0.613,0.0395
501,47,467.392,15,0.9046,0.2057
107,108,209.122,18,0.3822,0.0949
154,130,636.316,13,0.6521,0.0432
585,127,391.168,9,0.5594,0.0
501,53,407.355,17,0.5142,0.0746
294,6,713.224,6,0.5755,0.0353
60,166,555.628,16,0.3839,0.0254
424,120,496.097,14,0.6988,0.0919
926,141,624.053,15,0.6102,0.0421
709,107,713.487,6,0.9234,0.0
59,78,585.119,13,0.3368,0.0
938,51,580.697,4,0.7902,0.0165
424,132,138.169,18,0.3266,0.1202
576,167,628.871,2,0.6261,0.0165
1,66,634.533,16,0.5451,0.0661
311,5,430.079,12,0.452,0.0517
787,32,468.627,15,0.9897,0.2653
331,116,449.304,2,0.6664,0.0049
167,48,392.591,3,0.9399,0.0
91,163,132.444,7,0.6885,0.2016
925,55,473.717,20,0.9737,0.342
813,99,273.483,10,0.9659,0.3061
44,46,386.514,18,0.3478,0.0186
926,91,648.85,7,0.4918,0.0045
821,136,79.052,11,0.9362,0.6717
360,160,687.95,9,0.5262,0.0
657,148,409.315,19,0.6396,0.1721
258,102,683.897,9,0.4537,0.0071
250,92,144.867,11,0.8843,0.4577
715,66,39.56,6,0.5378,0.3315
203,198,447.317,12,0.7113,0.0676
356,147,379.578,12,0.6421,0.1042
358,179,529.251,17,0.7503,0.1719
151,148,433.244,11,0.7573,0.0739
829,18,370.529,8,0.4341,0.0116
674,54,649.881,13,0.4686,0.0181
862,93,233.192,15,0.5233,0.1482
524,63,195.877,6,0.8557,0.1533
176,182,578.972,17,0.5895,0.0553
280,99,253.503,8,0.7387,0.1396
354,45,405.633,18,0.5574,0.0656
942,120,442.308,8,0.3011,0.0
238,76,212.368,13,0.6785,0.2741
694,26,256.46,7,0.552,0.0582
123,190,29.784,6,0.8845,0.6669
956,190,201.626,3,0.8824,0.0
647,156,235.123,16,0.757,0.3644
431,63,12.592,10,0.3701,0.2738
346,167,592.767,2,0.7551,0.0
355,58,637.509,6,0.6123,0.0211
226,176,128.053,13,0.9655,0.6632
600,177,436.114,15,0.6616,0.0797
866,35,318.495,15,0.4843,0.0846
242,63,92.465,19,0.721,0.5728
749,140,18.461,18,0.6831,0.6321
567,47,477.924,8,0.554,0.0
774,161,57.836,8,0.7863,0.5779
770,136,641.591,5,0.6499,0.0
40,46,568.659,16,0.6168,0.0
22,156,521.627,15,0.9773,0.2253
916,9,606.867,12,0.6733,0.0431
156,77,77.212,15,0.6469,0.4911
575,36,451.556,13,0.8691,0.1821
754,1,149.0,17,0.8216,0.5369
504,149,374.468,14,0.3955,0.0027
7,31,258.477,12,0.6565,0.2062
11,139,88.559,4,0.5268,0.0881
670,16,528.998,11,0.7502,0.0724
898,179,217.696,15,0.5609,0.2125
344,196,88.929,20,0.7463,0.5974
544,64,633.239,2,0.6415,0.0
934,98,97.369,5,0.6393,0.2152
826,125,148.297,20,0.9699,0.7079
541,118,17.562,20,0.9369,0.9082
656,6,373.613,3,0.9893,0.0255
962,196,594.312,6,0.7529,0.001
797,188,612.957,20,0.7987,0.1879
416,98,535.651,2,0.4344,0.0086
693,111,339.634,6,0.3479,0.0
329,34,640.461,19,0.4673,0.037
921,150,552.452,9,0.5403,0.0
94,103,640.308,17,0.3572,0.0087
226,57,172.796,12,0.6058,0.2196
347,62,433.125,6,0.5903,0.0219
203,17,16.027,10,0.7272,0.6824
596,158,375.71,13,0.9132,0.2293
713,13,631.419,15,0.9305,0.1212
891,113,531.828,10,0.751,0.074
502,163,558.955,14,0.9348,0.1989
622,11,228.646,3,0.4553,0.0655
600,31,286.972,8,0.684,0.0672
4,153,710.112,16,0.9248,0.1108
709,165,192.805,16,0.9551,0.539
24,17,62.549,17,0.9966,0.85
548,54,280.396,10,0.8667,0.1872
1000,122,552.527,12,0.3472,0.0
788,109,377.239,13,0.8516,0.2087
507,104,31.95,2,0.383,0.0258
319,53,478.769,15,0.8676,0.1905
838,108,529.769,5,0.4144,0.0269
859,11,434.197,13,0.8142,0.1564
369,175,123.778,18,0.8966,0.6713
108,109,137.964,2,0.3962,0.0
583,75,293.579,7,0.3172,0.0
635,74,258.23,16,0.8338,0.3993
935,74,73.804,3,0.7,0.1695
891,88,618.796,10,0.5438,0.0007
230,39,665.763,15,0.5701,0.0213
253,121,103.978,3,0.3633,0.0
997,37,405.106,20,0.8294,0.3077
327,63,309.727,4,0.9297,0.036
459,175,294.781,15,0.4195,0.0662
306,113,418.047,5,0.6876,0.0
394,181,327.812,9,0.8344,0.1456
565,132,325.357,18,0.5226,0.1316
293,157,103.843,20,0.9607,0.7742
413,18,511.804,13,0.5087,0.019
353,101,417.759,5,0.9851,0.0267
108,71,40.794,2,0.3748,0.0319
787,4,270.625,14,0.3392,0.0339
892,18,157.193,17,0.6423,0.3158
493,38,281.079,8,0.3162,0.0038
205,2,86.019,14,0.855,0.6285
644,88,439.788,5,0.8091,0.0491
535,11,418.906,11,0.3068,0.0
552,165,427.002,3,0.3625,0.0
595,119,263.913,17,0.6203,0.2017
718,193,520.009,17,0.9802,0.2736
41,17,606.784,16,0.8785,0.1391
100,16,300.061,1,0.5514,0.0
96,174,312.081,11,0.5195,0.0206
155,79,646.932,10,0.81,0.0569
972,152,435.918,15,0.5129,0.0975
731,38,367.216,16,0.7921,0.2505
665,2,530.876,1,0.3294,0.0
699,100,223.648,19,0.8774,0.5069
34,115,24.069,11,0.4296,0.3281
214,23,505.533,2,0.5544,0.0324
795,3,465.344,8,0.7999,0.0779
463,43,308.835,15,0.453,0.0497
509,22,33.487,5,0.9983,0.7669
751,200,676.88,11,0.5407,0.0
76,198,526.288,10,0.6947,0.0437
799,4,277.9,8,0.9018,0.1734
681,92,145.158,8,0.9814,0.4354
404,77,400.07,12,0.9331,0.2164
500,6,15.797,4,0.9391,0.7536
75,134,329.459,14,0.8091,0.2401
205,171,711.648,20,0.3708,0.0007
247,123,532.353,16,0.4693,0.0399
878,184,709.157,2,0.7734,0.0052
113,128,285.432,9,0.7574,0.133
292,110,63.187,17,0.7445,0.627
132,190,694.897,14,0.3878,0.0216
285,142,623.046,16,0.482,0.0379
11,153,405.246,13,0.738,0.1009
273,157,165.872,2,0.6282,0.0193
724,7,532.029,15,0.7445,0.1407
768,147,14.337,7,0.4745,0.355
380,150,658.433,1,0.6739,0.0
707,99,502.122,13,0.319,0.0478
619,113,126.982,13,0.3325,0.1083
904,167,118.884,4,0.5126,0.0304
805,29,42.215,15,0.3087,0.1801
230,106,554.867,15,0.5821,0.0248
589,155,92.49,8,0.5209,0.1549
787,52,374.691,8,0.6491,0.0403
306,53,258.216,18,0.3658,0.0938
574,1,395.561,3,0.6156,0.0344
401,63,500.415,14,0.4178,0.0
309,72,151.567,14,0.6054,0.3014
200,191,144.757,5,0.4395,0.0301
36,17,243.403,6,0.7635,0.1021
750,130,673.369,11,0.4367,0.0
819,13,319.98,8,0.3238,0.0011
652,160,185.381,2,0.9864,0.0
242,94,374.317,9,0.7865,0.0597
19,86,130.277,15,0.8427,0.5938
632,189,551.055,9,0.3356,0.0418
200,150,230.216,15,0.7613,0.3335
549,22,707.508,16,0.6717,0.0
971,54,453.708,12,0.9439,0.161
5,55,440.521,13,0.7873,0.1764
578,122,209.531,2,0.4441,0.0
995,167,128.863,18,0.4127,0.1713
335,128,56.451,4,0.4587,0.1307
815,81,616.156,16,0.7254,0.0771
829,150,705.338,16,0.6112,0.0029
487,152,155.378,19,0.97,0.6664
307,17,715.271,7,0.8262,0.0
681,109,443.65,7,0.3835,0.0614
620,143,566.535,5,0.9654,0.0
477,121,711.619,12,0.8302,0.0296
193,49,702.206,5,0.3195,0.0
745,33,409.201,17,0.9318,0.3351
212,59,379.728,14,0.7595,0.1227
135,71,486.705,17,0.5577,0.0638
68,185,158.629,10,0.3391,0.0517
447,125,280.246,17,0.8625,0.4
121,168,595.947,3,0.4492,0.0039
336,6,79.498,9,0.63,0.325
242,157,330.788,13,0.9687,0.3216
460,38,227.64,10,0.832,0.2795
778,114,419.609,15,0.6892,0.1285
451,78,136.771,2,0.5642,0.0015
558,173,668.238,17,0.7622,0.1246
144,135,570.12,4,0.7205,0.0206
114,93,58.97,3,0.4715,0.0664
977,102,234.956,9,0.8611,0.2359
620,142,31.577,16,0.3836,0.3196
16,144,89.137,7,0.4481,0.1094
566,115,305.311,17,0.4007,0.062
11,146,237.544,5,0.7257,0.0579
78,158,375.085,16,0.3253,0.0
374,7,209.799,3,0.9699,0.0689
657,74,239.503,14,0.7371,0.301
621,181,689.908,16,0.9303,0.0841
791,65,629.995,3,0.386,0.012
180,165,10.124,17,0.4471,0.4606
192,110,433.838,13,0.8277,0.1542
534,55,102.785,10,0.8909,0.5184
869,71,568.498,19,0.4883,0.0532
723,97,601.967,17,0.8061,0.1159
670,25,475.642,8,0.8912,0.0691
95,62,484.843,19,0.5109,0.0805
879,137,613.113,18,0.5447,0.0107
985,182,73.772,4,0.5859,0.1636
583,191,509.667,13,0.8323,0.0921
337,77,86.792,17,0.5489,0.3406
663,159,30.94,3,0.3747,0.1378
643,80,459.974,1,0.692,0.0025
930,162,196.265,16,0.3379,0.0107
111,183,33.51,3,0.6908,0.3684
516,90,45.921,7,0.509,0.2681
710,121,705.389,9,0.7821,0.0123
350,174,161.017,18,0.4284,0.1691
841,28,293.937,14,0.8234,0.3085
65,50,192.267,6,0.9499,0.2458
106,126,673.47,10,0.8203,0.0332
791,36,53.615,10,0.5104,0.3437
126,159,391.337,5,0.6807,0.0028
419,54,344.271,10,0.8872,0.1976
282,68,498.472,13,0.8517,0.1377
689,163,646.839,3,0.3388,0.0237
12,106,0.786,18,0.3431,0.3772
357,159,12.415,14,0.3775,0.3696
987,126,271.955,16,0.6212,0.2003
369,103,289.465,11,0.4262,0.0723
599,103,641.199,6,0.7906,0.0
989,161,201.144,15,0.9284,0.507
608,200,610.877,19,0.3155,0.0178
755,5,64.729,4,0.8205,0.3538
959,102,56.192,8,0.3263,0.1553
618,157,536.614,19,0.3543,0.0135
833,129,549.222,18,0.6031,0.0319
509,97,68.483,18,0.9997,0.8211
815,159,715.003,3,0.5078,0.0229
642,94,58.393,3,0.6584,0.168
340,28,636.67,19,0.9842,0.2395
559,55,140.026,18,0.7406,0.4666
335,9,16.317,7,0.5548,0.4778
398,141,615.523,7,0.5292,0.0
292,195,133.128,9,0.4973,0.122
492,76,381.416,1,0.3577,0.0
347,147,595.385,17,0.3727,0.0284
627,197,111.82,18,0.8115,0.5846
370,79,533.69,14,0.6893,0.033
492,177,382.944,4,0.3905,0.0056
141,4,184.596,12,0.5819,0.2016
387,136,30.4,9,0.4638,0.3333
356,34,189.681,14,0.5937,0.227
962,157,306.115,2,0.7366,0.0261
447,2,265.224,11,0.3864,0.0302
22,167,516.308,17,0.8034,0.129
310,80,295.37,1,0.3273,0.0013
730,48,274.156,20,0.3074,0.0723
166,111,584.913,10,0.893,0.025
163,198,334.296,1,0.7988,0.0179
374,33,709.56,13,0.3587,0.0
357,63,413.825,14,0.3427,0.0
481,128,674.822,3,0.8797,0.0225
35,19,635.24,10,0.363,0.0
721,191,298.398,5,0.821,0.0394
214,105,441.314,19,0.737,0.2057
712,199,101.806,5,0.8887,0.3444
565,84,379.691,3,0.6172,0.0
203,167,305.552,11,0.7046,0.1659
470,67,348.558,19,0.3963,0.0356
37,89,133.085,5,0.9193,0.2656
702,70,623.746,18,0.5525,0.0614
304,110,58.039,5,0.4587,0.1563
384,45,562.574,19,0.3209,0.0
158,101,679.797,9,0.6172,0.0
365,168,77.009,9,0.3011,0.0449
396,32,312.536,16,0.7323,0.2645
225,159,421.372,10,0.8169,0.064
980,171,713.765,6,0.3784,0.0
280,7,623.143,8,0.6262,0.0
182,136,298.538,6,0.6222,0.0237
549,98,696.916,9,0.3955,0.0
319,128,238.846,11,0.6567,0.1216
454,59,245.124,14,0.7609,0.2659
726,45,364.753,8,0.7923,0.0289
79,58,561.405,6,0.3898,0.0
510,31,138.765,20,0.81,0.5661
22,82,534.705,17,0.7639,0.1325
44,175,2.443,17,0.4059,0.381
93,156,189.354,8,0.4387,0.0653
162,36,701.63,8,0.526,0.0
350,112,472.827,14,0.8141,0.1709
936,15,333.312,3,0.5296,0.0
907,12,527.003,20,0.8295,0.2242
104,126,313.667,5,0.769,0.0286
992,61,77.262,5,0.8116,0.3449
636,141,358.501,16,0.3519,0.05
554,32,687.912,6,0.6099,0.0
793,24,196.637,10,0.4195,0.0598
485,144,38.543,19,0.3547,0.2862
266,42,533.899,4,0.5057,0.0432
530,12,327.444,3,0.749,0.0
726,158,241.32,13,0.8074,0.311
683,142,351.284,1,0.9343,0.0267
170,186,669.635,13,0.8037,0.0493
939,120,180.554,5,0.3593,0.0291
285,96,144.774,7,0.795,0.2658
820,135,384.649,8,0.3592,0.0073
312,159,333.85,3,0.881,0.0
64,126,108.279,19,0.3263,0.1469
997,64,418.283,12,0.6852,0.0795
589,178,413.846,8,0.8738,0.0509
215,141,436.107,12,0.5545,0.0136
1,176,298.053,7,0.5914,0.0229
130,112,209.19,10,0.7608,0.24
170,90,236.732,3,0.5255,0.014
926,169,600.82,20,0.9625,0.2499
178,123,450.257,16,0.4386,0.0645
162,156,286.878,7,0.3262,0.0
838,178,441.746,11,0.9582,0.1429
880,57,252.047,11,0.6231,0.1414
209,39,621.175,2,0.8666,0.0295
651,30,524.031,13,0.7702,0.0663
535,120,73.133,11,0.8478,0.6465
577,162,40.914,14,0.5473,0.4545
312,196,24.544,5,0.9626,0.7881
752,7,20.31,17,0.4858,0.4478
881,1,358.027,15,0.7367,0.1996
726,136,130.616,5,0.6704,0.1177
904,54,485.826,12,0.3451,0.0
111,96,347.847,18,0.8697,0.3298
658,16,67.757,1,0.3639,0.0
1000,16,4.696,3,0.8388,0.7902
536,106,26.923,17,0.6143,0.58
942,138,384.236,2,0.7817,0.0
349,178,422.562,8,0.5716,0.0
897,97,254.494,18,0.7655,0.386
939,130,57.269,16,0.7468,0.6075
623,173,673.009,7,0.5794,0.0144
705,87,292.411,12,0.8975,0.2768
523,42,309.388,16,0.9616,0.461
317,166,274.959,8,0.963,0.2179
537,1,43.287,16,0.8651,0.7769
963,56,511.667,17,0.4231,0.0423
15,27,478.831,14,0.9753,0.1833
206,129,118.832,14,0.7033,0.3809
500,54,193.745,5,0.4506,0.0
340,69,394.009,17,0.7161,0.1847
624,131,271.583,9,0.7232,0.125
361,60,718.51,11,0.6016,0.0296
659,73,357.716,17,0.3773,0.0108
107,100,635.264,7,0.7656,0.0
333,24,147.719,2,0.4183,0.0
693,188,400.701,1,0.4829,0.0258
472,197,232.032,11,0.8527,0.3211
714,143,672.874,12,0.7662,0.002
637,22,397.074,4,0.4055,0.0164
329,95,471.014,13,0.6962,0.0638
429,72,55.197,3,0.484,0.0625
965,34,351.391,13,0.8051,0.1957
963,176,417.431,9,0.5448,0.011
36,84,209.445,20,0.4394,0.18
706,131,529.884,7,0.5376,0.0
491,139,336.204,16,0.915,0.3779
2,64,404.363,17,0.3335,0.0464
635,70,260.189,19,0.8121,0.3862
24,195,487.246,10,0.9534,0.1068
319,165,74.732,11,0.4798,0.2885
691,101,364.731,15,0.4137,0.0348
813,107,644.913,11,0.9567,0.0978
413,2,169.715,14,0.5849,0.2709
809,41,625.348,10,0.4445,0.0
840,2,637.295,20,0.5209,0.0527
448,162,166.296,20,0.6621,0.4011
174,189,58.581,6,0.5921,0.3074
660,33,550.499,3,0.6711,0.0074
14,57,690.2,16,0.5714,0.0315
894,71,184.488,4,0.6713,0.0822
389,163,657.406,4,0.932,0.0096
761,82,150.276,17,0.8735,0.5607
737,9,259.02,18,0.7168,0.2997
473,118,637.909,2,0.595,0.0
972,30,219.272,18,0.8937,0.5373
797,130,544.223,20,0.548,0.0422
884,172,106.244,17,0.9162,0.7267
94,14,273.022,5,0.4319,0.0066
485,199,677.361,7,0.489,0.0
952,133,163.31,13,0.7203,0.3806
813,11,505.374,3,0.7891,0.0198
455,45,662.119,17,0.944,0.1598
71,34,565.275,17,0.5971,0.0633
283,177,682.578,17,0.5879,0.0569
573,145,679.527,12,0.3473,0.0294
642,75,82.261,19,0.775,0.6103
925,106,433.396,9,0.8495,0.1136
93,70,307.651,8,0.307,0.0
397,82,491.73,9,0.7487,0.0656
273,128,534.764,6,0.5092,0.0
961,39,176.948,3,0.8245,0.08
167,152,576.005,10,0.3498,0.0
221,190,294.921,13,0.6441,0.1286
298,195,473.023,16,0.9104,0.2608
106,35,308.235,11,0.9869,0.3048
644,83,249.53,20,0.8044,0.4392
525,54,499.759,20,0.3593,0.0
558,127,390.402,4,0.6797,0.0
908,65,614.179,14,0.6695,0.0363
434,79,566.033,13,0.6421,0.0
312,28,625.266,20,0.629,0.1076
376,112,551.473,17,0.3148,0.0026
801,108,660.167,3,0.7807,0.0
529,111,113.222,5,0.7203,0.1929
170,69,461.327,14,0.6835,0.0915
690,152,59.793,6,0.8001,0.4884
746,122,359.996,17,0.6866,0.1869
250,36,620.238,12,0.5987,0.0
558,74,522.567,13,0.534,0.0178
564,133,419.917,18,0.577,0.1595
176,24,499.823,13,0.6628,0.0676
10,71,125.181,12,0.5621,0.2351
719,175,670.212,4,0.6083,0.0251
616,89,153.374,18,0.747,0.5227
714,102,120.636,7,0.688,0.2555
378,137,101.232,6,0.6054,0.1881
516,65,674.109,13,0.9099,0.0477
982,166,332.086,3,0.5401,0.0
226,4,384.04,10,0.4878,0.0
653,95,273.209,14,0.5381,0.1261
133,120,20.127,18,0.7374,0.6401
66,48,48.464,5,0.306,0.0961
958,157,11.839,16,0.5549,0.4806
130,16,388.308,17,0.3309,0.0208
656,131,139.711,11,0.8515,0.4964
515,127,289.826,18,0.5583,0.1445
810,158,331.704,13,0.4144,0.0153
547,42,383.69,6,0.6475,0.0197
697,31,642.874,14,0.5553,0.0041
895,117,31.607,13,0.9488,0.8826
830,195,356.098,14,0.7684,0.1865
722,157,95.376,4,0.6341,0.1566
163,43,667.13,14,0.978,0.1404
170,82,660.61,18,0.8115,0.1246
497,54,101.185,10,0.4362,0.1695
659,156,84.94,11,0.6252,0.3826
668,103,79.551,3,0.6505,0.1095
787,88,71.071,7,0.9405,0.6292
104,2,114.251,20,0.6895,0.4561
174,127,112.518,19,0.7805,0.6091
150,89,118.139,1,0.4144,0.0
542,8,107.4,14,0.5838,0.3634
634,40,272.409,1,0.4268,0.0486
116,146,183.178,14,0.6147,0.2965
869,150,300.588,19,0.9091,0.3891
304,99,643.549,12,0.8982,0.0758
661,152,253.739,10,0.4057,0.0306
752,148,206.618,6,0.5902,0.0923
37,124,658.378,17,0.967,0.1481
865,42,231.897,19,0.3892,0.1045
971,85,88.283,8,0.4107,0.1105
959,164,445.86,14,0.3645,0.0149
140,63,203.251,9,0.6651,0.148
393,133,374.611,5,0.998,0.048
233,166,553.067,15,0.9215,0.1648
451,107,407.427,12,0.4573,0.0
975,102,582.408,11,0.865,0.0921
764,38,248.513,17,0.3193,0.0
772,100,121.863,19,0.7207,0.5011
422,9,284.463,6,0.911,0.0963
937,23,296.882,14,0.5478,0.1257
921,109,515.639,9,0.5713,0.063
807,44,494.681,11,0.7569,0.0176
815,70,223.092,7,0.9117,0.1968
652,73,669.15,17,0.6797,0.0553
96,95,198.786,1,0.9575,0.0
285,140,717.456,11,0.7105,0.0331
769,90,24.028,10,0.5409,0.4487
327,170,485.256,6,0.8906,0.0018
173,97,446.742,7,0.8709,0.0156
948,199,421.356,3,0.7519,0.0
489,200,561.09,4,0.3961,0.0155
861,86,425.635,8,0.3017,0.0
285,154,439.336,3,0.3364,0.0468
360,91,631.759,13,0.4763,0.0379
344,176,134.862,12,0.4666,0.1637
374,154,382.668,20,0.7322,0.2431
438,68,512.857,19,0.6019,0.071
298,65,222.018,15,0.3182,0.0414
815,177,158.419,11,0.906,0.4556
327,109,93.245,13,0.7156,0.4692
442,139,189.504,2,0.5746,0.0208
861,136,479.743,5,0.5705,0.0492
438,34,442.968,15,0.374,0.0
11,48,124.076,15,0.6579,0.3494
1,181,353.885,1,0.9935,0.0
437,56,154.307,11,0.6651,0.2776
649,174,673.932,7,0.3104,0.0129
943,72,521.515,15,0.7337,0.1289
131,170,125.21,13,0.3053,0.0455
543,116,208.948,8,0.9384,0.3012
289,20,614.291,19,0.6612,0.1331
451,55,401.349,10,0.7834,0.1012
443,191,256.61,7,0.9123,0.1427
313,42,431.064,11,0.8495,0.0852
19,46,280.733,19,0.6815,0.2712
74,30,656.273,8,0.5825,0.0403
523,122,629.013,5,0.9468,0.0007
225,162,115.898,12,0.3162,0.0691
328,188,487.924,6,0.5843,0.0
91,178,603.144,6,0.6496,0.0515
50,177,152.49,12,0.9098,0.4559
127,181,627.551,2,0.4158,0.0
378,114,302.372,19,0.7896,0.3121
164,165,221.91,4,0.7678,0.0335
232,127,708.532,14,0.9717,0.108
303,28,495.52,10,0.908,0.1147
292,5,209.52,6,0.639,0.0281
12,20,381.612,2,0.3644,0.0
118,70,463.473,6,0.8882,0.0
951,100,512.74,8,0.4733,0.0
668,128,151.157,3,0.828,0.0573
124,105,444.143,14,0.6934,0.114
284,74,610.105,15,0.3336,0.02
384,147,578.733,11,0.3019,0.0129
906,173,212.23,4,0.389,0.0001
880,45,698.554,12,0.4911,0.0112
771,53,9.558,16,0.492,0.4567
107,187,561.002,15,0.455,0.0
491,195,228.662,8,0.9089,0.223
484,62,677.697,3,0.6736,0.0
638,102,620.03,10,0.3817,0.0
845,116,634.495,6,0.3728,0.0415
321,127,181.719,16,0.7137,0.3516
557,173,573.521,9,0.7712,0.0
264,22,239.844,14,0.7996,0.3448
211,105,322.266,6,0.7575,0.0576
314,44,651.169,5,0.7438,0.0026
736,151,518.866,9,0.8475,0.0501
438,120,461.388,15,0.3549,0.0032
682,150,93.296,18,0.7557,0.5604
692,182,387.795,18,0.4281,0.0477
363,159,89.369,3,0.4372,0.0261
956,171,54.48,14,0.8421,0.6883
47,163,681.565,6,0.9981,0.0
897,126,426.731,5,0.5239,0.0
8,79,4.922,18,0.6615,0.6542
383,68,337.966,2,0.7911,0.0
826,73,206.812,12,0.9637,0.4346
685,122,111.238,16,0.7524,0.5289
322,161,589.858,20,0.7942,0.1259
886,74,111.022,10,0.5,0.1708
138,116,120.189,4,0.5598,0.0737
671,83,167.861,9,0.9285,0.3817
519,122,513.102,16,0.3293,0.0021
208,164,137.731,11,0.689,0.2555
921,83,231.718,17,0.3955,0.117
766,80,649.738,14,0.3305,0.0237
9,41,407.119,20,0.3994,0.0462
87,100,124.98,13,0.6271,0.3018
57,92,619.2,4,0.7285,0.0377
416,33,369.001,2,0.414,0.0558
418,194,600.727,11,0.6589,0.0618
724,172,57.157,20,0.9807,0.8892
676,59,116.931,9,0.6763,0.3066
16,189,66.561,1,0.3434,0.0
477,55,346.749,13,0.4719,0.0772
785,84,279.219,13,0.3273,0.0171
898,27,299.819,2,0.7112,0.0
293,123,264.225,13,0.9141,0.3615
45,97,305.675,10,0.8428,0.1806
153,54,274.798,4,0.3318,0.0
341,58,115.376,1,0.8441,0.0231
444,188,409.955,12,0.6568,0.0578
352,138,625.866,7,0.8962,0.0188
91,31,715.742,5,0.5777,0.0
341,28,84.903,17,0.5848,0.3833
290,15,296.383,6,0.9915,0.1162
488,50,173.965,10,0.5409,0.0902
80,148,408.385,12,0.438,0.0
791,13,259.783,18,0.9823,0.5504
418,50,632.044,19,0.9329,0.1999
318,9,673.379,2,0.3773,0.0349
907,130,234.4,6,0.451,0.0196
745,163,256.942,15,0.8993,0.3744
137,106,385.406,14,0.4535,0.0691
147,182,457.758,2,0.5208,0.016
3,138,541.894,6,0.5434,0.0068
561,153,72.501,4,0.5375,0.1564
355,63,37.261,4,0.4621,0.1751
376,174,488.485,17,0.4256,0.0312
510,127,344.916,20,0.5536,0.1315
540,18,484.545,1,0.6559,0.0182
1,17,217.506,18,0.3163,0.034
108,180,124.378,8,0.3291,0.049
790,56,80.545,17,0.6856,0.5411
954,94,566.267,19,0.4241,0.0149
838,153,290.48,10,0.4133,0.0544
907,154,60.128,4,0.3458,0.0408
464,6,178.048,4,0.8546,0.0676
827,124,620.363,19,0.4999,0.0392
883,183,346.968,16,0.6542,0.161
893,70,614.48,4,0.667,0.0292
150,109,680.669,18,0.4761,0.0
147,53,48.676,6,0.8706,0.6143
403,145,679.149,2,0.9795,0.0014
504,24,267.482,13,0.6043,0.1702
959,104,502.907,12,0.992,0.1504
318,83,290.551,1,0.444,0.0
832,129,442.717,11,0.8334,0.1128
888,99,482.397,15,0.6653,0.118
966,197,96.183,8,0.6809,0.3384
190,197,310.694,19,0.9361,0.4157
242,57,149.143,8,0.9684,0.413
220,8,86.341,8,0.3017,0.0648
736,99,426.403,14,0.4664,0.0124
687,119,489.949,13,0.5056,0.0649
408,151,185.82,19,0.6294,0.3117
89,105,5.771,8,0.7144,0.6553
521,118,698.962,3,0.8959,0.0
733,5,342.154,14,0.9918,0.3701
475,153,469.488,20,0.6209,0.1203
269,66,54.623,11,0.5205,0.3891
593,77,446.747,12,0.8324,0.0939
661,85,549.191,11,0.7934,0.0512
592,15,34.596,8,0.384,0.305
874,99,377.21,2,0.7532,0.0142
314,77,102.678,20,0.8828,0.6744
610,47,106.209,14,0.3497,0.1
856,50,442.85,16,0.6813,0.1021
213,7,446.056,11,0.3115,0.0013
282,178,398.938,8,0.4975,0.0357
50,59,367.567,7,0.3364,0.0
375,175,338.657,5,0.9772,0.0259
45,168,346.739,10,0.7224,0.0941
747,92,241.144,3,0.9956,0.0782
89,162,185.649,7,0.9183,0.3041
693,43,191.632,20,0.5821,0.2479
580,37,653.878,6,0.663,0.0
988,180,192.396,6,0.8001,0.1615
349,130,269.963,3,0.4539,0.0
345,138,363.188,18,0.3431,0.0008
244,185,534.868,5,0.8903,0.0294
538,3,559.621,17,0.7283,0.1274
220,35,519.748,3,0.9504,0.0355
114,193,218.531,7,0.795,0.1591
949,26,117.845,1,0.4963,0.0
680,90,588.351,13,0.4864,0.0211
119,5,629.693,15,0.5343,0.0002
619,66,657.35,18,0.4303,0.0342
305,35,618.078,2,0.6404,0.0425
181,52,260.511,17,0.4811,0.1012
472,163,110.948,8,0.9029,0.4559
788,56,482.873,3,0.846,0.0401
1,163,467.756,13,0.4484,0.0364
356,179,178.863,7,0.6594,0.1315
921,109,446.749,15,0.9265,0.2055
395,108,718.736,8,0.3864,0.0
100,67,121.76,2,0.8545,0.0366
429,134,272.887,17,0.4706,0.0998
683,162,281.86,18,0.5395,0.165
997,173,154.136,12,0.6887,0.27
629,40,567.516,2,0.8701,0.003
51,138,509.404,10,0.4361,0.0104
810,28,156.61,11,0.9483,0.4958
781,99,617.684,16,0.6246,0.0779
652,18,306.863,17,0.524,0.1047
897,111,396.879,19,0.45,0.0773
770,171,493.28,10,0.5222,0.0436
233,164,629.457,15,0.5203,0.0338
422,143,163.708,20,0.8681,0.5523
508,116,426.693,7,0.5895,0.0527
489,125,483.699,15,0.5267,0.0384
639,20,638.251,19,0.4071,0.0357
702,146,556.165,7,0.7379,0.0135
104,137,658.436,3,0.5666,0.03
569,29,54.63,2,0.8765,0.2622
39,127,306.616,6,0.4034,0.0
512,77,220.903,17,0.711,0.3238
423,102,358.223,11,0.3432,0.0203
206,163,583.878,18,0.3882,0.0026
991,65,354.897,14,0.9863,0.3619
259,184,25.792,13,0.789,0.7473
57,84,483.155,1,0.6668,0.0105
359,103,7.906,7,0.3741,0.3209
758,6,70.833,10,0.3093,0.1411
10,25,524.101,12,0.4812,0.0422
493,57,598.405,15,0.6407,0.0398
418,196,229.383,1,0.3527,0.0
866,52,409.9,14,0.5491,0.0331
3,80,394.199,9,0.4818,0.0
18,171,40.503,19,0.9459,0.866
566,64,392.518,20,0.7356,0.2658
180,163,8.393,3,0.6871,0.5459
705,24,590.469,5,0.6415,0.0197
279,27,538.783,17,0.4061,0.0379
563,3,204.63,14,0.5657,0.236
38,25,189.247,1,0.727,0.0
694,121,137.293,3,0.8895,0.1445
519,19,686.013,5,0.9689,0.0077
1,123,609.044,15,0.7686,0.0768
266,120,603.251,6,0.8271,0.0
60,47,335.941,9,0.6599,0.059
45,8,584.39,18,0.4375,0.0
699,33,426.13,7,0.7792,0.0228
428,29,215.963,11,0.81,0.2787
803,106,310.198,11,0.4668,0.0
258,187,294.84,12,0.9242,0.3168
718,88,253.638,17,0.6569,0.2641
616,127,174.832,19,0.7799,0.4679
664,61,287.037,17,0.6649,0.243
829,19,431.691,12,0.7044,0.095
708,44,141.657,8,0.8156,0.297
746,96,102.558,18,0.458,0.2813
740,172,497.119,13,0.8506,0.1382
448,50,379.2,15,0.5386,0.069
725,197,253.886,7,0.6905,0.0329
843,128,653.735,20,0.7247,0.1896
739,72,332.42,10,0.9528,0.2112
608,125,239.184,6,0.424,0.0
75,140,156.096,14,0.5972,0.2808
437,138,233.022,5,0.3742,0.0
64,174,197.461,6,0.5996,0.041
104,133,624.169,7,0.8091,0.0365
362,6,642.285,7,0.5228,0.0
465,76,297.352,3,0.7437,0.0
528,182,188.255,4,0.8185,0.0577
901,42,94.285,17,0.6844,0.4971
763,100,515.756,13,0.8856,0.1712
423,101,633.003,5,0.3444,0.0
335,112,296.299,17,0.8033,0.325
713,174,629.989,1,0.9007,0.0
276,108,178.586,19,0.8317,0.4972
884,1,438.469,16,0.5861,0.0791
782,49,58.846,19,0.5204,0.412
683,127,405.668,10,0.4229,0.0
250,157,460.031,16,0.5875,0.0431
622,130,464.131,6,0.5108,0.0144
821,147,560.836,10,0.7519,0.0511
72,49,68.669,20,0.4388,0.3002
178,20,200.925,17,0.3037,0.0459
516,190,499.16,11,0.8396,0.0705
360,113,426.498,6,0.8291,0.0552
710,148,683.631,10,0.4706,0.0184
402,192,564.717,11,0.7507,0.0824
997,37,339.37,14,0.8577,0.2961
300,175,384.531,19,0.5497,0.116
361,74,475.153,2,0.6722,0.0
4,126,7.859,12,0.4958,0.4727
248,78,262.551,8,0.5029,0.0315
236,40,88.209,13,0.583,0.3748
763,176,172.777,5,0.6998,0.1008
338,70,597.33,13,0.8207,0.1074
204,5,395.125,2,0.524,0.0
314,31,619.601,17,0.6117,0.0611
563,193,640.005,8,0.974,0.0203
786,165,580.38,2,0.9436,0.0245
979,133,548.813,12,0.3775,0.0
48,156,120.008,8,0.8219,0.4007
841,130,194.256,19,0.7338,0.385
389,183,507.084,19,0.7368,0.1613
809,20,217.104,13,0.743,0.2952
38,13,270.42,20,0.6058,0.2199
627,139,674.205,3,0.8756,0.0
931,193,508.372,12,0.7563,0.0799
40,117,77.224,16,0.8026,0.6187
791,194,519.405,7,0.88,0.0341
115,81,571.63,10,0.6025,0.036
983,135,657.629,18,0.3821,0.0021
745,102,493.447,18,0.3722,0.0413
911,177,69.362,18,0.7505,0.581
898,130,551.116,15,0.6485,0.1137
316,88,472.707,6,0.8652,0.0
416,49,328.688,3,0.3317,0.0
692,63,547.707,15,0.3388,0.0315
175,15,378.323,1,0.8375,0.017
307,31,671.283,20,0.996,0.2553
100,102,670.783,5,0.8932,0.0007
889,7,162.711,9,0.5933,0.1469
248,95,317.499,20,0.9131,0.4078
411,9,143.335,2,0.3255,0.0139
453,33,238.451,12,0.8129,0.3112
376,139,161.016,17,0.4213,0.1774
778,6,368.825,4,0.499,0.0
915,68,0.963,14,0.5442,0.584
573,39,569.913,15,0.4248,0.0232
837,11,114.857,16,0.6521,0.4161
111,42,197.731,5,0.5981,0.0467
967,23,126.348,14,0.6717,0.4338
116,17,255.169,12,0.5579,0.0944
67,134,55.925,9,0.3648,0.1607
23,25,618.484,10,0.864,0.0478
244,188,299.055,20,0.865,0.4198
838,98,665.476,1,0.8063,0.0192
301,82,34.289,13,0.7608,0.661
791,176,124.683,12,0.6339,0.3391
425,156,601.877,11,0.8188,0.0801
104,85,334.212,18,0.908,0.3841
474,195,43.269,12,0.83,0.7353
233,107,34.086,17,0.4786,0.4008
292,142,644.347,16,0.442,0.0265
518,194,188.798,17,0.6962,0.3567
791,145,296.13,13,0.5764,0.0844
587,119,645.898,1,0.5427,0.0
224,124,480.865,2,0.9553,0.0421
718,131,554.837,11,0.8164,0.0259
697,196,339.745,6,0.6509,0.048
238,141,500.732,5,0.5407,0.0
852,60,420.918,11,0.4845,0.024
844,5,123.023,10,0.9978,0.6275
604,157,412.548,4,0.508,0.0
297,98,666.457,10,0.8923,0.0206
355,84,248.895,18,0.3924,0.1235
440,188,355.846,3,0.8359,0.0
188,32,299.873,16,0.6445,0.1867
306,8,495.968,16,0.6167,0.0686
135,148,451.639,16,0.8664,0.1911
155,185,343.742,4,0.3381,0.0064
745,166,34.518,10,0.3062,0.2251
129,175,190.834,19,0.3738,0.1271
470,173,226.802,6,0.3324,0.0345
430,138,527.527,10,0.9517,0.0878
47,185,285.629,17,0.3829,0.0685
832,69,272.69,12,0.851,0.3041
984,149,321.299,8,0.8292,0.115
639,19,311.312,3,0.3008,0.0
672,106,516.864,12,0.4955,0.0
233,59,482.787,10,0.8652,0.0866
845,188,549.383,6,0.7557,0.0259
785,88,149.733,7,0.8426,0.2885
439,42,533.973,20,0.8808,0.2739
706,114,213.614,13,0.3219,0.0851
956,16,0.545,15,0.7702,0.7973
603,26,460.681,2,0.324,0.0
200,87,8.988,20,0.9499,0.9239
331,127,71.007,7,0.599,0.3298
186,117,30.094,20,0.5235,0.4714
332,12,436.778,19,0.4213,0.0444
891,136,150.075,5,0.7743,0.1496
190,12,582.695,7,0.8738,0.0
892,164,256.863,15,0.3759,0.0325
286,8,241.661,11,0.9875,0.3797
500,6,370.893,10,0.3565,0.0
529,104,558.141,9,0.8488,0.0556
126,161,501.558,13,0.3481,0.0
185,154,149.108,14,0.4457,0.1651
306,121,549.844,10,0.4104,0.0
60,36,365.149,12,0.4185,0.012
755,191,710.938,2,0.9003,0.0073
547,5,372.344,8,0.7641,0.0
846,70,206.407,14,0.9803,0.5573
864,151,548.142,16,0.4557,0.016
348,124,21.575,10,0.4331,0.3274
818,159,521.873,14,0.4156,0.0
62,154,391.318,3,0.884,0.0036
430,188,126.879,13,0.5321,0.1752
666,104,17.842,14,0.7189,0.6993
467,165,34.015,12,0.5429,0.4165
740,32,59.346,4,0.6784,0.3052
859,35,351.417,19,0.7828,0.3071
425,10,509.608,18,0.3829,0.0152
275,41,96.771,19,0.9324,0.7617
584,23,114.879,1,0.516,0.0
869,165,586.191,2,0.4152,0.0
988,99,164.491,9,0.8513,0.3934
816,89,596.176,20,0.9975,0.3029
245,128,68.885,7,0.5323,0.2675
206,72,602.669,7,0.5881,0.0006
573,115,527.594,18,0.4312,0.0029
403,1,106.747,1,0.3164,0.0
611,143,243.65,15,0.3939,0.041
924,175,240.174,12,0.9693,0.3727
550,8,96.8,6,0.9187,0.4432
356,17,271.837,14,0.8585,0.3155
870,28,488.202,7,0.9584,0.0573
440,122,526.13,17,0.7425,0.1153
606,153,146.489,13,0.5757,0.2099
136,165,519.824,1,0.4827,0.0173
508,157,192.362,20,0.8306,0.5285
427,116,31.081,16,0.7827,0.7186
124,141,140.539,9,0.642,0.2228
212,56,246.74,13,0.7359,0.2803
704,150,26.336,17,0.7501,0.6852
181,37,69.07,10,0.6091,0.3821
133,193,256.82,15,0.4438,0.1015
58,9,665.74,17,0.4528,0.0
27,189,457.96,15,0.3894,0.0147
435,93,672.785,10,0.3913,0.0
489,129,27.292,5,0.5778,0.4028
625,32,625.096,5,0.4544,0.0095
573,64,98.134,1,0.3328,0.0299
537,173,170.981,10,0.5394,0.1833
1000,3,72.677,10,0.3917,0.173
250,39,296.356,8,0.793,0.0653
713,127,146.164,13,0.6531,0.2661
80,161,532.464,7,0.3249,0.0277
849,87,543.669,10,0.4136,0.0
363,18,209.506,16,0.3159,0.048
347,30,575.948,8,0.4792,0.0266
136,179,118.249,2,0.4145,0.0066
509,44,29.462,6,0.3718,0.2697
400,116,119.247,9,0.4402,0.1482
975,188,177.336,18,0.7811,0.4478
179,76,36.711,2,0.3154,0.012
418,14,79.491,4,0.4231,0.083
901,163,218.295,6,0.6772,0.064
808,158,613.835,1,0.5177,0.0175
765,131,616.012,19,0.6297,0.1187
526,181,715.378,3,0.9913,0.0
874,156,71.016,13,0.4887,0.281
224,138,1.825,9,0.9056,0.8606
810,67,407.457,17,0.305,0.0
581,13,434.535,12,0.555,0.0177
350,146,170.428,18,0.4966,0.2168
219,170,573.972,14,0.7581,0.0672
522,140,688.308,17,0.9851,0.1823
4,131,239.149,12,0.7188,0.2195
715,144,681.029,2,0.6607,0.0233
236,56,75.525,13,0.8025,0.6705
390,24,342.723,8,0.3036,0.0
194,126,142.363,3,0.8315,0.0648
466,189,420.999,9,0.371,0.0
371,28,51.678,9,0.9477,0.6953
188,15,363.389,20,0.9319,0.3982
889,142,125.097,15,0.5591,0.3033
760,85,300.856,16,0.3044,0.0206
388,181,495.554,7,0.4853,0.0443
58,95,240.658,9,0.8686,0.2524
846,105,389.352,6,0.5391,0.0335
697,13,699.49,11,0.5845,0.0
556,191,630.29,6,0.764,0.0
605,67,717.818,7,0.497,0.0201
8,88,127.881,8,0.7415,0.3241
474,126,356.029,19,0.6116,0.145
189,172,564.761,1,0.9996,0.0
652,160,668.918,18,0.978,0.1583
932,155,173.822,19,0.6568,0.3924
531,22,711.191,6,0.5909,0.003
605,18,318.051,5,0.3147,0.0
668,167,556.03,6,0.5344,0.0184
930,183,373.477,18,0.8093,0.2717
39,125,214.625,3,0.8369,0.0
311,183,78.854,2,0.4143,0.0
269,64,116.951,4,0.9307,0.3227
717,71,466.301,6,0.4142,0.0311
448,35,399.008,14,0.9085,0.2548
773,159,311.869,11,0.5923,0.0627
473,134,450.974,10,0.465,0.0196
976,45,365.567,3,0.7958,0.0283
767,200,102.178,16,0.9011,0.6811
19,7,188.685,20,0.9746,0.6512
989,155,311.174,8,0.8359,0.1114
953,42,286.74,12,0.9724,0.3777
44,157,649.867,6,0.575,0.0009
392,97,678.208,17,0.9333,0.1522
971,47,384.752,12,0.6304,0.0715
838,12,191.635,6,0.3868,0.0
469,125,575.288,7,0.9759,0.0342
545,33,131.33,4,0.4064,0.0
30,90,354.614,19,0.3664,0.0293
565,191,715.859,17,0.5174,0.0
667,178,629.895,9,0.6896,0.0283
360,99,669.336,5,0.5243,0.0098
307,147,70.923,4,0.7192,0.3182
829,165,333.015,8,0.7187,0.0583
449,122,553.87,2,0.8243,0.0187
265,42,112.752,15,0.9787,0.661
375,163,553.769,2,0.7383,0.0
493,18,246.416,5,0.473,0.0
260,105,638.849,8,0.3188,0.0
561,157,300.965,14,0.736,0.2232
862,115,180.567,9,0.5548,0.1663
743,70,660.184,20,0.554,0.0552
232,84,513.354,8,0.5314,0.0
472,92,333.609,11,0.597,0.0215
544,149,691.96,10,0.6405,0.0117
681,199,433.917,6,0.7702,0.0002
757,156,422.878,13,0.838,0.1334
486,64,260.404,19,0.6209,0.2635
316,23,601.078,4,0.36,0.0324
660,95,421.61,19,0.6093,0.0938
126,172,447.776,17,0.9285,0.3094
675,127,674.104,13,0.9345,0.0751
897,65,194.711,15,0.9759,0.5579
710,18,569.561,16,0.8542,0.1766
434,51,583.847,7,0.7921,0.0
824,144,46.105,16,0.6819,0.5692
533,134,520.22,9,0.5343,0.0
541,91,597.959,9,0.8692,0.0441
853,67,386.415,19,0.425,0.069
194,36,80.496,6,0.8159,0.3747
780,195,57.289,2,0.6803,0.097
680,87,17.446,2,0.7095,0.4603
530,154,263.915,9,0.5738,0.0831
78,93,447.464,1,0.6947,0.0048
766,114,410.703,19,0.8498,0.319
219,129,367.284,2,0.6377,0.0
896,72,300.712,16,0.8644,0.3402
793,188,490.386,5,0.3163,0.0
364,92,635.992,15,0.8615,0.0725
436,154,595.155,3,0.9236,0.0
26,184,514.971,19,0.9499,0.2877
499,77,210.83,1,0.6227,0.0142
58,47,677.155,8,0.6075,0.0321
988,194,620.15,12,0.562,0.0143
641,158,682.423,13,0.3582,0.016
236,159,445.911,7,0.912,0.0723
804,190,240.076,1,0.4771,0.0239
20,6,325.826,20,0.4062,0.0609
550,189,236.04,18,0.8358,0.4176
112,24,252.995,14,0.397,0.0601
55,30,306.701,7,0.8352,0.1455
245,44,673.236,19,0.8831,0.189
295,23,358.43,4,0.4805,0.0
726,17,291.446,2,0.3706,0.0004
891,26,460.529,16,0.5575,0.0718
776,98,206.525,6,0.3938,0.0
740,75,6.836,16,0.7095,0.6729
566,69,525.659,16,0.9299,0.2248
372,35,239.7,3,0.663,0.0225
256,195,171.369,13,0.4639,0.1384
946,67,385.452,10,0.7174,0.0651
522,95,116.411,8,0.3633,0.0778
565,29,200.501,10,0.5146,0.0766
15,43,369.099,17,0.9402,0.3365
458,47,701.573,3,0.8958,0.0728
682,195,176.001,11,0.839,0.3596
496,36,336.532,15,0.7771,0.2552
615,103,380.408,19,0.8136,0.2823
810,109,513.438,12,0.7467,0.084
22,15,376.081,11,0.6973,0.1139
905,71,528.183,4,0.3359,0.0
818,17,622.299,12,0.3693,0.0
420,35,203.964,20,0.4623,0.1546
764,136,601.758,7,0.6832,0.0
67,114,189.534,10,0.4541,0.114
309,99,582.827,2,0.6268,0.0
108,43,458.573,6,0.7075,0.0
636,125,409.56,1,0.8242,0.0159
857,181,334.299,18,0.6907,0.2978
602,170,392.933,6,0.7733,0.0118
712,35,169.28,19,0.6171,0.3188
144,137,358.859,18,0.9458,0.3886
935,49,438.32,4,0.8347,0.0213
194,173,275.037,7,0.6119,0.068
527,95,275.232,9,0.4263,0.0
684,149,250.469,17,0.7968,0.4129
857,108,588.98,20,0.6125,0.097
934,135,277.106,20,0.4572,0.1093
599,187,418.045,10,0.7206,0.0584
577,27,700.007,9,0.571,0.0137
418,181,22.153,3,0.8441,0.5864
568,97,158.72,9,0.4977,0.11
675,29,666.2,4,0.6285,0.0519
647,87,516.17,18,0.5475,0.075
593,12,271.362,8,0.8941,0.1727
441,109,65.089,12,0.5977,0.4007
196,95,370.276,5,0.4648,0.0438
55,79,564.495,17,0.9035,0.2043
421,89,304.769,15,0.949,0.3622
397,125,607.744,15,0.5585,0.0214
609,166,209.506,17,0.9146,0.5211
901,79,356.768,8,0.6432,0.0101
702,4,65.387,20,0.8128,0.7284
805,112,378.648,13,0.4907,0.0101
579,189,620.03,2,0.4118,0.0412
928,79,110.01,1,0.6635,0.0
940,25,439.084,16,0.5818,0.089
153,181,226.609,11,0.3002,0.0483
640,84,254.782,19,0.3319,0.0581
506,75,6.675,2,0.7391,0.5918
973,60,383.988,15,0.5418,0.0795
585,147,709.444,12,0.3231,0.0101
16,30,106.168,2,0.6009,0.049
210,123,169.046,17,0.3868,0.1027
130,70,163.323,2,0.4054,0.0
201,78,404.953,4,0.8321,0.0565
96,44,137.139,19,0.3542,0.1571
783,162,685.215,8,0.6221,0.0124
495,91,501.505,17,0.5289,0.0702
672,186,450.401,11,0.9853,0.1775
1000,166,3.358,10,0.3152,0.3327
648,153,339.083,5,0.6186,0.023
480,91,582.889,3,0.7894,0.0015
267,190,365.282,1,0.9602,0.0
755,117,531.691,1,0.5207,0.0256
507,88,491.241,1,0.7441,0.047
757,70,669.252,20,0.4789,0.0564
24,183,264.301,6,0.7407,0.0069
164,51,594.351,18,0.3612,0.0391
130,176,187.88,7,0.5003,0.0704
682,46,401.644,11,0.611,0.0521
519,153,445.111,10,0.3421,0.0
317,57,319.036,17,0.4367,0.0538
310,168,74.152,17,0.3738,0.2414
607,168,312.909,3,0.9616,0.0
966,147,142.231,9,0.6584,0.2937
996,199,351.123,18,0.711,0.1867
472,103,15.339,2,0.8728,0.6029
671,168,348.318,17,0.5402,0.0707
84,111,271.988,7,0.3701,0.0
946,8,10.22,15,0.4183,0.3625
18,84,448.575,7,0.7815,0.0
343,7,225.706,11,0.9631,0.4103
726,133,419.518,12,0.6151,0.0376
970,31,637.918,5,0.5158,0.0
172,65,622.443,13,0.917,0.1033
662,175,362.818,2,0.5781,0.0
188,148,339.571,1,0.3904,0.0
51,68,384.215,14,0.4808,0.0342
424,102,281.337,11,0.8464,0.2496
577,117,212.822,12,0.9037,0.4143
265,71,113.918,5,0.8537,0.255
974,150,658.907,1,0.989,0.0411
617,30,44.852,16,0.3934,0.292
439,86,248.81,6,0.6438,0.0729
486,52,120.254,7,0.7622,0.3005
465,136,44.054,18,0.9837,0.9075
112,129,124.794,19,0.9639,0.688
607,162,328.567,8,0.55,0.0
785,74,402.663,8,0.922,0.0796
422,47,643.995,20,0.6607,0.0546
426,7,492.522,8,0.3675,0.0071
911,173,577.513,12,0.3407,0.0004
611,66,398.601,3,0.9994,0.0
298,151,145.311,18,0.9593,0.689
4,74,611.971,4,0.7424,0.0198
824,67,341.914,7,0.7899,0.0077
627,47,555.414,14,0.7089,0.0945
627,157,5.07,18,0.8568,0.8609
283,58,321.137,12,0.498,0.0134
187,60,244.325,18,0.4745,0.1265
495,141,214.337,12,0.651,0.1907
758,104,486.052,10,0.4427,0.0
298,150,593.759,3,0.6619,0.0381
528,21,622.117,8,0.9689,0.0213
997,192,576.626,3,0.515,0.0
220,48,584.492,6,0.7223,0.0
231,24,601.343,9,0.9285,0.031
236,22,499.521,19,0.7003,0.1285
913,63,547.257,20,0.3731,0.0255
529,85,159.625,12,0.7351,0.3104
918,16,689.24,9,0.7211,0.053
948,125,362.512,8,0.5218,0.0108
422,123,189.554,19,0.7312,0.4149
55,156,327.545,8,0.837,0.0979
305,4,592.839,20,0.8677,0.2479
544,20,498.745,10,0.8479,0.0558
382,42,110.299,3,0.653,0.0678
3,88,316.107,9,0.8332,0.1527
990,118,543.818,19,0.339,0.0044
304,41,499.816,8,0.8108,0.0468
619,72,136.898,15,0.4777,0.2372
947,103,534.993,20,0.3601,0.0346
545,109,486.049,2,0.6327,0.0
695,106,176.328,18,0.4289,0.1591
36,129,221.802,15,0.9851,0.5304
697,152,302.262,14,0.4311,0.0434
848,168,485.247,10,0.954,0.0883
919,194,685.062,14,0.8876,0.0932
84,79,716.217,3,0.8926,0.0368
229,66,496.411,19,0.6082,0.1142
47,56,297.25,5,0.4856,0.0
918,71,49.755,4,0.6363,0.2839
275,108,427.154,15,0.9679,0.307
532,121,347.103,2,0.5109,0.0
476,14,483.083,7,0.3938,0.0047
689,200,694.435,5,0.8328,0.0897
896,9,120.517,20,0.6344,0.4738
324,81,267.161,6,0.4704,0.0094
791,91,415.04,17,0.3317,0.0339
291,70,252.838,12,0.8648,0.3081
198,44,127.168,12,0.4801,0.1845
107,107,431.155,14,0.3086,0.0295
373,2,28.835,13,0.9884,0.9243
561,149,271.783,6,0.8951,0.1261
781,136,700.355,19,0.7351,0.0864
849,155,344.57,1,0.7132,0.0469
528,164,73.593,7,0.4468,0.1412
409,178,600.771,7,0.5963,0.005
175,30,129.318,17,0.7356,0.4504
915,168,180.973,10,0.5102,0.1203
397,113,692.974,9,0.7775,0.0063
765,25,558.186,1,0.7487,0.0352
626,197,232.113,18,0.9306,0.5234
932,163,466.21,9,0.3636,0.037
974,54,351.448,2,0.329,0.0
707,179,642.652,6,0.3005,0.0
662,147,403.631,15,0.986,0.328
138,90,475.954,1,0.7245,0.0
17,33,107.805,17,0.8281,0.5945
547,147,180.277,10,0.753,0.2844
706,187,19.597,13,0.4613,0.4606
747,39,423.742,15,0.7672,0.1827
251,1,405.232,6,0.7615,0.0
504,46,221.973,11,0.9369,0.3662
863,59,167.52,3,0.5486,0.0
96,76,326.457,11,0.7425,0.1531
384,196,75.171,15,0.5745,0.4239
945,193,614.201,3,0.4221,0.0
200,135,599.038,3,0.8377,0.0302
317,44,429.427,3,0.6258,0.0
468,43,649.187,17,0.5836,0.0174
689,17,441.903,18,0.6219,0.091
256,159,353.713,11,0.9369,0.211
793,45,432.186,12,0.7233,0.0925
236,180,61.972,8,0.4568,0.2563
369,121,156.984,11,0.5982,0.1904
574,98,402.211,5,0.3708,0.0
13,186,81.261,10,0.5204,0.295
768,32,583.002,1,0.5404,0.0
669,93,122.976,11,0.3993,0.1084
835,52,301.575,19,0.9113,0.4479
275,37,349.146,15,0.7372,0.1851
398,189,114.131,13,0.3115,0.0739
899,122,174.738,5,0.3703,0.0007
67,33,349.019,15,0.983,0.3735
492,22,77.334,19,0.3692,0.2062
484,63,135.167,20,0.7816,0.5711
448,167,17.187,19,0.8296,0.7896
434,30,364.89,5,0.9198,0.0298
748,149,592.131,5,0.9082,0.0
197,22,583.88,2,0.7675,0.0
892,68,255.848,19,0.7653,0.3491
897,105,495.115,10,0.6369,0.0537
180,26,712.739,12,0.3414,0.0045
975,80,305.14,9,0.7214,0.09
263,54,658.0,14,0.5653,0.0
52,10,560.663,2,0.6458,0.0
399,1,127.734,7,0.7552,0.2883
796,30,320.126,10,0.7365,0.1116
845,150,670.207,4,0.8376,0.0
646,8,121.056,11,0.779,0.4355
812,102,41.969,14,0.8933,0.7628
262,5,192.797,3,0.9878,0.0632
879,44,3.993,17,0.5661,0.6079
636,36,91.948,14,0.6558,0.4367
134,68,307.202,2,0.3152,0.0056
129,149,550.512,7,0.4782,0.0
268,85,154.272,15,0.6628,0.3689
70,3,611.828,12,0.5603,0.0
283,29,711.293,1,0.6057,0.0082
994,61,334.477,13,0.6618,0.0792
241,56,714.341,6,0.8786,0.0
637,113,416.237,8,0.3307,0.0
978,71,43.833,2,0.7375,0.2062
254,149,80.054,15,0.7047,0.5036
697,51,369.559,6,0.5504,0.0355
451,136,663.746,14,0.8294,0.075
286,21,71.357,9,0.9941,0.7436
951,198,411.849,2,0.7644,0.0
657,198,584.016,3,0.7695,0.0
439,56,707.836,3,0.4643,0.0374
813,47,653.807,1,0.911,0.0
901,1,76.799,1,0.3787,0.0072
782,196,55.759,1,0.847,0.048
869,8,148.187,18,0.9257,0.6107
323,1,201.88,19,0.8054,0.4306
345,20,623.447,7,0.5204,0.0
233,59,464.73,2,0.6683,0.0
697,196,678.43,11,0.9063,0.0635
804,34,301.861,15,0.3518,0.0342
661,115,295.586,11,0.4735,0.036
600,131,201.683,9,0.4482,0.0817
772,160,315.294,10,0.745,0.1608
182,140,569.565,2,0.3756,0.0039
366,198,501.775,8,0.4885,0.0
708,133,568.712,3,0.8944,0.0
53,169,598.185,7,0.7329,0.0121
911,64,3.587,3,0.6703,0.5859
172,82,171.227,6,0.3699,0.0132
787,148,471.235,5,0.4117,0.0009
617,176,321.554,5,0.3776,0.0
848,2,85.007,4,0.4352,0.043
776,87,47.117,13,0.4647,0.317
516,161,679.24,6,0.6018,0.0305
757,23,610.96,15,0.532,0.0
347,71,230.054,11,0.3219,0.0309
584,110,460.471,5,0.877,0.0517
916,17,106.091,4,0.8777,0.2468
85,184,97.613,3,0.5595,0.0843
356,74,240.553,18,0.9293,0.513
18,157,202.851,16,0.9775,0.5815
535,86,705.167,12,0.5658,0.0
783,81,18.025,2,0.7715,0.5062
39,194,394.276,12,0.9014,0.1899
550,171,615.041,12,0.8497,0.067
416,104,19.14,20,0.4643,0.4173
783,93,398.907,10,0.689,0.0428
221,157,273.905,3,0.5994,0.0214
163,137,155.837,14,0.4996,0.1881
95,196,169.847,10,0.7414,0.2656
408,67,586.493,16,0.3056,0.0
488,23,334.674,20,0.4145,0.0533
920,39,33.512,19,0.3709,0.3417
466,106,294.651,12,0.9958,0.3596
172,63,588.133,6,0.4083,0.0
700,162,496.348,12,0.8818,0.1044
62,176,687.589,1,0.9041,0.0258
346,38,556.738,14,0.6519,0.058
654,198,123.497,12,0.3382,0.0578
254,127,48.582,18,0.8325,0.6525
595,53,333.31,8,0.7154,0.0667
454,41,320.541,16,0.7492,0.2801
953,34,394.57,9,0.6912,0.0297
288,95,483.753,12,0.5337,0.0382
907,15,183.485,17,0.9952,0.6778
626,27,711.595,7,0.7845,0.0
750,151,356.482,8,0.7966,0.0532
169,98,514.919,9,0.6854,0.0124
20,106,294.344,11,0.3416,0.0226
731,65,492.942,2,0.7112,0.0085
481,112,708.054,3,0.6334,0.0
309,69,111.006,11,0.5912,0.3547
897,10,314.148,16,0.6259,0.1899
327,114,502.01,2,0.8967,0.0
434,17,617.007,10,0.9042,0.0479
725,138,458.957,17,0.9064,0.2527
963,183,166.909,7,0.6979,0.1994
899,134,464.69,20,0.8234,0.2162
653,116,448.557,9,0.4879,0.001
111,193,31.902,14,0.4084,0.2765
110,44,437.16,5,0.7413,0.0131
693,155,383.695,18,0.9324,0.3724
510,42,208.773,12,0.7726,0.2667
134,1,172.401,10,0.9478,0.4042
696,49,552.994,5,0.6077,0.0009
943,101,47.21,16,0.5914,0.4892
66,13,205.201,8,0.9157,0.2487
826,56,504.919,19,0.6992,0.1367
345,10,151.024,2,0.4663,0.0171
398,49,85.117,20,0.3246,0.2
718,144,707.693,7,0.4812,0.0
247,31,407.472,1,0.3033,0.0
158,53,193.877,8,0.9912,0.2959
964,28,111.278,7,0.4105,0.0626
349,77,5.613,16,0.4126,0.4064
170,153,539.947,20,0.8056,0.1983
690,108,257.718,13,0.962,0.4264
217,41,140.488,13,0.4167,0.1884
776,65,650.591,3,0.454,0.0
71,135,501.51,5,0.5432,0.0
519,96,583.59,13,0.6448,0.0229
403,92,472.305,14,0.354,0.0355
957,174,660.073,9,0.3301,0.0304
522,164,248.333,17,0.3019,0.0
926,49,113.037,9,0.9973,0.5685
249,141,5.299,18,0.756,0.7385
474,159,24.831,3,0.9306,0.6652
814,180,614.852,18,0.8384,0.1311
161,53,442.89,12,0.9343,0.1948
928,146,33.28,20,0.5799,0.446
773,38,77.29,4,0.8653,0.3373
677,89,501.64,3,0.9822,0.0
244,15,277.427,6,0.6602,0.0284
819,121,557.685,12,0.8659,0.054
843,137,674.353,17,0.9743,0.1792
293,90,544.442,16,0.8142,0.1565
588,83,131.144,2,0.3075,0.0054
61,49,467.938,9,0.8596,0.0971
395,155,428.849,16,0.3756,0.0222
151,183,610.576,16,0.961,0.1877
557,27,144.605,8,0.9126,0.385
549,56,517.763,9,0.5258,0.0158
533,121,432.044,6,0.7441,0.0
678,74,344.111,6,0.979,0.0772
925,3,209.936,11,0.5294,0.1447
197,5,19.23,10,0.8265,0.7928
215,47,580.13,6,0.5288,0.0
216,194,77.796,1,0.6567,0.0146
929,122,272.018,17,0.9572,0.4579
93,52,357.483,17,0.6232,0.1365
32,12,237.733,1,0.3134,0.0
161,152,477.134,12,0.6549,0.0662
770,76,236.847,14,0.525,0.1257
580,79,371.987,12,0.8987,0.2552
920,113,68.991,17,0.8635,0.6915
205,46,313.119,13,0.8412,0.2548
395,146,419.969,5,0.7883,0.0277
556,63,620.583,8,0.9907,0.1004
74,142,131.155,16,0.5001,0.231
919,104,244.148,20,0.3595,0.0755
805,30,187.06,10,0.7853,0.2951
144,125,110.343,8,0.7451,0.3366
843,16,277.952,20,0.5572,0.2144
449,144,654.049,5,0.3135,0.0041
337,76,268.829,8,0.559,0.077
947,135,196.322,17,0.4173,0.1254
519,49,689.811,7,0.4057,0.0214
228,82,515.283,14,0.9169,0.1714
810,62,266.481,18,0.6523,0.2676
716,51,539.635,20,0.6599,0.1258
193,69,459.933,14,0.4005,0.0115
678,11,615.557,3,0.9544,0.0
629,80,80.371,16,0.5598,0.4064
276,25,388.929,19,0.7113,0.1883
431,104,505.678,9,0.3551,0.0165
840,19,718.327,16,0.6756,0.0578
175,2,433.451,10,0.3575,0.0574
723,88,101.726,20,0.61,0.4522
832,60,699.523,20,0.9079,0.1356
937,176,330.586,13,0.3327,0.0
325,53,351.76,11,0.5785,0.0572
267,80,182.639,15,0.4774,0.1547
935,48,585.906,15,0.4347,0.0192
463,178,381.331,4,0.5794,0.0
569,158,701.222,20,0.9453,0.1568
514,35,373.941,14,0.6249,0.0815
515,51,130.41,15,0.7317,0.4996
625,38,554.735,3,0.886,0.0273
424,31,106.771,15,0.3821,0.1618
393,49,204.369,5,0.5392,0.0273
401,171,676.46,3,0.3282,0.0
657,92,702.995,17,0.3658,0.0245
818,77,559.31,5,0.4913,0.0
556,39,149.362,6,0.7259,0.1641
678,37,534.312,16,0.6068,0.0422
414,112,427.922,8,0.4346,0.0
774,151,321.929,20,0.3357,0.0527
394,112,321.494,11,0.6404,0.0951
422,132,326.469,9,0.3262,0.0279
56,53,232.436,14,0.4303,0.0613
262,190,387.615,16,0.3409,0.0
739,165,26.789,12,0.701,0.6182
87,176,610.99,1,0.4084,0.0405
224,134,645.921,4,0.5614,0.0
777,139,281.694,3,0.4546,0.0145
874,15,682.995,12,0.9289,0.0609
416,33,558.936,2,0.7452,0.0
407,27,610.551,18,0.5937,0.0352
510,97,641.775,3,0.87,0.0125
771,118,245.359,13,0.873,0.3884
470,24,585.248,2,0.7984,0.0298
174,151,104.921,18,0.6566,0.4751
432,110,703.477,1,0.6639,0.0035
255,120,428.802,14,0.8661,0.1823
684,184,499.936,14,0.4034,0.0334
143,117,220.959,11,0.6909,0.2391
609,1,23.427,9,0.946,0.8329
130,154,117.847,19,0.8789,0.6439
973,176,102.721,11,0.6067,0.3301
641,17,318.83,4,0.841,0.0
139,108,210.98,7,0.4046,0.0238
959,94,679.984,12,0.9363,0.0255
574,31,605.977,9,0.659,0.0351
607,56,388.923,8,0.8556,0.0833
64,172,613.789,4,0.6696,0.0033
188,79,421.463,5,0.7292,0.0191
808,108,662.455,13,0.5724,0.002
468,156,536.632,17,0.4159,0.0416
617,90,529.467,3,0.664,0.0296
988,179,198.289,5,0.9905,0.2055
429,100,572.117,18,0.3211,0.0242
381,198,556.216,8,0.5455,0.0824
803,30,58.739,6,0.368,0.1616
67,178,42.154,11,0.7815,0.6216
456,23,634.56,6,0.5297,0.0047
855,163,704.786,18,0.9873,0.1468
228,133,435.536,4,0.42,0.0181
305,112,123.387,13,0.6261,0.3192
473,177,303.546,3,0.9903,0.0584
75,129,15.645,19,0.4389,0.4231
71,139,591.733,6,0.3813,0.0
252,151,74.723,16,0.759,0.5896
898,169,241.641,20,0.3538,0.1126
222,47,405.366,12,0.5814,0.0717
731,169,502.755,1,0.4998,0.0
427,118,653.141,8,0.6413,0.0384
761,7,303.995,10,0.3644,0.0
331,184,137.945,2,0.9204,0.0059
875,155,78.852,8,0.3552,0.1103
371,179,474.326,12,0.9444,0.155
792,155,93.177,16,0.8592,0.6549
832,70,474.095,4,0.8901,0.0
432,70,328.761,13,0.8032,0.198
667,56,300.19,14,0.9829,0.369
119,82,188.229,1,0.8606,0.0
497,7,649.317,9,0.595,0.0014
374,150,515.797,2,0.8759,0.0
955,151,378.004,17,0.9592,0.3531
935,198,305.412,14,0.9048,0.3202
784,111,259.841,12,0.7422,0.2197
950,198,287.699,14,0.9424,0.3373
976,42,614.694,19,0.6895,0.1077
768,95,303.708,13,0.4501,0.0356
594,157,3.667,6,0.4228,0.4056
205,158,664.775,14,0.7893,0.0603
816,155,427.06,16,0.5458,0.079
195,94,119.705,17,0.3642,0.1677
186,15,91.579,11,0.3479,0.172
880,174,271.449,8,0.3893,0.0
115,77,441.003,9,0.8412,0.1173
142,130,676.233,7,0.3313,0.0305
511,27,39.679,5,0.8401,0.558
585,188,254.323,17,0.3029,0.0579
46,52,185.535,20,0.3533,0.1731
379,200,303.545,7,0.9105,0.09
226,144,570.413,12,0.8779,0.0976
303,67,114.575,20,0.709,0.4781
181,74,673.213,8,0.4579,0.0095
678,196,185.009,15,0.3332,0.0958
473,119,542.076,17,0.5704,0.0308
960,139,460.6,15,0.8491,0.1743
9,123,394.627,11,0.6806,0.0748
778,48,607.674,19,0.8713,0.2122
910,27,437.347,7,0.7741,0.054
487,1,563.484,16,0.9292,0.2047
700,81,424.396,5,0.8325,0.02
441,137,518.875,1,0.423,0.0013
596,61,34.668,17,0.4543,0.4008
908,45,464.656,10,0.5077,0.0255
531,78,640.133,14,0.4862,0.0294
579,47,468.418,8,0.3939,0.0071
987,87,589.143,10,0.8556,0.0177
497,111,713.504,9,0.509,0.0
174,55,112.922,12,0.6542,0.3724
683,7,496.316,6,0.9618,0.0157
693,21,646.066,5,0.5069,0.0127
238,84,21.183,5,0.7237,0.5568
729,36,125.446,13,0.6576,0.3381
64,160,180.124,11,0.9272,0.4626
321,33,633.862,20,0.9641,0.2127
856,6,703.618,15,0.9892,0.1522
618,124,657.768,6,0.4653,0.0
608,125,341.546,4,0.9528,0.0043
621,135,480.878,4,0.8945,0.0
165,32,75.296,6,0.6555,0.2991
962,137,704.948,16,0.7185,0.1002
299,173,679.74,14,0.3073,0.013
787,121,429.549,6,0.9118,0.0624
990,79,103.48,14,0.4652,0.2582
241,97,682.183,5,0.6564,0.0055
635,163,645.023,2,0.7734,0.0
43,29,713.295,9,0.8631,0.0089
637,145,365.901,2,0.857,0.0
442,54,251.012,17,0.747,0.3544
73,176,271.865,10,0.5167,0.1161
673,28,358.167,13,0.8893,0.2367
969,104,656.892,17,0.5053,0.0266
84,81,93.092,15,0.8854,0.6635
893,98,467.115,5,0.491,0.0
844,77,658.97,8,0.5844,0.0
548,8,197.479,20,0.5665,0.3098
902,172,378.393,10,0.7865,0.1198
310,107,572.115,20,0.7567,0.1717
721,121,370.863,12,0.4638,0.0164
699,105,380.017,13,0.5169,0.0658
581,106,552.081,12,0.816,0.0496
834,122,119.005,20,0.3524,0.1825
877,84,514.882,12,0.9314,0.1115
787,27,658.02,8,0.9187,0.0
589,6,73.816,10,0.3126,0.1158
978,108,43.81,11,0.8372,0.6791
556,38,63.447,5,0.3025,0.0934
637,91,529.621,15,0.5152,0.0
189,122,281.981,8,0.4863,0.0372
322,120,334.7,2,0.8521,0.0272
905,34,524.554,8,0.3998,0.0
498,133,376.867,16,0.5073,0.0664
512,189,432.291,16,0.8115,0.2208
817,73,612.534,19,0.3214,0.0
327,24,325.182,19,0.4943,0.1174
266,101,629.935,12,0.9996,0.109
9,124,376.94,12,0.8992,0.2194
232,80,289.64,5,0.7578,0.0355
513,120,188.328,19,0.6017,0.3006
725,154,525.959,3,0.8185,0.0
330,116,447.986,20,0.5902,0.1105
445,160,581.991,5,0.3511,0.02
222,30,393.853,18,0.6525,0.1665
817,59,624.193,5,0.7556,0.0041
525,112,207.316,15,0.7046,0.3497
144,52,526.098,18,0.663,0.1263
610,199,283.496,15,0.9877,0.4321
336,136,82.463,3,0.3029,0.0617
866,83,380.621,19,0.5752,0.1252
269,155,166.944,20,0.4064,0.2379
865,197,44.922,14,0.5679,0.363
698,3,261.831,16,0.5476,0.1454
136,112,703.839,9,0.3323,0.0
760,86,643.806,15,0.3996,0.0003
721,152,705.467,20,0.8369,0.1375
457,62,21.059,13,0.5837,0.533
161,66,110.482,6,0.9368,0.4001
479,154,169.654,1,0.9969,0.0031
609,179,530.59,14,0.9184,0.1726
133,29,704.253,15,0.7539,0.137
342,123,292.891,17,0.6908,0.2845
702,156,420.39,8,0.8156,0.0714
553,33,64.136,15,0.3057,0.2079
993,133,453.221,3,0.3818,0.0
217,196,648.051,16,0.3294,0.0
778,169,474.822,17,0.8682,0.2222
426,39,470.569,6,0.4049,0.0
224,199,351.239,7,0.9432,0.1169
952,72,324.258,17,0.721,0.262
624,96,266.588,13,0.9973,0.4185
536,59,590.633,11,0.8067,0.0313
295,140,464.377,4,0.3612,0.0348
882,26,216.077,17,0.6413,0.2344
31,142,373.115,3,0.4204,0.0
116,12,83.749,9,0.3563,0.0951
180,169,33.427,9,0.7183,0.5779
654,66,98.543,15,0.5504,0.3261
103,104,624.712,1,0.6162,0.0
798,46,185.572,1,0.6158,0.0071
196,22,693.445,13,0.3763,0.0495
677,5,243.899,8,0.3037,0.0319
796,196,295.283,2,0.9438,0.0
879,28,584.766,16,0.5466,0.0206
293,12,161.628,11,0.3467,0.0701
75,103,654.816,13,0.5596,0.0
758,193,470.645,8,0.7752,0.0
449,17,45.199,5,0.6884,0.402
949,52,688.788,7,0.5009,0.0
189,112,207.343,19,0.4905,0.2296
575,99,167.396,16,0.7411,0.408
120,30,646.778,18,0.5686,0.061
486,191,234.622,10,0.7236,0.1995
2,72,520.458,18,0.4684,0.0353
751,136,25.076,4,0.5453,0.3099
605,92,663.192,14,0.8828,0.0929
98,118,294.929,8,0.6883,0.0446
500,181,129.006,4,0.5752,0.0381
429,66,706.506,8,0.4459,0.0
674,163,534.206,14,0.7237,0.1109
499,59,571.395,11,0.5828,0.0113
459,64,360.844,18,0.5253,0.082
832,7,495.865,13,0.7483,0.0585
520,70,209.787,12,0.7119,0.2806
815,118,373.269,7,0.4492,0.0222
886,128,274.349,17,0.8372,0.3427
849,87,306.374,7,0.8441,0.1118
956,72,3.583,3,0.7267,0.663
698,45,583.906,16,0.7259,0.1088
562,181,157.313,15,0.5045,0.1733
531,77,341.228,4,0.5785,0.0014
205,62,474.608,20,0.901,0.3091
828,189,25.281,14,0.8861,0.8522
694,128,246.878,11,0.9026,0.3023
874,170,190.322,20,0.8988,0.5533
702,78,96.089,15,0.8891,0.6282
481,87,585.755,16,0.6322,0.0339
296,146,390.201,12,0.5446,0.0774
986,196,328.784,6,0.9706,0.0669
734,158,95.822,2,0.8336,0.0823
875,93,370.393,1,0.3099,0.006
586,120,192.889,5,0.4095,0.0
511,70,91.579,6,0.7789,0.3571
35,92,379.553,7,0.8347,0.0782
70,78,491.045,1,0.3767,0.0
707,20,41.349,7,0.6942,0.4817
225,175,40.942,12,0.6952,0.5568
83,28,531.911,11,0.5849,0.0
777,54,149.26,10,0.6849,0.2863
621,51,111.042,18,0.3359,0.1548
112,45,692.76,13,0.5888,0.0184
500,100,130.008,12,0.4206,0.089
470,193,493.075,16,0.7305,0.1344
4,66,586.881,19,0.686,0.1369
605,147,237.075,5,0.3023,0.0
397,147,333.684,18,0.9725,0.4171
879,153,399.22,8,0.5811,0.034
116,125,144.815,19,0.4555,0.1955
848,149,213.475,10,0.6472,0.1018
7,153,693.438,14,0.7279,0.0466
765,137,197.323,16,0.9638,0.5502
783,112,584.963,8,0.9633,0.0562
408,19,385.526,10,0.8049,0.1107
281,102,465.099,7,0.8261,0.0451
143,151,329.492,5,0.5474,0.0067
340,69,423.776,20,0.5258,0.1188
670,50,389.102,18,0.5501,0.1853
725,119,347.23,2,0.5664,0.0
182,27,578.144,2,0.7177,0.0
12,144,633.813,17,0.6631,0.0356
562,197,184.37,13,0.5474,0.1795
581,97,98.248,15,0.8368,0.6038
981,6,584.172,7,0.9865,0.0187
762,55,152.959,12,0.6787,0.3124
551,7,623.75,10,0.5466,0.0075
592,92,74.322,1,0.8274,0.0254
646,62,65.977,20,0.4319,0.3035
452,155,131.196,20,0.7189,0.4511
678,169,9.024,12,0.4978,0.4842
196,87,538.424,3,0.4324,0.0
831,196,286.249,14,0.6729,0.2086
862,90,680.641,5,0.3829,0.0
435,24,263.347,14,0.6784,0.1783
457,182,506.307,4,0.9047,0.0
498,80,492.009,15,0.8161,0.1052
818,178,234.13,10,0.7446,0.1764
176,147,642.759,9,0.3509,0.0
342,188,286.772,20,0.3614,0.0381
615,130,397.218,1,0.8755,0.0
694,119,287.002,19,0.8507,0.3817
296,47,313.728,18,0.4009,0.0793
118,56,39.851,19,0.636,0.5038
508,66,223.69,12,0.9741,0.445
639,62,682.826,1,0.8617,0.0
767,119,598.721,19,0.6118,0.0531
3,175,633.784,14,0.5959,0.0201
18,8,513.39,15,0.6361,0.0763
387,124,470.511,6,0.3223,0.0
564,152,647.035,16,0.7505,0.0941
4,89,387.492,4,0.6023,0.0405
174,56,659.535,14,0.3774,0.0
419,87,299.231,15,0.3093,0.0651
280,166,430.484,20,0.7295,0.2357
711,183,339.871,18,0.7162,0.2197
35,137,14.205,16,0.8388,0.8051
889,98,143.651,15,0.3855,0.1217
170,130,668.096,9,0.3442,0.0034
441,136,430.833,13,0.887,0.2289
987,154,34.006,6,0.3808,0.2183
663,29,696.419,16,0.3842,0.0
999,16,668.196,8,0.9577,0.035
20,70,512.777,18,0.3862,0.0
720,52,204.226,4,0.6218,0.06
76,123,212.736,2,0.9199,0.0017
612,105,623.05,5,0.4824,0.0
326,184,44.1,9,0.6136,0.4452
778,156,171.281,4,0.9848,0.1485
125,30,120.225,11,0.5058,0.1843
897,170,515.899,2,0.8359,0.0082
481,155,275.175,16,0.7451,0.2761
520,77,659.525,8,0.805,0.0
572,12,578.196,17,0.5623,0.0699
36,159,708.961,16,0.8014,0.0182
311,39,215.63,19,0.7034,0.329
710,45,342.209,2,0.9098,0.0203
961,95,475.236,11,0.4982,0.0061
985,17,701.828,13,0.3578,0.0312
536,80,248.475,5,0.5281,0.0389
259,50,235.665,20,0.823,0.4769
478,11,451.453,18,0.6599,0.173
464,181,479.168,10,0.6736,0.0285
398,53,136.448,20,0.4052,0.1977
362,109,327.494,6,0.4088,0.0025
869,164,272.016,20,0.4064,0.1259
391,97,303.503,13,0.6149,0.1122
30,59,101.563,1,0.6748,0.0239
722,149,466.84,14,0.9608,0.2282
666,139,135.423,17,0.5185,0.2985
379,3,18.787,6,0.3711,0.2838
630,164,357.363,13,0.6209,0.0946
942,24,28.272,8,0.6724,0.5813
925,148,479.746,20,0.7166,0.201
790,20,428.142,19,0.9133,0.2818
584,14,408.266,12,0.6028,0.0055
28,25,69.004,11,0.3338,0.1273
513,149,89.622,2,0.9245,0.1221
819,91,479.242,20,0.5808,0.1324
845,121,23.673,14,0.3157,0.2441
773,57,83.895,11,0.501,0.2575
987,24,550.032,8,0.6188,0.0131
517,158,120.633,4,0.9559,0.2937
110,167,357.184,5,0.3308,0.0093
497,168,71.373,16,0.9115,0.7371
319,13,169.639,6,0.3634,0.0
836,185,633.204,18,0.7583,0.078
778,109,542.43,20,0.4055,0.0
425,40,136.141,1,0.5387,0.0124
389,40,154.875,17,0.9023,0.6005
160,101,341.385,5,0.7169,0.0284
44,121,455.435,11,0.8873,0.149
313,10,419.478,10,0.4767,0.0164
242,100,205.309,7,0.636,0.0694
266,48,681.68,19,0.4437,0.0
999,184,601.391,5,0.8965,0.0062
682,124,469.336,18,0.6878,0.132
552,75,653.773,18,0.6708,0.0244
179,85,212.042,14,0.4997,0.1235
842,168,216.186,15,0.3743,0.1103
645,139,222.833,16,0.6688,0.2864
515,78,115.91,14,0.4071,0.1773
466,168,101.185,3,0.3511,0.0
553,125,654.715,8,0.8001,0.0
840,12,617.646,12,0.7981,0.0559
721,127,395.437,10,0.328,0.0114
485,188,475.814,16,0.8733,0.1754
668,173,172.105,19,0.9396,0.6501
930,9,16.95,5,0.9102,0.7672
327,177,318.221,17,0.4499,0.0882
901,197,482.234,3,0.8334,0.0013
607,33,489.66,20,0.7776,0.2072
186,128,435.271,12,0.7681,0.1737
967,152,666.305,20,0.363,0.0219
687,9,151.11,19,0.5984,0.3447
386,166,190.177,1,0.3047,0.0158
215,79,57.792,20,0.9863,0.8629
916,60,674.252,20,0.4682,0.0436
824,52,327.627,9,0.9723,0.2111
45,102,289.513,10,0.839,0.1956
636,160,709.671,10,0.4479,0.0
115,165,308.264,11,0.5998,0.0817
295,46,241.419,13,0.7182,0.2448
569,166,150.648,2,0.3298,0.0302
250,166,317.001,1,0.688,0.0107
513,13,493.831,2,0.5444,0.0
430,63,658.192,11,0.3574,0.0417
582,4,138.112,12,0.7863,0.4411
801,198,498.631,13,0.6964,0.1329
156,95,5.271,5,0.8683,0.824
797,55,576.736,3,0.9312,0.0291
223,179,202.064,6,0.4369,0.0366
34,137,28.72,17,0.7593,0.6969
447,189,284.156,9,0.5238,0.0759
303,161,642.668,11,0.6926,0.0161
185,192,168.022,3,0.4073,0.0047
423,44,207.213,18,0.4744,0.1456
869,41,121.21,4,0.8682,0.1974
586,16,706.771,12,0.446,0.0
728,69,311.827,20,0.5722,0.1851
150,111,682.457,7,0.8983,0.0253
76,114,66.599,10,0.4845,0.2832
336,136,323.282,8,0.6685,0.0595
775,147,341.76,6,0.4237,0.0199
886,164,184.634,20,0.4405,0.2453
102,104,358.329,15,0.4658,0.044
477,55,252.722,10,0.4954,0.1201
397,88,177.908,13,0.3761,0.0478
745,175,263.345,11,0.7095,0.1157
206,164,457.511,20,0.608,0.1573
485,184,337.339,16,0.3135,0.0212
850,109,294.971,7,0.3241,0.0
465,156,614.64,17,0.8252,0.1342
782,83,464.522,9,0.88,0.0662
622,2,458.798,19,0.9887,0.3675
598,149,160.455,1,0.3386,0.0
260,18,540.165,14,0.6456,0.0861
993,128,27.039,13,0.3621,0.2893
250,200,154.186,6,0.6925,0.1546
931,6,297.513,13,0.7483,0.2046
990,147,640.257,3,0.6741,0.0174
512,174,20.675,4,0.4594,0.2847
869,126,320.581,10,0.6138,0.0949
716,138,86.708,17,0.6216,0.4069
738,181,166.019,2,0.9442,0.0273
69,156,292.156,6,0.4732,0.0
138,8,71.355,19,0.6503,0.4866
70,155,597.317,9,0.9131,0.0111
31,152,60.162,20,0.5669,0.4329
836,46,421.653,5,0.5898,0.0106
176,131,117.972,11,0.4653,0.1895
7,169,77.142,8,0.7415,0.4514
938,170,333.43,1,0.5755,0.0
279,175,249.028,18,0.8513,0.4582
817,156,33.031,6,0.7325,0.534
961,25,47.2,2,0.7088,0.1938
524,97,215.762,8,0.7899,0.1932
927,47,563.749,11,0.3322,0.0
969,15,613.078,8,0.4659,0.0
145,53,48.244,7,0.5557,0.3016
147,182,124.059,15,0.862,0.5539
370,120,244.476,15,0.347,0.0367
560,153,468.233,20,0.5272,0.099
787,101,205.676,3,0.7886,0.0459
184,72,160.129,1,0.7304,0.0267
194,97,423.762,18,0.8581,0.1954
307,197,490.795,20,0.5876,0.0915
272,58,351.255,14,0.4705,0.0444
941,63,481.463,19,0.6242,0.1046
396,170,3.451,13,0.5414,0.4875
869,75,236.394,18,0.5483,0.2277
56,181,439.027,10,0.6729,0.0899
102,195,468.855,9,0.5455,0.0017
804,14,140.406,12,0.3925,0.1687
250,134,239.415,8,0.3266,0.0
83,19,163.371,8,0.6711,0.1612
595,176,646.985,10,0.5026,0.0
148,24,213.508,13,0.837,0.3858
62,178,635.097,14,0.7284,0.0564
407,154,636.276,1,0.8614,0.0
551,108,378.744,6,0.5197,0.0217
528,42,627.055,6,0.7197,0.0163
585,54,55.663,9,0.9722,0.7323
24,87,91.275,13,0.467,0.2402
291,170,293.133,20,0.9638,0.4833
344,180,498.242,15,0.4254,0.0298
294,101,698.81,2,0.4062,0.0
560,47,336.407,14,0.8145,0.2057
230,113,5.811,5,0.9865,0.9798
632,167,131.092,15,0.8688,0.5736
936,109,315.645,1,0.3428,0.0
661,179,496.943,8,0.4249,0.0
389,2,422.51,12,0.7848,0.1239
435,101,630.859,5,0.9045,0.0031
586,10,191.586,11,0.6169,0.218
724,123,389.027,9,0.7624,0.013
302,124,104.289,2,0.6015,0.0
39,63,464.752,8,0.6336,0.0276
703,159,549.012,10,0.8914,0.0644
662,191,369.903,12,0.8645,0.2135
102,92,322.92,4,0.712,0.013
627,87,134.23,17,0.4455,0.2182
72,39,672.564,13,0.6136,0.0336
644,6,436.639,16,0.7888,0.156
745,82,587.012,17,0.3292,0.0127
16,89,17.949,16,0.7264,0.6909
727,154,181.317,3,0.7349,0.0765
121,173,347.582,8,0.7134,0.0042
266,22,386.316,16,0.6464,0.1264
705,31,291.877,8,0.6105,0.0642
356,113,243.177,9,0.7636,0.1969
978,76,324.542,9,0.5524,0.0311
958,141,263.818,11,0.9321,0.3106
987,65,29.315,1,0.3293,0.0024
105,84,498.931,9,0.9307,0.1132
177,89,555.449,13,0.9274,0.1349
184,121,224.444,15,0.7808,0.3335
586,14,695.483,13,0.8703,0.0519
431,177,710.588,15,0.6192,0.0069
746,68,409.585,2,0.4701,0.0209
283,43,571.847,12,0.6037,0.0498
200,129,393.011,14,0.8889,0.196
650,28,188.361,5,0.7108,0.0654
618,119,50.882,8,0.9029,0.6874
691,13,248.32,8,0.846,0.1898
313,53,133.875,1,0.4339,0.0
527,146,664.086,17,0.8732,0.1564
929,75,699.306,12,0.3055,0.0351
612,181,383.076,7,0.9825,0.0786
933,72,405.722,20,0.4838,0.0446
434,139,669.983,19,0.5064,0.0255
45,6,538.293,2,0.5293,0.0
761,196,117.051,6,0.9602,0.4297
461,124,685.434,19,0.7622,0.0803
43,142,411.587,12,0.5015,0.0782
139,66,15.366,9,0.5201,0.4249
313,58,141.678,13,0.8824,0.5245
191,88,573.82,16,0.3564,0.0104
685,52,92.427,4,0.8558,0.2616
612,5,613.01,5,0.8234,0.0
330,134,566.261,10,0.5431,0.012
85,144,25.867,4,0.7321,0.555
79,136,238.687,6,0.861,0.1344
946,111,365.198,3,0.3944,0.0018
346,105,55.2,5,0.9649,0.6304
108,198,417.532,12,0.4621,0.0372
712,106,705.798,10,0.7578,0.0467
870,142,432.301,12,0.768,0.0878
122,84,355.729,6,0.4449,0.0
945,7,624.198,15,0.3787,0.047
725,70,694.076,12,0.8359,0.0594
253,145,648.906,1,0.5877,0.0
776,127,27.09,15,0.7674,0.6685
420,139,72.182,14,0.3378,0.1684
636,150,443.323,15,0.8428,0.2427
127,44,163.61,12,0.8493,0.4044
245,163,375.396,5,0.609,0.05
774,143,603.807,16,0.4881,0.0048
806,62,675.719,7,0.3326,0.0
11,101,240.528,5,0.4969,0.0093
215,172,611.146,20,0.5787,0.0679
608,34,363.129,12,0.4693,0.0
906,61,474.359,19,0.3235,0.0753
675,39,90.75,8,0.3811,0.1286
707,61,46.083,19,0.74,0.6663
389,41,562.0,20,0.491,0.048
55,162,431.084,13,0.8883,0.1942
766,199,593.286,7,0.4402,0.012
800,194,83.806,12,0.4085,0.2093
444,72,124.166,12,0.5718,0.2471
507,187,45.82,11,0.7414,0.5705
236,17,468.267,7,0.9014,0.0656
453,23,443.411,15,0.8204,0.2183
242,66,306.686,15,0.7392,0.2138
421,58,97.838,1,0.5447,0.0
135,184,17.66,13,0.9936,0.9321
607,152,186.829,4,0.481,0.0308
248,151,2.519,20,0.4526,0.4443
725,162,683.132,6,0.7192,0.0
518,146,122.958,13,0.8568,0.5213
896,101,191.521,13,0.9825,0.5498
222,12,575.074,16,0.5705,0.0399
273,4,716.369,6,0.5739,0.0
244,196,446.984,17,0.8724,0.2467
631,101,182.764,3,0.9334,0.1019
107,191,326.372,1,0.705,0.0073
687,7,43.419,2,0.3053,0.0538
820,128,78.935,1,0.6553,0.0
675,57,511.052,18,0.5777,0.0785
135,73,597.316,2,0.6316,0.0
494,132,194.865,14,0.4276,0.1772
534,100,531.774,11,0.7741,0.0581
392,27,461.246,9,0.9975,0.0962
467,200,367.207,4,0.7628,0.0144
763,143,208.623,2,0.4889,0.0143
835,73,709.368,10,0.6021,0.0438
301,125,178.911,13,0.7425,0.3338
330,31,150.642,13,0.8312,0.4989
209,86,79.605,13,0.9127,0.695
402,85,474.646,9,0.6176,0.0312
546,75,648.917,1,0.9519,0.0178
714,97,97.029,17,0.942,0.731
268,183,75.629,7,0.8165,0.4354
217,2,651.233,14,0.9188,0.1177
34,111,475.767,16,0.7065,0.1109
94,189,697.711,20,0.3001,0.0
52,178,511.556,18,0.6479,0.1096
208,180,555.742,18,0.6457,0.0653
696,83,332.708,6,0.3509,0.0056
775,114,171.965,13,0.5206,0.1828
974,119,409.997,9,0.5763,0.0178
546,168,258.235,10,0.7649,0.1644
455,191,338.468,16,0.6589,0.1388
900,51,371.535,19,0.3126,0.0287
148,25,19.618,12,0.9858,0.952
631,53,438.345,3,0.5316,0.0203
819,53,258.466,8,0.5903,0.0293
503,61,584.809,5,0.7202,0.0
262,184,41.008,20,0.9734,0.8856
621,44,400.679,20,0.5498,0.0897
996,85,259.534,11,0.569,0.0871
236,72,67.627,4,0.6828,0.2199
564,55,298.153,13,0.4529,0.0948
51,40,294.971,19,0.3846,0.077
233,200,542.505,11,0.659,0.0665
768,126,109.878,5,0.9701,0.3847
497,21,597.96,3,0.6362,0.0363
200,131,34.969,13,0.5707,0.4347
336,123,371.552,11,0.3611,0.0397
121,72,467.458,7,0.6945,0.0106
780,158,10.82,6,0.6502,0.5767
943,161,50.239,16,0.5875,0.4961
106,158,197.286,1,0.8272,0.0
238,128,274.955,15,0.4605,0.1005
858,89,249.814,4,0.8704,0.0216
879,42,699.358,20,0.8536,0.2031
768,9,120.615,19,0.3602,0.1532
716,184,641.384,2,0.9803,0.0
862,169,680.123,17,0.4551,0.0
374,41,126.839,12,0.6535,0.3024
895,161,546.304,1,0.5525,0.0
887,10,718.697,7,0.7157,0.0042
230,48,178.83,13,0.6785,0.2614
74,31,362.219,3,0.9933,0.0
522,69,546.482,12,0.944,0.0737
759,64,529.172,7,0.4841,0.0402
850,103,599.962,10,0.5444,0.0184
143,92,251.059,3,0.9176,0.0
378,23,87.315,3,0.7412,0.1399
768,30,487.185,19,0.8468,0.2351
61,165,244.815,19,0.7013,0.3223
723,110,465.343,17,0.9649,0.3049
292,185,341.125,11,0.6652,0.0575
23,27,330.468,19,0.6649,0.199
242,62,634.748,15,0.4254,0.0
742,32,461.31,11,0.4864,0.0264
871,185,449.832,17,0.9678,0.3008
82,32,699.028,18,0.7436,0.0895
464,161,194.581,20,0.6331,0.3024
202,39,495.886,20,0.8585,0.2393
684,146,256.299,3,0.933,0.0383
781,92,431.424,20,0.6954,0.2044
963,194,588.411,8,0.8634,0.0322
355,14,664.444,14,0.4634,0.0261
300,65,307.8,11,0.4511,0.0486
310,145,599.189,7,0.3142,0.0
762,184,241.58,12,0.4443,0.0812
446,108,476.109,12,0.8477,0.1237
23,20,631.958,19,0.7247,0.1005
948,126,493.661,20,0.8535,0.2462
105,96,508.275,10,0.6513,0.0517
929,155,603.172,2,0.5511,0.0186
162,111,182.137,16,0.3795,0.0971
539,180,537.892,18,0.5738,0.0486
313,25,459.285,9,0.9129,0.0757
687,125,393.266,7,0.5831,0.0293
403,148,702.078,8,0.6953,0.0
368,82,297.303,9,0.9363,0.2126
478,96,169.475,6,0.7501,0.1724
971,140,604.352,7,0.7146,0.0153
246,92,133.695,7,0.9525,0.4247
220,79,536.724,3,0.5231,0.0
67,117,668.354,13,0.9829,0.121
739,161,591.628,8,0.9053,0.0114
678,27,456.052,2,0.693,0.0
609,175,664.709,13,0.5754,0.0
24,41,352.27,7,0.3827,0.0263
791,20,54.947,3,0.5737,0.1656
810,37,529.283,14,0.5645,0.018
946,16,516.27,14,0.4848,0.0304
930,191,623.138,2,0.6388,0.0198
264,59,292.688,16,0.9837,0.4848
711,155,104.857,11,0.5635,0.2923
403,37,74.371,4,0.5198,0.1055
596,106,249.012,10,0.4959,0.0345
333,86,571.038,20,0.3218,0.0621
658,132,375.625,2,0.4041,0.0
953,198,123.128,10,0.4604,0.1507
653,130,174.489,2,0.8994,0.0264
921,141,251.182,5,0.8388,0.0916
932,53,346.066,13,0.8104,0.2023
119,25,604.48,12,0.4185,0.0274
965,18,714.482,11,0.9856,0.1279
819,61,431.666,12,0.9704,0.201
427,111,280.517,15,0.7596,0.2875
601,13,132.441,10,0.964,0.522
618,53,368.182,13,0.847,0.2019
787,127,441.641,18,0.3889,0.0097
803,175,235.734,10,0.6992,0.1468
103,198,233.563,3,0.5116,0.0
2,48,596.606,9,0.5241,0.0381
247,21,475.344,14,0.8106,0.1855
528,115,324.467,7,0.7388,0.0875
850,188,401.777,7,0.6913,0.02
653,85,363.668,1,0.9959,0.0221
136,181,125.963,19,0.4831,0.2396
718,149,626.708,2,0.9119,0.0
469,180,65.974,18,0.7826,0.6366
369,191,153.772,12,0.3195,0.066
772,22,404.657,15,0.6301,0.1001
296,83,332.286,12,0.407,0.0302
619,10,428.854,2,0.3833,0.0027
183,9,662.223,1,0.7851,0.0
382,96,206.275,6,0.9215,0.1846
558,133,108.938,9,0.7756,0.415
624,178,87.767,20,0.5388,0.4294
920,26,42.994,19,0.3314,0.2406
291,7,569.448,4,0.6282,0.0336
896,21,329.65,4,0.4363,0.0
817,186,184.549,19,0.8778,0.5365
360,133,485.495,16,0.544,0.0762
141,97,559.812,8,0.9309,0.0814
258,21,674.764,11,0.386,0.0
658,75,287.895,1,0.3436,0.0
789,26,496.538,16,0.3024,0.0
613,7,195.217,17,0.9857,0.6394
725,88,623.213,6,0.6314,0.0109
102,101,654.306,2,0.8064,0.0
506,91,453.965,20,0.373,0.015
874,175,474.614,10,0.3742,0.0091
390,183,475.094,8,0.488,0.0319
899,25,426.13,1,0.3762,0.0
124,56,316.204,13,0.331,0.0325
979,101,533.162,20,0.3461,0.0332
786,81,703.18,14,0.5984,0.0218
627,88,537.106,20,0.6001,0.088
618,142,223.233,14,0.6484,0.2507
937,36,360.564,15,0.7319,0.1765
377,166,430.086,11,0.4929,0.0039
165,53,59.652,17,0.67,0.5025
919,70,354.488,14,0.9912,0.2814
103,45,74.218,12,0.7536,0.5016
660,127,367.816,14,0.871,0.2471
266,140,63.084,19,0.9162,0.8201
930,125,260.504,15,0.4551,0.1032
974,99,687.252,9,0.4502,0.0326
475,61,5.87,15,0.4491,0.4283
534,138,197.837,18,0.581,0.2724
455,24,267.965,14,0.9522,0.3997
426,63,425.022,11,0.9063,0.1001
938,137,695.136,19,0.5999,0.0164
288,139,460.799,8,0.6281,0.0
960,54,643.575,18,0.9074,0.1826
651,69,117.492,11,0.6889,0.3245
961,64,208.147,1,0.5637,0.0089
613,178,638.74,2,0.3393,0.01
819,115,4.225,20,0.6067,0.5608
490,24,326.993,6,0.4348,0.0193
463,33,326.352,16,0.3367,0.0221
258,14,681.33,13,0.3442,0.0
211,49,323.714,12,0.7108,0.1456
38,45,652.605,11,0.5979,0.0
384,90,421.639,13,0.8836,0.2199
988,150,216.331,16,0.7383,0.2984
939,176,107.178,8,0.3481,0.0937
691,112,353.2,13,0.6381,0.1488
364,155,13.194,9,0.7143,0.6909
521,131,241.683,14,0.8863,0.4238
757,64,376.847,8,0.9749,0.1189
3,123,402.188,4,0.6055,0.0
924,61,319.91,19,0.4692,0.109
871,62,694.076,20,0.6474,0.0378
971,198,107.16,12,0.4483,0.2147
95,183,718.196,13,0.4916,0.0206
948,131,497.948,4,0.4024,0.0085
614,119,594.082,15,0.7509,0.0435
556,138,456.897,16,0.787,0.1925
180,151,155.144,3,0.5571,0.0218
492,12,540.594,14,0.3059,0.0
364,72,610.773,4,0.7229,0.001
988,21,541.516,13,0.4646,0.0501
340,106,629.303,16,0.3803,0.0209
219,59,46.208,6,0.6459,0.4255
947,67,692.624,18,0.5297,0.0684
188,169,676.248,13,0.5654,0.0045
905,41,645.887,20,0.8384,0.1602
964,183,459.115,17,0.9168,0.2694
308,85,609.69,13,0.8869,0.0445
690,39,435.728,4,0.7086,0.025
797,29,354.644,20,0.4008,0.0733
537,143,670.362,11,0.5527,0.0
697,181,149.827,9,0.6215,0.1974
133,175,613.209,5,0.6854,0.0
517,35,317.473,11,0.405,0.0477
514,176,210.55,12,0.5094,0.1214
567,46,364.707,1,0.8876,0.014
945,92,459.037,13,0.9917,0.2261
825,2,131.977,1,0.4601,0.0421
603,52,540.956,17,0.8276,0.1405
404,64,284.436,11,0.4906,0.0304
405,192,506.82,10,0.4002,0.0
21,56,113.567,9,0.4007,0.1289
552,56,40.775,19,0.8878,0.7528
253,55,116.741,15,0.6218,0.3237
887,51,130.397,19,0.7422,0.4886
774,108,548.424,17,0.9205,0.2374
913,42,354.901,17,0.7177,0.2335
996,59,550.215,17,0.3013,0.0
401,107,537.945,12,0.7304,0.0086
429,152,176.965,7,0.3477,0.0596
609,22,655.898,4,0.6181,0.0
431,70,553.841,6,0.8415,0.03
280,115,61.925,14,0.8865,0.7415
708,184,412.303,9,0.5934,0.0
452,189,297.449,15,0.711,0.2115
942,175,331.094,12,0.8479,0.2392
220,101,264.643,10,0.5077,0.0528
444,20,357.58,5,0.7034,0.0
532,194,256.356,20,0.4543,0.1377
908,125,333.516,11,0.4515,0.0157
579,182,392.427,2,0.4771,0.0241
70,185,526.167,8,0.6317,0.0267
338,159,109.496,18,0.3662,0.1577
887,85,96.565,7,0.8309,0.4195
273,122,358.716,19,0.5219,0.0707
341,139,342.252,6,0.8651,0.0316
152,177,406.198,13,0.3814,0.0529
720,46,441.828,11,0.7803,0.0935
140,111,197.729,18,0.9588,0.6297
368,120,466.544,6,0.9285,0.0364
712,42,357.134,5,0.9311,0.0539
896,81,357.293,5,0.4662,0.003
222,186,427.816,7,0.6562,0.0
333,4,440.921,6,0.9798,0.0538
118,101,444.358,4,0.3761,0.0317
438,122,598.123,12,0.8971,0.1089
999,182,359.89,7,0.7531,0.0
305,57,677.576,4,0.5031,0.0214
260,79,681.446,4,0.4646,0.0
400,17,241.794,3,0.9814,0.0213
897,68,634.561,4,0.3325,0.0
548,200,303.368,19,0.7239,0.2898
610,154,701.509,1,0.5287,0.0
781,86,667.766,20,0.8086,0.1447
716,127,316.722,15,0.9047,0.3583
599,193,251.927,6,0.8753,0.128
561,88,494.094,7,0.8872,0.0462
534,59,264.958,2,0.959,0.04
181,176,475.635,13,0.8564,0.1449
415,171,303.653,2,0.7151,0.0149
848,104,361.601,14,0.4612,0.0327
40,3,272.988,10,0.5,0.0607
828,3,573.724,14,0.4228,0.0167
566,24,433.189,20,0.7708,0.2159
350,139,492.098,19,0.3511,0.004
115,36,591.157,4,0.3726,0.0
764,13,573.391,15,0.6567,0.0619
1,137,367.104,12,0.5333,0.0473
544,97,183.403,13,0.9433,0.5327
163,107,261.966,2,0.8785,0.0201
910,39,397.689,3,0.5789,0.0066
183,43,172.289,4,0.9274,0.1528
803,49,562.303,1,0.7086,0.0138
575,129,165.525,2,0.6264,0.0269
41,196,241.678,15,0.8714,0.4293
721,184,455.756,7,0.989,0.1133
880,23,502.492,18,0.8115,0.216
222,136,284.445,16,0.7892,0.2824
969,152,544.224,12,0.8445,0.1248
799,9,649.472,8,0.6033,0.0
743,128,118.784,20,0.8299,0.6642
337,89,659.489,13,0.6554,0.0196
120,40,387.646,18,0.9297,0.3963
430,158,323.435,6,0.9023,0.0503
808,188,573.103,19,0.3741,0.0532
587,120,564.642,6,0.6089,0.0471
648,41,491.582,15,0.7903,0.1915
782,86,294.419,20,0.3748,0.1119
339,104,192.799,20,0.5305,0.2594
38,181,259.779,8,0.5486,0.0515
885,159,412.979,13,0.7639,0.1449
614,135,406.28,15,0.36,0.0
566,153,665.28,10,0.8944,0.0393
574,139,329.073,11,0.5877,0.0988
853,64,480.144,1,0.3062,0.047
770,27,475.403,2,0.9526,0.0
671,168,526.948,19,0.7295,0.1457
783,111,713.855,2,0.4241,0.0441
289,193,577.56,8,0.8867,0.0293
712,137,29.029,16,0.8695,0.7803
976,95,584.452,2,0.9043,0.0331
235,130,719.922,18,0.7105,0.072
572,131,27.782,15,0.7145,0.6545
682,197,430.175,9,0.8937,0.0943
517,73,431.774,7,0.7381,0.0387
969,77,378.175,2,0.3015,0.0
404,71,630.284,11,0.7674,0.0297
218,22,586.404,16,0.9619,0.2006
137,94,124.286,20,0.6701,0.4443
850,90,74.608,6,0.4078,0.135
687,40,120.359,14,0.9975,0.7424
578,164,638.497,1,0.6285,0.019
431,138,71.306,1,0.5376,0.0011
410,49,465.421,4,0.9282,0.0
935,34,492.118,2,0.7766,0.0
681,124,157.438,7,0.6104,0.1119
966,2,165.826,12,0.5602,0.1925
802,31,601.797,4,0.9242,0.021
768,88,302.748,2,0.5215,0.0
554,199,359.871,8,0.6131,0.0443
243,16,286.252,1,0.5824,0.0324
654,106,132.307,13,0.9799,0.6218
716,113,316.566,7,0.9146,0.1249
522,51,194.275,16,0.788,0.4468
21,105,216.467,2,0.7106,0.0027
961,127,145.635,7,0.6501,0.1719
827,28,451.295,18,0.3735,0.0132
353,191,206.893,8,0.9288,0.2767
494,50,119.692,8,0.9838,0.4916
124,74,582.161,1,0.8193,0.0
937,5,414.83,10,0.5001,0.0125
231,119,618.468,15,0.5738,0.038
378,119,562.742,16,0.8682,0.1904
429,24,268.024,4,0.8847,0.0062
264,59,404.622,7,0.514,0.0
635,154,710.643,2,0.7763,0.0343
996,143,258.099,7,0.9605,0.1852
856,62,172.823,19,0.815,0.5276
531,126,117.901,6,0.5858,0.1703
131,150,676.777,10,0.6513,0.0218
864,75,180.073,20,0.8371,0.5353
257,36,667.924,19,0.3209,0.0228
912,5,426.322,5,0.9111,0.023
396,191,425.06,9,0.4036,0.0
519,65,288.461,14,0.9222,0.3641
437,162,285.385,20,0.9952,0.5418
456,65,231.29,13,0.3357,0.0431
165,143,525.32,16,0.9734,0.2156
553,67,532.035,10,0.4589,0.0313
403,122,382.716,3,0.6259,0.0
848,191,323.51,16,0.3578,0.0106
478,151,457.834,8,0.4626,0.0
965,33,354.068,4,0.4712,0.0
297,105,593.489,11,0.4303,0.0
329,55,47.375,2,0.8921,0.3351
37,44,649.927,14,0.9834,0.1689
739,167,377.875,13,0.5135,0.0223
74,197,366.88,9,0.8173,0.0796
286,186,281.808,6,0.4063,0.0
911,168,383.478,10,0.9618,0.195
611,94,159.026,18,0.7882,0.4991
559,106,358.321,6,0.7899,0.0437
805,109,287.023,12,0.4727,0.0338
772,148,212.026,11,0.6675,0.1715
887,11,153.173,4,0.585,0.0249
666,166,619.423,11,0.9076,0.0875
449,162,612.201,6,0.7594,0.0606
131,200,349.542,17,0.4958,0.0574
370,119,167.037,12,0.3727,0.1098
706,92,324.545,12,0.865,0.2512
254,96,666.498,19,0.346,0.0
671,125,561.277,8,0.6234,0.0177
134,61,581.54,8,0.7538,0.0183
61,156,506.123,5,0.7206,0.0082
365,89,521.427,2,0.3837,0.0187
230,57,108.157,17,0.7532,0.5751
872,148,250.056,14,0.4682,0.1132
379,68,599.096,14,0.6898,0.0557
419,17,128.048,12,0.474,0.1717
404,105,54.578,14,0.5709,0.4278
318,102,609.492,16,0.8223,0.1266
918,59,562.252,2,0.4775,0.0
740,7,114.275,11,0.8965,0.5736
159,96,380.483,17,0.6176,0.1807
216,155,30.503,8,0.9946,0.8108
82,161,107.36,12,0.7271,0.4214
257,43,185.602,9,0.4119,0.0945
657,87,507.033,17,0.8242,0.1855
936,181,219.904,17,0.7273,0.3765
482,69,583.64,16,0.3829,0.0
82,96,17.44,8,0.3479,0.2793
48,136,3.612,20,0.8773,0.8634
415,92,216.203,10,0.6412,0.1567
265,169,526.418,15,0.7856,0.1143
577,73,685.133,6,0.6507,0.0414
119,99,227.46,4,0.8794,0.0474
231,104,401.199,1,0.4129,0.0286
556,149,30.251,6,0.3777,0.2183
282,68,1.408,5,0.5724,0.6056
365,56,11.838,20,0.6637,0.6555
222,72,70.527,17,0.7338,0.5471
52,47,629.594,20,0.4653,0.0312
346,40,461.982,19,0.8305,0.2412
330,164,646.836,12,0.8147,0.0676
899,70,601.209,15,0.6436,0.0527
893,55,550.984,5,0.6305,0.0
432,163,254.99,9,0.8026,0.1762
288,158,96.924,17,0.9982,0.7756
418,50,74.87,14,0.5649,0.3809
608,61,18.497,20,0.492,0.4631
387,165,128.409,3,0.6363,0.0569
757,56,14.27,10,0.472,0.4305
965,173,495.375,2,0.3419,0.0
404,124,280.274,4,0.9672,0.0608
118,134,380.508,4,0.5465,0.0347
121,107,345.03,15,0.6574,0.1573
872,7,204.429,13,0.3721,0.049
417,165,82.905,10,0.815,0.512
328,113,390.681,9,0.6365,0.0596
620,35,621.964,17,0.4245,0.0204
957,167,539.911,4,0.485,0.0
425,59,670.694,8,0.7312,0.0105
316,74,256.626,11,0.9036,0.2983
863,128,608.985,8,0.3757,0.0
83,57,520.386,19,0.4319,0.0318
845,2,678.992,8,0.9042,0.0229
521,65,207.546,12,0.8126,0.3162
21,137,578.712,12,0.9489,0.1054
228,85,366.12,11,0.4103,0.0569
680,143,314.735,4,0.759,0.0
753,15,335.611,8,0.4624,0.016
196,52,311.744,20,0.5118,0.1588
658,48,631.549,1,0.6772,0.0
990,13,680.005,17,0.5678,0.0169
687,130,477.523,5,0.6974,0.0
703,43,139.204,13,0.5686,0.2345
194,95,303.058,7,0.8268,0.1293
638,199,256.349,4,0.4652,0.0
709,50,483.274,10,0.3506,0.0009
111,39,51.113,9,0.8487,0.6197
312,187,471.145,19,0.9261,0.313
883,72,336.367,4,0.8761,0.0017
999,60,188.321,7,0.6131,0.1171
174,144,46.206,17,0.6108,0.4847
732,26,38.617,7,0.5161,0.371
502,76,642.423,1,0.6271,0.0
591,40,415.455,7,0.3243,0.0081
511,179,397.362,10,0.7691,0.098
868,60,13.092,5,0.7923,0.7123
446,114,555.23,4,0.8725,0.0
590,105,152.046,9,0.7522,0.2719
670,99,276.359,1,0.4245,0.0
553,14,465.731,15,0.9009,0.2423
880,53,97.293,8,0.5627,0.2237
238,171,573.722,15,0.7478,0.131
949,110,601.489,10,0.4495,0.0527
679,176,374.276,1,0.5869,0.0
961,112,263.417,20,0.7403,0.4061
375,64,181.738,16,0.7593,0.3983
479,70,521.391,2,0.5127,0.0061
44,156,245.535,8,0.718,0.1299
924,48,582.953,14,0.3027,0.0357
817,120,527.493,1,0.7155,0.0272
297,188,254.432,4,0.9352,0.0538
52,170,165.182,20,0.6719,0.3881
697,78,257.894,15,0.6078,0.1968
673,56,246.781,18,0.6295,0.27
528,125,688.814,18,0.3606,0.0357
157,123,451.854,8,0.5947,0.0524
919,145,473.612,17,0.8804,0.229
433,15,204.522,14,0.959,0.495
725,108,262.605,13,0.4259,0.0711
860,2,335.906,13,0.7877,0.1687
549,199,703.245,4,0.6569,0.0391
95,175,480.825,20,0.9587,0.3169
888,148,111.341,4,0.6182,0.0976
668,59,713.486,4,0.4536,0.0
895,150,194.258,18,0.3315,0.0678
613,90,447.834,5,0.8259,0.025
908,130,630.179,2,0.8037,0.0
868,47,443.539,14,0.9485,0.2261
216,95,666.7,7,0.3423,0.0423
173,176,610.704,2,0.9878,0.012
161,38,25.687,4,0.4291,0.2208
800,77,494.663,17,0.6927,0.086
241,59,519.153,4,0.6956,0.0314
451,36,268.011,5,0.3286,0.0429
788,80,654.908,14,0.7368,0.0
429,122,576.763,16,0.5376,0.0
62,11,264.608,12,0.8847,0.3346
362,42,161.008,4,0.6728,0.0387
95,164,153.452,6,0.3521,0.041
386,53,159.178,15,0.6947,0.3538
737,68,424.446,10,0.9721,0.1915
520,135,462.971,2,0.8724,0.0
675,150,107.616,18,0.8228,0.6011
107,192,395.167,3,0.9323,0.0
751,32,180.579,14,0.7922,0.4193
426,151,655.539,1,0.4154,0.0002
287,145,616.612,9,0.5638,0.0
652,25,83.692,14,0.367,0.177
135,176,182.02,4,0.6454,0.0
499,63,680.081,4,0.477,0.0
423,85,215.619,14,0.7985,0.3374
166,160,587.487,8,0.3551,0.0122
953,105,36.809,6,0.3536,0.1555
364,56,279.519,18,0.9658,0.512
41,65,442.845,6,0.895,0.0167
443,149,287.972,7,0.5473,0.0195
967,37,569.373,16,0.3043,0.002
669,95,705.553,4,0.4997,0.0
637,150,369.987,9,0.4761,0.0156
901,177,334.083,14,0.8207,0.2063
84,166,507.396,2,0.6306,0.0115
551,72,542.791,4,0.6987,0.004
321,40,43.525,19,0.9234,0.845
677,187,315.346,15,0.5913,0.1636
853,120,360.066,7,0.3051,0.049
78,82,221.686,9,0.9676,0.3277
159,181,546.663,8,0.6718,0.0
955,146,638.681,19,0.3785,0.0
492,96,608.719,15,0.886,0.1686
316,40,456.506,5,0.4346,0.0
153,17,571.928,2,0.7936,0.0639
355,107,167.875,10,0.5362,0.1487
5,23,18.977,17,0.9557,0.9192
223,63,369.931,18,0.7001,0.245
184,137,295.486,3,0.4961,0.0
85,3,634.893,13,0.5536,0.024
970,198,568.261,10,0.6287,0.0455
791,88,275.242,5,0.9257,0.0536
941,175,13.042,11,0.6028,0.5147
241,35,198.273,2,0.7084,0.0075
289,93,259.836,2,0.4284,0.0
283,192,486.764,12,0.4333,0.0194
559,127,650.408,4,0.3867,0.0
182,162,159.476,12,0.4263,0.1416
236,138,565.963,20,0.5382,0.0831
975,148,524.711,5,0.5238,0.0
353,73,254.594,15,0.822,0.3378
782,91,12.133,16,0.7474,0.687
229,10,24.031,3,0.4821,0.2513
930,52,446.047,5,0.4798,0.0
694,13,610.004,5,0.4978,0.0264
862,65,455.198,20,0.5724,0.0688
517,146,557.161,12,0.6653,0.0337
907,41,362.312,15,0.7806,0.1956
363,96,189.629,3,0.7029,0.0055
480,111,29.108,13,0.5191,0.4208
62,33,588.58,12,0.6556,0.0294
171,163,341.709,14,0.9105,0.2705
772,155,631.119,9,0.6991,0.0
327,38,266.851,1,0.3748,0.0432
103,8,199.067,14,0.6576,0.2686
293,1,480.441,8,0.9721,0.1142
353,59,435.327,6,0.6868,0.0063
718,26,507.201,18,0.3933,0.0068
91,4,66.032,4,0.8731,0.368
26,93,60.472,19,0.5018,0.3977
725,106,411.28,10,0.5618,0.0652
143,4,394.982,4,0.9791,0.0419
420,120,67.357,17,0.44,0.3188
683,81,310.021,18,0.5526,0.184
515,41,456.379,19,0.9729,0.3667
124,23,390.489,8,0.9283,0.1278
723,152,134.69,19,0.3109,0.1412
49,22,668.061,14,0.8431,0.1024
233,41,25.224,8,0.3754,0.2385
110,143,196.618,18,0.708,0.3584
513,126,49.099,11,0.7956,0.6756
691,200,204.385,5,0.6462,0.0314
650,9,493.573,15,0.9981,0.2263
140,39,17.63,3,0.6504,0.4602
344,133,28.391,6,0.3942,0.2349
147,46,148.614,10,0.3255,0.0872
343,77,20.418,12,0.769,0.6667
231,60,281.145,13,0.5904,0.0989
741,162,166.092,17,0.7729,0.5055
751,158,232.288,12,0.7521,0.235
819,162,602.875,11,0.5699,0.0
201,102,311.468,14,0.5629,0.101
14,98,11.328,11,0.6377,0.5399
36,115,393.934,19,0.6196,0.1665
844,14,79.202,8,0.4516,0.1475
906,110,43.196,3,0.3104,0.0599
212,56,236.003,13,0.8808,0.3349
877,188,196.28,20,0.8853,0.5758
530,37,80.862,5,0.8141,0.3506
185,7,215.222,4,0.5739,0.0074
313,193,348.783,9,0.6617,0.0731
266,32,181.196,19,0.3282,0.1201
764,104,23.739,6,0.9671,0.8178
189,77,642.726,16,0.5209,0.0206
184,54,469.185,6,0.775,0.0
720,98,508.937,17,0.6138,0.0904
303,147,294.122,6,0.3522,0.0361
251,23,413.018,18,0.7841,0.2448
808,133,506.296,10,0.4693,0.0
932,179,257.14,3,0.7407,0.0064
556,59,598.605,19,0.8883,0.1864
828,136,556.216,14,0.5489,0.0
842,185,207.057,1,0.9034,0.0
589,187,239.947,7,0.5568,0.0529
830,130,132.831,18,0.5591,0.3391
9,189,362.135,8,0.9293,0.1343
36,156,584.245,20,0.7986,0.1566
884,103,406.309,11,0.717,0.061
141,26,255.695,3,0.3978,0.0
728,171,295.664,12,0.3322,0.012
421,58,498.815,2,0.8001,0.014
788,148,370.515,15,0.5917,0.1155
666,129,398.181,2,0.3478,0.0
72,73,439.162,13,0.3529,0.0474
337,155,531.882,4,0.3137,0.0057
709,132,450.66,5,0.6566,0.0209
922,150,492.873,4,0.8505,0.0155
805,191,479.779,8,0.8221,0.004
892,55,667.092,13,0.4825,0.0241
957,153,530.375,18,0.7763,0.1966
895,8,393.751,13,0.9666,0.2377
581,142,646.581,15,0.8612,0.0834
337,32,648.336,18,0.597,0.0589
509,45,253.415,10,0.8101,0.222
796,40,579.916,2,0.4149,0.0129
426,167,707.386,5,0.8455,0.0
831,75,149.325,20,0.4494,0.2423
702,78,286.116,17,0.5647,0.124
210,73,299.417,20,0.7195,0.2941
921,125,439.808,5,0.6921,0.0113
847,184,693.141,3,0.6943,0.0
600,136,220.385,19,0.8485,0.4818
195,21,542.816,20,0.459,0.0657
228,104,560.675,9,0.9074,0.032
840,22,501.39,20,0.3249,0.0037
18,34,423.763,14,0.4056,0.0
484,40,411.853,17,0.9793,0.3535
620,140,203.437,5,0.8309,0.1405
233,176,99.252,12,0.4043,0.1468
865,50,240.856,4,0.6138,0.0
523,189,165.69,16,0.3052,0.0998
66,54,470.063,5,0.6648,0.038
321,62,614.332,18,0.9877,0.2326
398,26,114.68,12,0.7527,0.4206
223,10,474.987,14,0.7265,0.0929
941,124,88.186,14,0.8801,0.6666
361,82,273.98,19,0.7035,0.2828
502,24,125.106,10,0.7498,0.362
536,113,216.021,8,0.5082,0.0374
221,70,618.245,16,0.6948,0.0919
568,79,302.503,9,0.8143,0.1496
354,178,78.637,4,0.6607,0.1774
11,81,143.644,13,0.5845,0.2682
409,91,607.502,19,0.4475,0.0343
584,138,295.61,13,0.4721,0.023
118,179,673.937,12,0.9433,0.0897
780,148,404.301,6,0.391,0.0323
661,99,365.344,7,0.7406,0.0208
310,62,328.719,13,0.8148,0.2052
593,36,557.002,11,0.4399,0.0312
304,25,601.79,19,0.4205,0.0
648,152,91.912,9,0.4463,0.2285
154,148,294.354,14,0.6834,0.1632
611,71,203.952,17,0.4337,0.1251
56,188,647.606,14,0.495,0.0
17,194,529.123,6,0.5485,0.0
255,125,210.829,17,0.3284,0.077
175,53,294.324,13,0.3196,0.0291
491,102,302.119,10,0.3047,0.0
166,165,670.94,15,0.9191,0.0851
245,102,341.315,17,0.9427,0.3763
98,99,13.759,20,0.6995,0.6832
887,107,525.796,15,0.3299,0.0035
736,169,69.963,2,0.6698,0.0824
218,83,454.317,12,0.9145,0.1546
121,37,369.963,13,0.8971,0.1824
851,103,549.269,2,0.7134,0.0
669,127,396.329,8,0.3821,0.0283
886,187,126.581,2,0.5406,0.01
179,23,643.705,8,0.9924,0.0071
359,189,650.445,9,0.8778,0.0259
119,162,303.182,9,0.8023,0.1842
424,143,438.976,16,0.5217,0.0434
163,48,397.968,7,0.4301,0.0019
5,42,384.884,8,0.5996,0.0369
509,86,65.399,11,0.4637,0.2559
980,37,355.919,3,0.5349,0.0642
646,132,162.494,5,0.8676,0.1785
757,151,574.552,13,0.4202,0.0345
812,96,611.212,17,0.4754,0.0397
973,139,13.945,14,0.4787,0.4589
129,156,530.581,17,0.9398,0.2525
251,183,83.132,4,0.3718,0.0
617,138,7.588,2,0.6215,0.4477
822,47,10.343,17,0.9517,0.9658
774,27,335.792,2,0.9025,0.0
728,189,586.254,18,0.761,0.1743
313,155,224.555,9,0.7875,0.1758
365,170,665.771,1,0.79,0.0
80,85,303.506,14,0.386,0.0417
314,32,136.237,20,0.3427,0.1407
156,120,330.807,13,0.3044,0.0289
939,128,451.598,17,0.6421,0.1638
92,44,364.356,5,0.791,0.0
364,94,317.559,19,0.6342,0.1873
888,85,136.094,12,0.306,0.0758
956,52,503.675,16,0.7919,0.1632
377,164,252.611,1,0.5765,0.0
466,98,698.831,8,0.8626,0.0555
524,186,288.756,4,0.9548,0.0209
823,1,159.911,19,0.6219,0.3721
769,188,619.016,6,0.6264,0.0017
525,133,150.651,12,0.5788,0.2607
372,141,121.459,15,0.596,0.3136
373,58,517.47,6,0.7338,0.021
650,16,215.019,16,0.8166,0.3614
836,47,300.782,14,0.5792,0.1205
77,89,325.032,3,0.4688,0.0
769,68,564.264,6,0.3748,0.0108
481,39,413.704,4,0.8132,0.0507
146,3,533.928,5,0.5899,0.0
97,140,711.002,4,0.798,0.007
338,134,512.038,13,0.5518,0.016
249,33,201.135,12,0.7581,0.337
105,157,552.32,10,0.6024,0.0231
294,196,612.019,2,0.9559,0.0
834,200,310.457,15,0.6338,0.1826
718,39,475.036,16,0.7709,0.1284
210,86,353.34,16,0.6986,0.1938
675,11,92.273,14,0.8814,0.6404
452,3,524.875,12,0.7997,0.0994
748,169,319.704,15,0.5862,0.0805
248,194,249.743,8,0.4099,0.0
62,41,337.036,6,0.5975,0.0049
313,93,419.285,12,0.9384,0.1601
994,5,545.067,12,0.8262,0.0391
556,164,654.304,4,0.5893,0.0286
55,110,492.82,7,0.5645,0.0
976,59,715.894,4,0.3347,0.0343
826,194,113.813,9,0.5122,0.1826
544,28,111.545,16,0.7539,0.5424
741,54,569.217,2,0.931,0.0
185,150,456.313,13,0.768,0.1313
592,82,620.791,4,0.3232,0.0
913,141,489.0,12,0.528,0.0318
439,48,9.563,2,0.845,0.7243
39,132,484.505,4,0.8823,0.0
758,112,152.785,13,0.3654,0.1037
731,10,322.072,20,0.485,0.115
740,65,498.043,17,0.5262,0.0612
649,60,472.699,20,0.9245,0.3171
138,119,275.737,20,0.7032,0.3704
115,88,513.551,12,0.4308,0.0162
793,96,679.82,14,0.705,0.0181
856,34,166.541,9,0.8085,0.2961
79,186,86.434,18,0.553,0.4197
582,150,97.646,4,0.9588,0.3246
501,135,329.751,7,0.8798,0.1261
351,56,215.083,19,0.7368,0.4128
646,137,336.849,17,0.5656,0.1226
915,47,61.185,2,0.3078,0.0
822,98,178.168,5,0.3502,0.0183
154,54,250.285,17,0.8637,0.398
464,61,672.4,12,0.9267,0.1043
936,130,214.219,16,0.3867,0.0762
237,63,35.181,8,0.363,0.2155
855,147,224.287,16,0.7814,0.3791
491,101,674.588,14,0.6905,0.048
522,197,307.897,12,0.5579,0.0577
251,39,589.46,12,0.5168,0.0
920,189,192.795,1,0.471,0.0
529,27,98.193,16,0.4398,0.2536
575,110,357.844,13,0.4594,0.0621
463,75,505.416,5,0.5318,0.0
90,151,608.624,3,0.6578,0.0
781,27,173.928,18,0.9849,0.6128
329,51,710.396,9,0.3201,0.0
241,47,352.509,7,0.8341,0.1223
783,185,361.896,18,0.3736,0.0271
200,108,618.223,2,0.6852,0.0041
683,33,293.557,18,0.4327,0.1093
475,159,545.435,8,0.3089,0.0447
800,58,408.927,16,0.3884,0.0196
51,45,97.924,1,0.4573,0.0
775,99,24.196,16,0.5062,0.4319
230,159,672.659,14,0.4295,0.0
871,168,623.941,18,0.5106,0.0299
354,4,708.162,4,0.5084,0.0
7,180,485.577,3,0.9358,0.0
488,200,465.101,15,0.8364,0.1509
55,65,150.54,14,0.4305,0.1934
270,104,462.635,19,0.7528,0.1946
717,76,351.908,16,0.5873,0.1011
561,96,271.992,12,0.6237,0.0886
709,131,491.525,17,0.533,0.0607
879,131,61.653,14,0.7595,0.59
469,95,363.048,4,0.3176,0.0
544,96,545.963,9,0.5634,0.0256
59,98,597.671,5,0.838,0.0
287,82,353.066,2,0.9958,0.0029
725,25,254.185,4,0.3947,0.0127
62,75,412.32,9,0.534,0.0
360,144,92.775,12,0.5711,0.3276
137,196,66.319,9,0.6828,0.4286
858,163,589.869,20,0.6392,0.1079
562,173,91.517,8,0.8805,0.5307
645,157,300.725,10,0.7477,0.0778
684,101,296.751,13,0.8712,0.3033
225,137,707.814,5,0.8012,0.0115
50,168,507.877,11,0.9618,0.1744
398,45,552.027,5,0.8159,0.0204
186,30,482.504,19,0.3698,0.0258
322,54,196.575,10,0.7827,0.2649
320,106,260.329,16,0.3231,0.0106
783,158,132.343,9,0.4237,0.1096
320,91,390.568,15,0.9553,0.2915
152,197,56.557,3,0.9688,0.4127
959,65,650.832,19,0.3757,0.0041
50,93,141.845,7,0.5779,0.1431
204,184,154.113,10,0.9919,0.5449
348,35,349.154,16,0.3516,0.0318
63,167,230.58,19,0.9381,0.5539
900,31,120.328,11,0.988,0.6135
354,182,709.682,9,0.9176,0.014
783,65,201.706,10,0.8726,0.3264
135,128,532.587,6,0.6999,0.0085
522,143,522.915,8,0.9384,0.0214
127,76,176.474,16,0.3707,0.0829
232,111,200.296,14,0.3794,0.103
408,152,385.204,17,0.784,0.2368
863,176,620.01,7,0.3062,0.0
307,22,532.595,9,0.7478,0.0399
755,100,218.546,2,0.7323,0.0028
92,171,31.576,13,0.7284,0.6386
252,112,437.527,15,0.4207,0.0228
605,6,342.79,18,0.9406,0.4467
469,26,247.93,18,0.8138,0.4014
502,164,465.449,1,0.4967,0.0
679,85,685.238,4,0.719,0.0353
78,141,650.562,16,0.5781,0.0566
696,179,479.449,10,0.8331,0.0589
863,18,690.705,7,0.6465,0.0
767,92,285.151,10,0.5027,0.0711
285,30,73.21,19,0.8715,0.7923
351,169,325.907,20,0.5785,0.1924
962,91,475.651,3,0.9971,0.0
790,176,577.122,13,0.5745,0.0392
932,60,675.385,13,0.699,0.0139
914,30,372.591,9,0.5799,0.0101
435,174,268.919,16,0.6744,0.2342
130,123,203.158,4,0.9937,0.138
229,39,437.128,3,0.3783,0.0255
295,139,498.944,8,0.8699,0.0099
835,84,455.512,18,0.9218,0.2774
277,10,140.9,1,0.7697,0.0
362,53,321.544,9,0.6442,0.0905
852,151,53.941,13,0.6793,0.536
164,26,374.917,1,0.7796,0.0095
664,68,154.617,6,0.967,0.3187
552,52,640.261,14,0.5418,0.0226
985,147,582.014,16,0.9407,0.1949
490,172,526.781,1,0.4961,0.0085
522,158,81.38,14,0.614,0.3929
851,144,321.972,19,0.6081,0.2126
992,18,130.158,10,0.4219,0.1473
730,183,31.996,11,0.4326,0.3331
699,33,290.077,16,0.9029,0.3854
877,82,226.23,18,0.9933,0.6338
980,166,661.154,6,0.9628,0.0266
735,49,666.808,14,0.4484,0.0
293,44,673.107,15,0.5016,0.0285
643,6,10.812,19,0.3881,0.3937
237,72,373.839,9,0.7872,0.0832
501,100,13.623,11,0.303,0.2233
445,94,435.418,8,0.7754,0.0727
988,8,366.308,7,0.4854,0.0131
555,41,310.158,7,0.8042,0.1119
960,1,38.358,2,0.4293,0.0724
809,45,75.954,15,0.9532,0.7217
849,121,225.727,6,0.3778,0.0245
170,2,174.625,12,0.3254,0.0679
776,33,129.17,19,0.3817,0.1578
252,109,613.0,9,0.4703,0.0645
578,112,20.996,20,0.7763,0.7109
487,180,157.261,2,0.6076,0.0
260,115,660.306,1,0.622,0.0394
985,186,627.694,7,0.7138,0.0
876,145,256.097,6,0.7734,0.0753
575,111,579.275,16,0.803,0.1056
11,77,110.032,5,0.596,0.1276
184,23,461.287,17,0.3883,0.0
228,142,635.951,11,0.3661,0.0507
972,188,340.081,5,0.4803,0.0
404,74,120.57,10,0.4199,0.1455
47,72,416.947,13,0.5701,0.0187
587,20,538.811,20,0.9943,0.3171
951,120,623.314,2,0.511,0.0334
561,62,273.286,8,0.9606,0.2221
445,3,204.895,10,0.7518,0.2748
176,2,493.772,12,0.3357,0.0
879,68,180.276,18,0.828,0.5168
105,93,175.178,16,0.8017,0.459
934,92,131.712,11,0.7924,0.3982
223,149,264.91,1,0.3966,0.0293
139,106,316.541,5,0.3145,0.0
349,157,522.037,16,0.8778,0.1984
5,60,78.022,10,0.822,0.5493
15,47,306.972,14,0.7081,0.2029
187,108,473.815,14,0.8331,0.1544
693,22,392.593,19,0.7039,0.259
815,153,567.44,6,0.7148,0.0209
248,38,642.522,20,0.9733,0.237
645,184,153.568,15,0.4018,0.134
352,197,654.27,12,0.5093,0.006
433,108,637.521,3,0.3787,0.0
335,63,262.285,15,0.4629,0.0642
892,68,585.684,20,0.8912,0.2783
512,86,371.207,20,0.8028,0.3298
507,96,583.898,6,0.6992,0.0
860,16,538.699,17,0.448,0.0289
658,40,692.949,19,0.6365,0.0901
150,158,159.584,12,0.6912,0.2992
189,11,530.099,2,0.39,0.0
341,90,10.498,3,0.3519,0.2119
98,176,663.695,14,0.4276,0.0
693,18,143.616,8,0.8547,0.355
496,186,269.184,11,0.6971,0.1289
45,95,607.097,18,0.7554,0.1388
401,85,344.171,13,0.3743,0.0245
830,143,478.09,2,0.5197,0.0171
908,156,260.557,9,0.4662,0.0501
962,95,400.116,18,0.8503,0.2588
923,17,608.806,17,0.3992,0.0
608,194,642.673,13,0.4879,0.0282
928,2,328.805,10,0.7866,0.1201
957,175,518.647,17,0.7584,0.1593
636,87,336.665,11,0.912,0.2221
414,103,676.577,9,0.8927,0.0317
967,154,523.979,4,0.8878,0.0255
416,189,310.807,7,0.8275,0.0689
167,31,358.894,16,0.4052,0.0221
107,163,132.262,20,0.6811,0.4881
568,133,677.552,12,0.3807,0.024
36,74,184.012,12,0.6493,0.2531
119,86,130.983,14,0.8486,0.5023
245,155,325.798,14,0.6575,0.1452
530,29,522.973,13,0.5419,0.0
479,102,491.707,19,0.9994,0.3239
512,145,183.667,18,0.5163,0.2063
508,108,191.132,10,0.4284,0.0404
995,90,170.041,6,0.6568,0.1084
218,105,434.522,2,0.617,0.0
475,103,689.135,12,0.5393,0.0
613,161,640.432,5,0.4904,0.0
274,165,363.493,4,0.9962,0.055
182,184,272.353,13,0.5557,0.1214
47,15,285.23,15,0.6877,0.2298
327,64,580.572,16,0.3604,0.0021
255,176,468.604,8,0.6255,0.0118
196,129,30.19,11,0.652,0.553
272,76,54.927,10,0.5456,0.3965
697,126,346.835,13,0.3266,0.0385
828,93,383.506,8,0.6699,0.0365
517,178,691.658,14,0.3302,0.0
67,112,102.002,5,0.4549,0.0872
737,90,581.63,1,0.9574,0.0
152,125,644.809,9,0.5413,0.0
58,39,272.202,10,0.5942,0.0834
569,155,116.916,12,0.6679,0.3673
426,41,177.722,18,0.9132,0.6063
312,5,477.373,7,0.4811,0.0
967,11,50.714,2,0.9677,0.3384
92,14,637.688,6,0.8217,0.0
54,21,544.882,14,0.3878,0.0823
588,11,572.107,20,0.8279,0.1929
419,61,533.163,12,0.8077,0.1085
802,193,93.1,6,0.7366,0.3498
41,21,526.377,15,0.5781,0.0209
420,136,431.617,6,0.8556,0.0253
147,175,37.17,18,0.9018,0.8323
42,162,205.297,3,0.3492,0.0
463,73,304.921,18,0.5603,0.1489
735,11,391.122,12,0.6765,0.0837
158,74,130.39,17,0.9865,0.7334
843,121,379.839,13,0.6451,0.1384
519,152,689.493,9,0.5269,0.0
481,29,255.652,14,0.3679,0.0226
923,61,109.487,4,0.7263,0.2054
330,121,337.743,7,0.863,0.0983
201,144,324.693,15,0.9932,0.4204
787,63,660.42,1,0.7489,0.0
108,165,333.165,16,0.7287,0.1812
873,161,175.573,3,0.6961,0.0119
826,73,162.015,3,0.8323,0.0703
977,108,25.36,3,0.6545,0.3828
461,96,533.93,15,0.4937,0.0091
623,134,193.194,1,0.5498,0.0
883,65,567.429,15,0.7926,0.1297
132,66,396.458,17,0.8774,0.3028
307,85,512.53,11,0.7328,0.0358
472,44,146.689,3,0.8101,0.0635
628,117,112.022,18,0.3008,0.1064
680,192,301.361,5,0.974,0.0526
924,70,257.205,19,0.4302,0.121
490,173,364.672,13,0.4844,0.0941
172,93,538.9,4,0.4813,0.0076
190,34,654.417,2,0.496,0.0146
801,100,428.106,4,0.4294,0.0
462,100,163.007,12,0.3154,0.0466
632,5,213.05,2,0.9636,0.0247
563,96,652.117,10,0.5892,0.0118
813,33,151.334,19,0.4042,0.1913
219,159,68.799,20,0.6128,0.4556
171,109,663.275,4,0.6938,0.0
734,61,19.685,13,0.8259,0.7649
435,1,539.339,11,0.6581,0.0444
816,115,105.263,10,0.7563,0.4327
129,141,479.954,2,0.4369,0.0
272,85,134.642,8,0.9036,0.4442
961,182,645.999,12,0.8999,0.1084
844,40,36.379,14,0.3566,0.2489
63,151,219.584,9,0.56,0.0667
817,100,563.894,19,0.883,0.2004
66,63,408.684,5,0.4953,0.0
121,58,304.039,11,0.3682,0.0159
899,90,313.869,14,0.337,0.0474
127,17,361.918,5,0.4375,0.0
301,131,716.312,10,0.4548,0.0307
136,82,485.191,3,0.8221,0.0418
598,137,350.94,10,0.3102,0.0284
58,104,232.071,14,0.6895,0.2777
288,196,362.987,20,0.9452,0.4471
327,17,664.322,1,0.9588,0.0017
649,99,158.05,7,0.7213,0.1684
497,108,249.072,7,0.5791,0.0735
193,50,47.265,20,0.5282,0.4598
465,135,453.232,18,0.6709,0.1053
459,73,552.369,17,0.8913,0.1903
354,153,455.243,18,0.4666,0.0486
534,185,584.616,4,0.4266,0.0
327,171,555.054,4,0.4276,0.024
334,127,700.189,8,0.648,0.0227
784,144,326.031,14,0.5448,0.1097
252,173,60.989,7,0.9518,0.6451
330,197,385.718,17,0.5812,0.0956
141,145,555.243,15,0.7672,0.1342
699,183,293.302,15,0.8892,0.3332
707,194,323.723,6,0.8769,0.0317
679,36,531.029,11,0.4287,0.0
169,101,12.617,6,0.8079,0.721
452,72,473.414,13,0.7397,0.1009
293,190,509.338,15,0.6199,0.084
764,149,698.897,9,0.8809,0.0459
337,178,525.698,16,0.5552,0.0642
416,70,94.673,6,0.3425,0.0371
455,169,359.029,15,0.3145,0.0153
761,17,292.578,5,0.7454,0.0277
703,188,288.97,10,0.6239,0.1295
820,46,565.373,18,0.8367,0.1509
428,106,418.604,15,0.9272,0.2518
820,144,526.364,10,0.7405,0.0856
872,149,537.101,12,0.6875,0.08
524,43,495.759,13,0.4277,0.0115
680,112,545.716,18,0.695,0.1084
910,107,157.754,7,0.6558,0.1799
839,156,71.523,15,0.7252,0.5783
277,65,116.526,19,0.6428,0.4319
717,153,582.397,13,0.7004,0.0975
446,124,688.388,15,0.8281,0.0788
149,152,674.548,13,0.924,0.0938
372,176,9.736,19,0.6635,0.6803
978,86,716.454,6,0.9014,0.0003
958,87,638.358,19,0.7192,0.1481
787,160,143.572,12,0.5482,0.2405
991,157,401.551,13,0.5569,0.0402
573,176,708.928,20,0.8346,0.1794
758,111,339.38,2,0.6381,0.0
166,128,686.501,19,0.8448,0.1136
299,12,391.773,19,0.7003,0.206
173,91,248.269,3,0.3305,0.0
938,50,116.001,13,0.6391,0.3509
615,171,75.382,8,0.6462,0.3408
933,25,508.96,5,0.7967,0.0
417,156,236.192,5,0.8557,0.0449
404,168,293.864,1,0.3834,0.0203
676,94,674.822,16,0.7329,0.0822
568,134,144.29,6,0.7894,0.2372
373,116,269.071,12,0.8869,0.3162
318,138,654.932,9,0.6481,0.0
513,138,677.258,18,0.3284,0.0132
76,51,578.08,3,0.3544,0.0
188,138,276.173,3,0.6001,0.0
44,181,90.767,15,0.8062,0.5409
156,63,568.48,13,0.9632,0.1701
199,62,604.188,12,0.5622,0.0
76,59,514.83,10,0.7479,0.0578
56,183,243.253,11,0.8025,0.2212
820,178,469.921,12,0.3509,0.0
183,70,505.785,19,0.6652,0.1544
556,188,639.006,17,0.3548,0.0262
99,153,100.621,19,0.6279,0.4733
948,81,190.322,17,0.9135,0.5368
239,166,290.961,5,0.8593,0.0249
750,183,584.482,1,0.7805,0.0112
642,174,643.518,11,0.9343,0.0296
769,95,200.819,18,0.5106,0.1903
630,44,363.232,9,0.6181,0.0219
510,34,437.749,20,0.4987,0.118
773,166,119.554,6,0.5334,0.0962
816,147,570.614,16,0.7617,0.1125
380,142,339.314,3,0.7738,0.0
943,10,644.222,4,0.3865,0.0265
988,194,395.034,19,0.8984,0.3606
722,23,599.889,6,0.477,0.0
929,117,35.82,19,0.4684,0.4213
106,189,316.26,2,0.5478,0.0354
541,49,302.071,19,0.5687,0.1664
652,104,140.038,20,0.759,0.5449
928,169,404.598,20,0.7829,0.2665
121,54,540.487,9,0.7772,0.0
807,21,355.441,10,0.6742,0.0844
78,97,599.092,19,0.4647,0.0145
359,160,211.299,3,0.4713,0.0
693,116,215.165,16,0.9644,0.545
291,89,120.534,2,0.4207,0.0109
835,128,564.686,8,0.6174,0.055
931,11,106.983,16,0.8711,0.6292
159,70,108.257,6,0.6656,0.1842
259,176,5.557,2,0.9702,0.8499
75,78,279.859,10,0.9783,0.3234
711,194,314.852,14,0.8888,0.3573
887,110,325.078,7,0.5846,0.0435
602,187,551.759,14,0.8981,0.1551
133,126,298.874,12,0.7843,0.1982
174,84,3.566,14,0.9201,0.897
36,185,438.997,1,0.4783,0.0127
490,54,123.699,4,0.368,0.0166
722,79,18.513,13,0.686,0.5903
151,145,559.82,9,0.6246,0.0
848,175,177.378,18,0.7122,0.3942
253,39,543.931,6,0.9113,0.0159
515,199,462.221,5,0.8852,0.0
668,87,636.042,1,0.3535,0.0088
540,68,258.195,7,0.4066,0.0159
478,26,468.231,2,0.7806,0.0099
337,6,409.337,19,0.6784,0.2026
431,112,563.717,11,0.4218,0.0
239,121,237.457,14,0.3157,0.0368
295,19,431.833,13,0.5049,0.0378
756,181,389.658,1,0.4772,0.0175
883,109,31.859,12,0.381,0.2848
850,11,24.967,9,0.9909,0.8606
331,169,650.211,17,0.9504,0.1762
322,40,461.528,3,0.4236,0.0
59,135,441.646,9,0.7744,0.057
274,136,535.161,5,0.8428,0.0403
586,163,11.764,8,0.6547,0.5818
268,162,167.479,16,0.6559,0.3438
734,198,468.265,2,0.4989,0.0
51,18,517.38,2,0.7971,0.0
412,73,453.509,16,0.3046,0.0
282,73,296.225,7,0.6771,0.0412
495,76,424.191,2,0.5839,0.0257
26,48,504.072,4,0.89,0.0278
419,47,292.901,2,0.8918,0.0
789,193,406.294,16,0.7025,0.1503
857,180,57.33,16,0.5062,0.402
256,137,122.494,8,0.7171,0.3008
429,111,556.367,11,0.7099,0.0331
691,96,273.913,10,0.6939,0.1224
464,137,560.297,9,0.6325,0.0
544,173,485.648,3,0.4061,0.0004
342,86,261.396,3,0.702,0.0
838,108,555.128,19,0.5567,0.0569
632,183,91.415,5,0.6495,0.2329
961,183,116.044,18,0.8365,0.622
780,46,294.886,16,0.7416,0.2406
368,48,472.348,16,0.8999,0.2322
328,41,214.742,5,0.5168,0.0487
89,6,233.059,17,0.5604,0.1954
623,139,620.506,11,0.5641,0.0196
750,86,647.968,20,0.3846,0.0219
355,7,657.07,19,0.3944,0.0137
22,41,16.314,11,0.9067,0.8383
826,107,574.956,11,0.951,0.1527
223,168,548.626,18,0.3961,0.0546
583,133,186.237,12,0.3528,0.0594
54,107,163.561,18,0.4939,0.2215
63,38,25.579,17,0.8611,0.8126
899,58,591.979,10,0.7969,0.0858
673,157,437.617,20,0.9888,0.4019
6,155,11.898,4,0.9949,0.9053
101,174,162.574,9,0.5194,0.1017
493,106,598.241,12,0.4744,0.0187
681,55,433.726,17,0.3826,0.0635
424,101,616.236,16,0.6611,0.0845
873,180,106.055,2,0.8761,0.1036
653,37,685.892,14,0.811,0.0611
615,170,149.748,5,0.4497,0.016
290,200,218.881,15,0.5824,0.2313
682,164,666.818,17,0.8568,0.1102
874,132,225.637,4,0.5423,0.0451
49,82,428.743,8,0.5196,0.0329
735,171,248.077,3,0.8435,0.0631
880,33,532.704,3,0.6016,0.0
433,152,224.543,7,0.3097,0.0
766,81,318.005,4,0.9005,0.0405
359,101,60.777,11,0.9365,0.7396
193,93,663.118,5,0.8681,0.0
816,2,652.389,5,0.652,0.0207
312,198,579.12,19,0.8488,0.2345
758,134,628.691,4,0.8166,0.0453
316,121,434.172,14,0.6154,0.0737
400,21,61.991,20,0.5442,0.3982
686,156,51.29,19,0.9665,0.8449
342,193,566.085,16,0.6078,0.0308
808,163,372.541,18,0.3961,0.0259
39,50,199.805,8,0.3908,0.0334
12,37,27.457,19,0.5664,0.489
82,74,708.52,3,0.59,0.0
257,5,70.073,8,0.392,0.1309
54,111,262.589,4,0.6136,0.0442
381,92,489.904,13,0.4518,0.0326
25,101,448.819,8,0.9377,0.0515
757,198,91.429,17,0.7382,0.5584
153,132,446.916,5,0.5947,0.0016
973,84,242.541,6,0.7933,0.0882
858,157,123.25,1,0.9387,0.0
695,74,444.483,5,0.3279,0.034
799,152,648.372,17,0.7814,0.0801
775,187,541.221,5,0.5481,0.0052
846,182,117.397,6,0.7318,0.2288
556,104,125.778,3,0.7158,0.031
624,94,338.184,18,0.3605,0.067
470,80,15.703,10,0.7668,0.7361
625,107,15.426,19,0.426,0.3958
382,188,181.752,4,0.8679,0.1207
124,175,77.271,10,0.4406,0.1999
932,122,393.864,15,0.5486,0.0936
699,57,31.755,6,0.8736,0.678
705,76,175.72,16,0.4725,0.1612
281,50,42.377,13,0.7255,0.5986
771,38,382.168,16,0.3135,0.0132
520,2,254.208,19,0.3547,0.0858
77,155,60.239,16,0.9367,0.7327
955,148,255.466,16,0.3361,0.0361
992,36,0.967,10,0.4744,0.5009
871,138,594.414,4,0.888,0.0
475,34,262.202,6,0.7001,0.0202
234,56,479.613,17,0.4875,0.0691
12,52,510.455,3,0.4698,0.0147
737,26,399.762,12,0.4864,0.0085
891,146,424.172,16,0.5254,0.0307
105,9,308.892,10,0.5215,0.062
685,82,293.659,13,0.6256,0.1298
27,98,220.632,4,0.5773,0.0
777,116,51.755,17,0.8472,0.6991
29,39,251.94,11,0.8857,0.2922
976,95,333.28,6,0.6698,0.0661
171,159,96.721,15,0.3204,0.1565
401,75,653.837,17,0.7065,0.0341
695,191,6.529,8,0.5505,0.4995
847,86,161.513,15,0.444,0.1976
364,156,489.623,20,0.6542,0.1087
981,23,592.987,17,0.9988,0.2511
16,171,341.36,4,0.5113,0.0
472,96,424.004,8,0.3759,0.0
989,199,196.925,1,0.3781,0.0
275,141,687.144,17,0.5253,0.0141
534,149,463.976,11,0.6995,0.0492
445,30,95.09,4,0.3913,0.0215
394,114,530.36,4,0.8278,0.0507
768,148,92.432,1,0.9577,0.0381
519,163,290.717,13,0.9944,0.3681
714,76,353.93,7,0.685,0.0073
520,113,520.276,9,0.3699,0.0211
998,35,717.358,5,0.8834,0.0
471,87,267.785,9,0.9089,0.2209
797,96,486.693,9,0.5017,0.0313
613,7,484.288,10,0.7117,0.0311
802,184,133.024,8,0.516,0.1174
886,129,463.03,3,0.7805,0.0
227,37,633.241,18,0.8323,0.121
302,180,400.351,6,0.5382,0.0295
302,139,345.699,1,0.3143,0.0045
487,139,466.412,9,0.5789,0.0067
492,187,581.027,7,0.4529,0.0
4,81,162.586,16,0.5933,0.3083
896,72,117.853,8,0.9877,0.5178
860,124,469.064,18,0.3233,0.011
602,178,25.383,6,0.5325,0.3589
306,163,594.283,6,0.6489,0.0402
827,158,217.842,2,0.6355,0.0109
272,153,80.35,4,0.4466,0.0361
306,7,550.682,7,0.8407,0.0024
998,99,160.871,8,0.5054,0.08
924,72,289.326,6,0.4183,0.0
585,73,298.278,8,0.8994,0.2056
170,172,590.657,2,0.8609,0.0
124,80,190.753,10,0.6966,0.2177
965,168,456.087,2,0.4566,0.0
266,182,719.024,13,0.9624,0.0909
682,92,431.735,5,0.4958,0.0
354,34,101.931,9,0.6382,0.2854
497,140,204.309,10,0.9303,0.3598
987,173,385.52,6,0.8316,0.0349
593,82,232.395,4,0.6362,0.0091
431,40,372.162,2,0.617,0.0
416,105,391.349,19,0.504,0.1124
231,197,529.715,17,0.8549,0.1554
557,104,448.711,1,0.9626,0.0035
570,90,502.67,15,0.9036,0.2213
96,88,157.572,9,0.6157,0.2154
405,147,305.001,18,0.975,0.4762
645,69,594.181,8,0.3093,0.0157
55,146,541.723,4,0.523,0.0303
977,198,131.477,16,0.8554,0.5535
861,155,46.523,18,0.9712,0.8594
637,186,470.454,1,0.9773,0.0
16,158,320.014,19,0.6567,0.2195
518,169,295.836,8,0.9659,0.1745
899,8,18.501,17,0.7233,0.6679
23,71,275.101,13,0.8172,0.2906
792,55,129.076,1,0.6848,0.0
840,173,25.217,19,0.5038,0.4547
76,46,287.507,7,0.4275,0.0
231,194,593.955,3,0.7519,0.0195
724,140,641.841,20,0.9059,0.1682
912,25,171.873,7,0.7306,0.174
771,137,198.343,11,0.7046,0.2661
526,69,71.42,10,0.6001,0.357
603,60,654.74,16,0.5608,0.0053
525,199,47.421,6,0.9491,0.6985
578,159,674.87,7,0.3483,0.0
771,153,462.021,19,0.6989,0.1565
50,63,566.386,9,0.4007,0.0
210,133,158.779,4,0.7037,0.0549
60,69,437.608,8,0.5471,0.0364
797,121,78.779,9,0.3685,0.0992
728,80,474.41,16,0.341,0.0
54,122,432.459,3,0.8572,0.0
106,149,593.291,3,0.3301,0.0127
265,64,464.515,12,0.9818,0.1612
242,3,699.514,10,0.5262,0.0175
520,20,353.294,2,0.9856,0.0108
499,182,397.599,18,0.5827,0.0864
358,192,55.076,1,0.8555,0.0435
165,139,78.384,18,0.4222,0.2682
650,22,125.334,13,0.442,0.2061
790,118,85.685,17,0.7302,0.5794
641,87,99.293,18,0.9621,0.7768
808,48,187.909,3,0.9333,0.0432
914,76,200.843,13,0.8344,0.3919
843,158,500.961,12,0.8636,0.1223
652,200,350.489,9,0.9985,0.1672
50,175,667.512,7,0.8318,0.0026
335,41,247.243,13,0.5677,0.1783
428,101,46.125,20,0.5294,0.4136
713,106,607.893,20,0.651,0.101
847,59,606.804,12,0.9558,0.1061
641,88,261.886,10,0.3111,0.0
364,77,51.158,19,0.9461,0.8583
788,14,634.29,4,0.9498,0.0
696,84,672.181,4,0.386,0.0302
799,73,717.962,5,0.3189,0.0577
590,62,281.86,17,0.7292,0.2842
647,123,91.971,5,0.3474,0.0837
348,143,272.319,9,0.8126,0.1753
400,10,421.816,4,0.5523,0.0
277,69,31.633,10,0.506,0.3825
257,7,197.798,9,0.4796,0.0696
653,165,678.23,17,0.8834,0.1786
384,186,32.292,2,0.9573,0.4768
134,93,109.107,4,0.3646,0.0
36,190,418.547,15,0.3897,0.0305
861,126,689.59,4,0.8098,0.0027
436,174,677.059,8,0.9412,0.0177
577,190,185.786,2,0.9486,0.0159
905,118,442.1,13,0.9129,0.2221
112,90,694.825,11,0.5771,0.01
938,149,453.554,11,0.3098,0.006
704,35,159.918,14,0.305,0.0515
641,60,499.576,7,0.3032,0.0
432,110,368.334,19,0.6554,0.1958
707,41,355.774,20,0.5032,0.1013
205,100,351.887,16,0.9841,0.3915
303,172,81.464,19,0.7511,0.5417
962,157,568.499,13,0.8766,0.1123
276,179,250.135,19,0.9322,0.5162
720,173,133.429,11,0.5636,0.2315
931,67,317.698,16,0.3813,0.0494
593,143,463.171,10,0.3179,0.0127
298,75,398.701,15,0.8657,0.2548
849,195,589.841,9,0.3211,0.0
827,36,607.263,7,0.6969,0.0274
544,54,447.013,17,0.6671,0.1271
115,189,397.453,3,0.6486,0.0
442,48,408.263,8,0.9794,0.1293
432,124,283.34,19,0.3693,0.0637
190,59,338.14,7,0.7281,0.0366
403,57,379.469,12,0.4263,0.0563
154,135,576.727,18,0.3785,0.0056
693,159,537.15,19,0.7333,0.1544
432,47,141.221,18,0.6,0.3741
731,197,704.047,4,0.3412,0.0
456,18,695.067,15,0.7127,0.066
714,21,201.4,16,0.982,0.5799
734,196,719.174,14,0.3076,0.033
161,12,378.315,17,0.5095,0.0685
443,63,163.636,8,0.7804,0.2459
750,25,518.898,16,0.8803,0.1969
594,45,35.004,16,0.6946,0.5849
222,15,495.254,17,0.5544,0.0934
833,72,601.285,16,0.4094,0.0019
200,60,252.718,12,0.4138,0.0928
994,32,241.263,11,0.9624,0.3475
707,144,196.508,12,0.3042,0.0584
323,8,293.692,8,0.7632,0.0966
195,95,413.089,20,0.6985,0.1888
902,62,548.802,3,0.8372,0.0112
524,131,638.421,19,0.3917,0.0145
807,68,395.188,12,0.7302,0.1256
832,95,342.255,6,0.7293,0.0105
69,163,270.085,11,0.8817,0.2376
684,29,428.853,3,0.9993,0.0188
335,88,104.732,13,0.7748,0.4857
908,113,336.475,20,0.7503,0.2961
220,148,366.574,1,0.4298,0.0154
34,108,453.276,10,0.6318,0.0357
665,148,49.8,13,0.829,0.6789
553,160,309.655,13,0.9683,0.3335
556,158,548.593,17,0.444,0.0488
264,124,564.618,15,0.3379,0.0225
495,184,391.338,12,0.8374,0.1941
965,5,627.824,19,0.4093,0.0
764,100,543.555,10,0.7582,0.022
985,161,574.153,5,0.4701,0.0
334,21,571.041,20,0.9641,0.2893
871,164,524.725,15,0.8745,0.2072
383,8,616.563,13,0.7154,0.0466
936,158,70.204,7,0.3764,0.1133
866,38,362.954,16,0.7139,0.1962
165,134,594.403,2,0.3295,0.0
973,166,79.146,5,0.3573,0.0036
608,163,112.163,19,0.7867,0.5458
777,115,289.458,4,0.4058,0.0
580,182,406.339,1,0.3587,0.0107
218,29,521.351,19,0.6137,0.1232
985,48,404.015,7,0.9893,0.1202
113,27,156.366,19,0.8251,0.567
809,144,610.562,1,0.6556,0.0
210,179,191.154,3,0.4189,0.0
786,187,617.848,11,0.4678,0.0386
423,105,356.704,20,0.865,0.3313
237,27,29.623,10,0.3427,0.2393
237,35,345.537,15,0.6951,0.1753
320,126,471.094,1,0.9342,0.0199
902,180,633.631,6,0.617,0.0
770,198,419.343,11,0.953,0.1951
671,145,713.838,5,0.8158,0.0
630,177,274.443,4,0.7906,0.043
417,96,177.284,14,0.5933,0.2123
902,40,319.498,5,0.4206,0.0035
274,94,474.238,2,0.4659,0.0
943,20,68.839,5,0.4101,0.0754
381,135,65.26,15,0.8067,0.6562
342,66,449.682,12,0.7127,0.0627
477,68,276.664,17,0.7166,0.2931
749,1,564.029,1,0.5274,0.0076
714,200,190.228,11,0.4698,0.0973
767,86,312.362,19,0.8353,0.3137
90,157,371.056,17,0.4632,0.0689
162,104,678.521,13,0.3772,0.0187
849,129,5.782,14,0.6339,0.6295
981,94,156.627,2,0.8047,0.0
128,138,66.715,12,0.312,0.1542
905,40,713.752,2,0.4814,0.0
263,200,95.625,9,0.7675,0.4344
980,86,592.79,7,0.5861,0.0315
994,3,374.685,14,0.3019,0.0142
637,191,563.462,16,0.793,0.1113
191,5,217.581,20,0.4439,0.1729
789,95,342.596,20,0.4914,0.117
102,158,704.086,3,0.6474,0.0247
335,75,68.996,1,0.9377,0.0157
639,42,447.061,4,0.6038,0.0
68,49,690.017,17,0.349,0.0
394,138,91.642,14,0.6094,0.3459
798,115,604.907,13,0.5563,0.0062
92,101,199.168,20,0.3816,0.1331
367,103,144.876,10,0.4075,0.1197
4,64,120.291,10,0.7197,0.3491
659,188,529.783,15,0.9866,0.2433
80,47,26.26,8,0.9192,0.7972
281,168,303.06,4,0.8816,0.0209
523,156,501.946,20,0.4708,0.0262
215,2,100.963,20,0.7083,0.5113
231,35,161.725,6,0.4003,0.0103
835,111,110.208,3,0.6022,0.0392
778,32,19.284,7,0.8143,0.6935
81,171,328.957,8,0.4519,0.031
858,89,357.917,9,0.9008,0.1392
469,168,680.931,20,0.8148,0.1833
145,24,524.351,11,0.7662,0.0343
907,5,698.526,16,0.9195,0.1467
338,129,545.094,2,0.4916,0.0
326,161,704.719,4,0.9608,0.0
147,199,179.083,9,0.5746,0.1293
887,158,121.086,2,0.5802,0.0018
287,150,282.045,12,0.8753,0.3122
593,12,354.334,5,0.9009,0.0359
240,121,593.842,3,0.8015,0.0413
896,143,390.072,3,0.5745,0.0309
787,79,685.803,10,0.9237,0.0394
504,200,208.093,7,0.8492,0.2217
346,198,417.029,7,0.6066,0.0
656,172,469.365,7,0.5695,0.0018
496,176,112.646,3,0.6607,0.0573
941,114,565.677,3,0.9175,0.0102
674,165,460.548,19,0.88,0.2937
28,15,138.579,3,0.3301,0.0
823,47,298.024,8,0.7799,0.1158
193,133,461.522,5,0.6476,0.032
302,25,528.177,10,0.3999,0.0183
437,163,300.797,15,0.3065,0.0288
210,36,520.33,11,0.5963,0.0426
943,70,188.056,16,0.4651,0.106
979,52,219.949,4,0.4732,0.0
156,109,8.968,13,0.7333,0.7438
321,17,351.298,12,0.6497,0.1136
371,163,136.008,1,0.4471,0.0064
672,178,433.675,5,0.928,0.0213
598,150,695.29,11,0.6519,0.0099
678,38,719.748,13,0.3753,0.0104
32,59,269.884,5,0.4366,0.0086
515,46,528.344,3,0.9794,0.0
211,121,691.729,3,0.6336,0.0051
229,178,377.102,16,0.8182,0.251
775,176,240.763,2,0.9982,0.0
142,192,112.589,18,0.5306,0.3503
32,138,127.178,4,0.321,0.0
488,45,615.018,20,0.7174,0.1026
736,80,186.848,13,0.3164,0.0366
511,59,195.244,18,0.5749,0.2275
162,13,537.722,10,0.4362,0.0
774,161,602.583,14,0.9059,0.1149
382,116,150.474,7,0.3569,0.0431
710,195,495.968,3,0.9126,0.0
203,169,321.825,15,0.5964,0.0941
913,130,199.616,2,0.6303,0.0
284,9,374.809,9,0.3165,0.0
971,89,559.904,2,0.8035,0.0232
378,95,72.084,11,0.7921,0.5855
728,135,51.674,17,0.763,0.655
503,114,656.492,4,0.4225,0.0164
77,157,693.67,16,0.6073,0.0329
99,5,380.801,7,0.878,0.0726
406,23,103.831,5,0.3035,0.0027
194,191,57.023,19,0.8307,0.7059
609,88,112.74,5,0.826,0.2822
138,165,203.851,12,0.9557,0.4343
591,172,492.535,2,0.6989,0.0032
205,25,79.821,3,0.5256,0.0491
182,142,99.027,20,0.3459,0.1749
368,35,513.527,9,0.9019,0.0902
583,31,185.703,6,0.6822,0.1151
400,49,155.952,18,0.517,0.2633
350,152,419.714,17,0.8955,0.2608
341,19,57.188,5,0.7939,0.4356
339,134,453.142,16,0.3624,0.0066
404,77,14.331,6,0.753,0.6312
835,53,168.163,17,0.8873,0.57
578,48,324.633,6,0.4783,0.0149
422,69,454.463,13,0.453,0.0
750,70,147.168,20,0.9645,0.6973
528,63,633.082,5,0.7987,0.0399
950,104,661.739,5,0.9208,0.0076
563,199,346.381,5,0.5517,0.0417
217,91,196.5,10,0.9436,0.4044
563,37,79.993,19,0.7139,0.5709
774,123,675.891,17,0.6909,0.0581
214,166,96.606,12,0.4833,0.2213
203,120,215.407,10,0.3173,0.0
600,107,237.186,14,0.6688,0.2576
885,134,193.583,17,0.9861,0.6042
335,177,1.98,11,0.5746,0.5554
507,16,149.509,11,0.9575,0.5723
656,197,539.053,7,0.3464,0.0481
664,179,148.287,19,0.4574,0.2294
146,193,550.252,15,0.4986,0.0
396,100,299.733,13,0.559,0.0978
995,171,58.794,18,0.6893,0.5425
889,17,595.512,13,0.8868,0.0755
773,83,457.492,5,0.6997,0.0342
25,176,440.924,14,0.3875,0.0
418,55,108.585,4,0.3244,0.0
52,153,449.0,4,0.7861,0.0
302,64,573.617,2,0.8008,0.0
865,118,717.39,3,0.3034,0.0
388,131,483.169,19,0.3607,0.0
169,176,311.452,1,0.918,0.0
722,69,589.68,14,0.7121,0.0577
760,158,36.749,18,0.6249,0.5443
656,87,302.176,15,0.364,0.0045
810,79,527.319,5,0.4966,0.0
703,16,259.118,2,0.8038,0.0
635,16,42.891,10,0.6991,0.5112
889,155,80.321,8,0.6802,0.3644
325,21,120.793,16,0.8569,0.5996
457,23,598.604,2,0.8106,0.0
564,38,519.139,16,0.4993,0.0627
670,68,550.102,14,0.9465,0.1992
477,33,654.763,7,0.7214,0.0
442,119,218.224,7,0.3903,0.0162
166,165,535.143,14,0.6581,0.0161
639,107,262.815,20,0.5965,0.2404
124,134,565.801,8,0.8638,0.0521
475,179,501.196,15,0.9508,0.2278
409,179,712.66,12,0.4507,0.0
777,132,545.212,3,0.8064,0.0268
477,14,4.749,17,0.6771,0.6469
6,158,504.014,4,0.9315,0.0082
507,152,73.632,2,0.3524,0.0
216,61,393.416,3,0.7961,0.0079
381,33,113.693,8,0.9782,0.5267
297,27,356.457,5,0.7034,0.0
167,56,570.794,10,0.5145,0.0
946,149,208.515,20,0.7624,0.4479
254,190,110.358,2,0.3162,0.0295
508,31,226.779,20,0.6875,0.336
829,83,125.444,7,0.5729,0.1811
365,167,132.573,6,0.3803,0.0206
938,18,502.154,2,0.9375,0.0514
405,189,507.261,5,0.6334,0.0
947,4,381.217,20,0.9157,0.3861
452,57,181.973,6,0.4806,0.0045
15,7,381.583,17,0.5191,0.0802
868,153,682.977,11,0.9896,0.0873
865,86,276.567,1,0.687,0.0703
963,88,305.255,10,0.5631,0.042
124,110,356.122,2,0.8251,0.0
845,60,128.867,9,0.3398,0.0878
342,152,176.571,10,0.8379,0.3495
842,87,497.634,2,0.4056,0.0334
964,160,116.753,13,0.3137,0.0671
200,130,435.446,6,0.9957,0.098
372,135,278.148,16,0.4411,0.0705
269,198,220.871,10,0.9289,0.34
305,102,396.045,18,0.6525,0.1627
597,61,162.881,5,0.415,0.0
413,146,223.306,14,0.6649,0.236
657,142,377.904,13,0.4358,0.0
675,97,473.422,1,0.3526,0.0155
203,67,602.255,4,0.5144,0.0
44,187,593.842,6,0.6391,0.0
747,51,358.623,8,0.7658,0.0573
182,16,53.9,18,0.5384,0.4342
200,127,135.81,16,0.5053,0.2588
602,17,0.837,5,0.6107,0.6467
264,153,134.039,12,0.613,0.2915
190,169,22.615,1,0.8792,0.2948
307,144,514.752,19,0.3732,0.0147
523,48,393.459,14,0.3626,0.0552
846,189,26.208,6,0.6625,0.48
989,18,444.897,14,0.7102,0.0992
733,22,586.281,1,0.5064,0.0183
899,61,21.031,6,0.4501,0.3305
531,109,91.912,11,0.9019,0.5858
409,143,339.531,13,0.4469,0.0452
820,59,30.94,5,0.7535,0.5795
303,184,15.809,12,0.7942,0.739
813,164,419.549,3,0.708,0.0
999,47,405.275,3,0.5798,0.0
390,13,580.886,1,0.8759,0.0
634,141,56.549,16,0.6053,0.5295
782,36,646.031,12,0.362,0.0227
784,57,13.906,5,0.3056,0.1568
207,155,217.329,8,0.9447,0.3181
963,38,35.519,16,0.8789,0.7793
504,71,176.246,7,0.9166,0.2978
42,186,587.015,6,0.4783,0.0242
119,137,90.537,8,0.4867,0.2213
728,125,145.752,5,0.7153,0.1413
427,200,440.379,16,0.9276,0.2704
108,155,16.086,18,0.9236,0.8777
521,92,433.942,5,0.5275,0.0009
600,133,644.003,19,0.9066,0.237
80,107,50.546,11,0.5714,0.3723
351,73,4.748,14,0.426,0.4078
463,196,292.582,20,0.4077,0.11
781,119,611.399,19,0.7083,0.1609
652,150,673.371,1,0.3523,0.0478
88,82,576.941,3,0.6927,0.0086
615,40,467.694,14,0.3146,0.0239
903,25,307.407,13,0.4592,0.079
55,161,568.167,14,0.9205,0.1401
987,105,544.94,4,0.9334,0.0245
96,104,132.618,9,0.7828,0.3459
623,25,515.503,10,0.3666,0.0
352,158,570.76,17,0.937,0.2284
731,53,648.68,13,0.4832,0.0076
843,120,525.46,14,0.3547,0.0289
852,71,527.456,7,0.5441,0.0115
870,46,649.213,15,0.4131,0.0
817,33,140.28,2,0.7941,0.0553
310,163,396.25,3,0.5275,0.0191
466,19,643.373,9,0.7183,0.0328
719,1,454.971,11,0.9759,0.141
169,62,670.601,6,0.6095,0.0
578,178,36.783,4,0.5197,0.238
531,141,154.442,11,0.7154,0.3173
984,164,159.758,2,0.728,0.0617
50,41,57.003,5,0.6951,0.3191
95,195,448.551,9,0.3724,0.0048
31,24,289.346,11,0.3131,0.0
548,8,174.956,2,0.9055,0.0
551,96,524.105,17,0.4347,0.0159
593,88,487.005,1,0.3275,0.0131
243,59,28.716,10,0.7026,0.5326
308,34,316.722,20,0.4078,0.0448
417,65,518.7,18,0.971,0.2695
47,75,74.875,18,0.7804,0.62
753,121,572.467,15,0.9977,0.1799
53,72,443.749,4,0.872,0.0
667,49,517.195,13,0.5232,0.0126
454,120,180.664,3,0.7805,0.0459
999,117,538.47,20,0.5999,0.0998
693,88,125.474,7,0.4656,0.0923
476,23,619.516,1,0.6813,0.0302
701,194,148.715,3,0.9546,0.1315
118,104,193.489,2,0.3061,0.0
181,56,483.18,7,0.9459,0.0127
499,146,240.488,4,0.4777,0.0
858,84,222.861,15,0.3596,0.0284
821,33,45.504,14,0.996,0.8842
378,141,590.566,5,0.3764,0.0487
284,19,331.011,3,0.9779,0.0192
965,56,283.3,16,0.7213,0.2824
566,133,177.164,2,0.8986,0.0
119,145,399.984,19,0.7439,0.2336
225,199,403.118,6,0.3239,0.0
837,142,2.193,1,0.8318,0.7237
899,47,62.091,15,0.8137,0.6545
909,143,441.499,11,0.42,0.0
7,151,204.817,18,0.3625,0.12
823,136,708.351,2,0.5666,0.0
112,150,179.354,9,0.3169,0.0018
809,164,109.899,12,0.3019,0.0903
882,114,32.617,7,0.8834,0.727
362,199,494.451,1,0.8722,0.0254
194,129,209.6,3,0.6258,0.0
714,12,197.62,10,0.6167,0.1625
69,35,79.958,11,0.5618,0.3543
580,100,38.254,9,0.4038,0.2345
332,88,166.244,13,0.7512,0.3716
425,163,285.867,20,0.5325,0.176
826,135,476.854,2,0.5044,0.0
994,1,73.311,4,0.3555,0.0697
403,92,263.956,11,0.6798,0.1488
291,110,714.541,3,0.9861,0.0327
835,197,490.568,8,0.9441,0.0367
414,132,719.42,2,0.432,0.0
200,37,57.634,1,0.6249,0.0
903,39,291.807,3,0.6293,0.0116
992,64,166.15,3,0.5572,0.0
290,81,677.954,12,0.4719,0.0058
158,22,651.854,12,0.8205,0.0514
153,158,409.907,20,0.5637,0.1016
599,14,221.479,18,0.8487,0.5339
310,14,392.524,12,0.3522,0.0047
624,26,627.272,19,0.9278,0.1946
760,27,413.397,14,0.8303,0.2554
6,113,551.107,19,0.5314,0.0318
860,164,495.347,13,0.8066,0.116
30,189,70.676,17,0.7064,0.5388
115,162,545.788,4,0.4906,0.0
725,138,150.581,20,0.5472,0.3324
622,119,626.859,19,0.6982,0.0988
979,62,223.293,2,0.6519,0.0
568,84,406.483,20,0.455,0.1215
418,175,206.092,9,0.8958,0.3104
669,22,6.636,4,0.9593,0.9264
763,166,561.807,15,0.7734,0.1386
672,163,514.847,5,0.7245,0.0
371,12,665.065,14,0.8041,0.0884
960,49,412.417,12,0.4557,0.0475
302,63,135.872,14,0.4925,0.2217
347,183,123.417,19,0.3141,0.1604
278,88,280.6,15,0.3413,0.0245
300,156,238.408,12,0.4957,0.1349
213,121,294.068,6,0.3885,0.0
582,17,162.359,8,0.5717,0.1715
729,134,711.831,4,0.5079,0.0134
430,128,62.166,8,0.8939,0.6342
923,175,532.326,1,0.9935,0.0
474,185,408.913,9,0.4834,0.0489
468,118,400.267,1,0.4292,0.0
70,176,441.795,19,0.4724,0.106
904,28,650.961,6,0.3523,0.011
149,123,486.271,16,0.6737,0.1157
165,116,195.391,3,0.8894,0.0311
936,35,194.222,17,0.5231,0.2025
520,108,596.324,1,0.8312,0.0
69,137,344.474,1,0.943,0.0227
442,84,507.655,6,0.3121,0.0115
591,134,270.971,7,0.7096,0.1155
11,150,531.624,17,0.4904,0.0295
755,118,305.641,16,0.7266,0.2965
669,80,355.324,11,0.33,0.0
12,54,668.509,3,0.3077,0.0095
619,133,356.56,17,0.3592,0.0511
223,181,162.263,6,0.8413,0.2354
735,93,382.862,14,0.559,0.0653
378,101,6.646,17,0.9025,0.8543
203,183,201.199,5,0.4676,0.0159
507,60,435.187,12,0.4746,0.0083
444,162,51.547,15,0.405,0.3341
342,52,328.157,11,0.9224,0.2555
879,52,431.373,8,0.8307,0.061
649,57,163.469,6,0.3337,0.0497
488,11,157.222,14,0.846,0.5081
227,93,481.698,2,0.8544,0.0
569,71,701.434,12,0.3567,0.0277
26,47,221.635,18,0.3794,0.1119
885,152,149.953,5,0.7686,0.1637
2,104,708.5,4,0.443,0.0018
699,40,601.034,12,0.3163,0.0
346,39,673.947,11,0.8027,0.0091
720,162,33.667,3,0.7911,0.4606
362,55,672.229,12,0.3585,0.0
27,79,603.678,2,0.4172,0.0
949,24,216.123,10,0.4371,0.1344
766,161,449.626,2,0.7713,0.0
45,72,124.372,17,0.5045,0.2614
33,141,301.042,20,0.5033,0.1619
531,82,433.959,1,0.6313,0.0
957,161,79.874,13,0.4987,0.3369
578,81,695.889,8,0.7453,0.0204
11,180,669.029,3,0.3243,0.0052
700,145,624.573,15,0.7156,0.0842
428,97,92.996,18,0.4034,0.2482
639,97,481.96,1,0.3192,0.0
351,125,641.164,3,0.5463,0.0102
9,139,99.521,19,0.8882,0.6662
19,142,466.231,1,0.4533,0.0
632,7,147.408,8,0.4293,0.0574
636,53,496.847,19,0.6716,0.1274
323,88,466.392,12,0.6981,0.072
83,108,627.623,4,0.7145,0.0
773,18,349.975,1,0.7368,0.0
152,40,546.503,11,0.7052,0.0
189,93,138.518,11,0.4038,0.1254
453,90,462.87,11,0.6564,0.0343
717,124,631.385,5,0.4495,0.0
996,14,520.693,20,0.6488,0.0956
626,160,632.645,7,0.3915,0.015
961,61,453.631,19,0.698,0.1319
653,111,397.239,19,0.846,0.2944
848,190,658.874,5,0.9311,0.0
176,76,233.189,15,0.903,0.4837
57,63,538.942,10,0.4256,0.0
670,53,499.149,13,0.6155,0.085
976,131,586.358,11,0.3043,0.0
737,192,358.545,20,0.5653,0.1451
344,112,355.648,12,0.6743,0.1389
490,40,25.097,4,0.8144,0.6136
113,190,670.642,17,0.4934,0.0229
341,9,279.172,2,0.5851,0.0145
683,83,397.679,15,0.9063,0.2239
167,26,143.121,16,0.7595,0.4373
482,7,443.863,11,0.6942,0.0752
290,200,249.529,1,0.6478,0.0
491,18,421.447,7,0.6586,0.016
764,182,529.576,16,0.5108,0.025
885,109,439.388,18,0.3453,0.0
410,65,22.537,11,0.7055,0.652
828,173,580.474,10,0.9117,0.0829
703,1,404.044,5,0.9981,0.031
922,139,172.027,10,0.3668,0.0937
741,154,233.376,13,0.442,0.0443
551,73,584.043,19,0.7933,0.1363
675,61,674.156,10,0.6896,0.0
318,2,585.787,2,0.9089,0.0
674,5,638.16,4,0.5519,0.0
709,9,352.966,10,0.7033,0.1092
611,92,300.36,17,0.9355,0.4828
104,107,589.647,12,0.767,0.0692
519,85,284.395,6,0.455,0.0075
711,141,508.364,19,0.8423,0.2619
198,73,441.587,5,0.4025,0.0052
788,159,110.498,1,0.3743,0.0022
843,131,222.588,14,0.5377,0.1656
539,188,153.372,2,0.6438,0.0136
965,146,90.781,9,0.7807,0.4797
858,26,302.819,4,0.8522,0.0
467,112,143.258,7,0.7491,0.254
885,132,51.913,7,0.8246,0.5727
934,3,149.405,12,0.999,0.5897
109,9,445.792,20,0.3191,0.0418
998,5,582.165,14,0.9028,0.1531
5,35,333.572,3,0.6892,0.0
487,177,438.918,3,0.573,0.0022
938,49,468.503,7,0.4198,0.0161
725,38,469.215,18,0.9937,0.3298
267,90,710.545,9,0.7272,0.0
644,80,438.653,8,0.7348,0.0366
215,199,393.518,6,0.4082,0.0373
238,21,624.116,4,0.8753,0.0
912,169,447.272,10,0.6427,0.0492
48,46,330.132,3,0.3793,0.0604
963,62,534.669,10,0.3482,0.0
454,98,161.837,18,0.9875,0.6975
65,196,484.4,3,0.3098,0.0
788,48,552.518,2,0.9092,0.0
49,69,459.947,4,0.3879,0.0
326,132,135.576,15,0.7854,0.4678
241,135,371.045,2,0.451,0.0155
785,74,583.254,1,0.6762,0.0
397,27,290.272,2,0.322,0.0204
655,158,668.031,18,0.8911,0.1842
73,181,35.147,1,0.4788,0.0
696,121,479.013,19,0.8456,0.2068
711,175,168.044,12,0.9127,0.4681
286,51,467.253,6,0.6307,0.0306
882,173,683.553,19,0.9735,0.1905
471,162,414.199,2,0.7512,0.0048
668,181,314.857,4,0.4405,0.0
182,187,618.302,1,0.6052,0.0
933,70,334.063,6,0.5018,0.0
247,25,406.474,20,0.8178,0.2705
627,150,221.443,12,0.8712,0.3579
90,134,395.749,13,0.3784,0.0175
45,130,515.522,5,0.4475,0.0079
127,127,366.937,20,0.3285,0.0014
943,9,152.201,19,0.7861,0.5491
211,134,14.634,10,0.7431,0.6775
880,97,157.344,10,0.4643,0.1428
581,7,612.261,17,0.7484,0.1204
89,172,690.675,9,0.6062,0.0188
442,6,405.164,19,0.7879,0.2899
480,47,597.018,6,0.8723,0.0
267,59,34.303,6,0.428,0.2593
605,157,614.658,4,0.7559,0.0
862,17,207.14,2,0.7162,0.009
884,77,126.74,18,0.5806,0.3628
526,74,199.861,6,0.5515,0.0248
894,83,358.824,11,0.9773,0.2465
924,175,423.245,11,0.3343,0.0
89,66,5.508,3,0.7633,0.663
635,71,247.292,14,0.9091,0.4042
774,82,507.364,4,0.9435,0.0
16,79,540.349,20,0.7991,0.2448
604,191,169.138,10,0.581,0.1866
914,54,177.838,16,0.3384,0.084
269,23,489.52,11,0.7616,0.0726
858,85,439.089,2,0.8367,0.0103
934,17,358.212,17,0.5179,0.0662
636,160,393.732,19,0.6185,0.166
630,179,359.858,11,0.4119,0.0251
535,167,293.491,17,0.4261,0.0639
410,161,567.376,7,0.8442,0.0277
453,85,639.837,5,0.4776,0.0
523,140,460.867,15,0.734,0.1414
483,80,194.581,18,0.5362,0.2618
827,171,701.6,6,0.639,0.0
770,40,63.977,5,0.7194,0.3898
348,29,685.507,5,0.8504,0.0
514,196,400.539,11,0.5171,0.0014
216,73,511.46,14,0.4105,0.0158
177,63,305.242,16,0.5785,0.1207
369,134,257.425,3,0.8222,0.0214
59,69,161.167,2,0.4068,0.0
855,150,81.257,15,0.327,0.182
127,86,225.541,15,0.4355,0.0977
327,157,183.624,9,0.9922,0.4658
252,17,384.498,11,0.4815,0.063
207,146,617.281,4,0.8071,0.0275
368,66,60.647,11,0.9981,0.7681
720,85,537.955,7,0.5962,0.0
893,187,193.003,13,0.5103,0.1551
189,97,461.761,20,0.6777,0.1787
240,15,451.815,2,0.9352,0.0
470,92,531.134,19,0.4958,0.0425
320,49,11.463,3,0.8234,0.6929
800,95,1.492,4,0.5774,0.5983
224,44,121.905,4,0.5742,0.1093
403,129,705.884,1,0.3999,0.0439
546,48,246.335,4,0.6923,0.0
382,94,450.37,16,0.3451,0.0
618,191,222.111,9,0.7559,0.2103
800,128,351.491,9,0.9191,0.183
533,142,315.567,13,0.4997,0.0911
457,155,135.807,5,0.6241,0.1262
952,184,258.245,3,0.5842,0.028
982,178,137.667,8,0.809,0.334
996,172,201.727,15,0.8731,0.4696
17,69,300.737,4,0.557,0.0196
838,125,572.894,17,0.7782,0.1469
899,164,141.826,1,0.3448,0.0
806,112,141.337,2,0.706,0.0
750,26,178.475,7,0.6477,0.0874
367,102,568.43,4,0.3308,0.0
726,44,178.441,9,0.9035,0.3314
580,138,590.096,8,0.6053,0.0033
832,172,232.656,11,0.8742,0.3399
352,141,218.45,14,0.6042,0.2143
743,111,272.671,5,0.528,0.0061
785,120,322.927,2,0.6218,0.0141
834,108,302.531,2,0.5226,0.0
172,90,284.249,7,0.4031,0.0263
864,46,718.395,16,0.6912,0.0523
217,136,499.199,20,0.333,0.0005
938,70,634.826,16,0.3106,0.0224
39,32,643.465,11,0.639,0.0
224,161,307.681,11,0.7775,0.1746
609,111,558.261,4,0.9232,0.0
544,105,339.211,7,0.4926,0.0
689,104,428.374,13,0.6814,0.078
404,16,528.978,1,0.9441,0.0134
4,107,419.111,8,0.3645,0.0
618,109,365.462,14,0.5224,0.0966
511,103,9.019,18,0.4219,0.3682
509,2,698.246,17,0.7374,0.0761
377,151,27.829,20,0.9899,0.908
891,123,87.053,13,0.758,0.5607
793,152,31.06,5,0.9194,0.7084
182,101,451.053,5,0.7912,0.0
39,66,218.245,19,0.7396,0.4038
182,167,643.571,14,0.5342,0.0456
49,71,426.945,16,0.8016,0.1959
710,91,562.809,11,0.3738,0.0009
621,4,104.985,4,0.3174,0.0193
463,33,295.945,12,0.777,0.2068
592,23,449.789,17,0.9356,0.3184
809,85,135.608,5,0.7982,0.2001
832,53,275.357,4,0.4566,0.0124
435,67,543.333,9,0.8877,0.0678
593,154,491.336,1,0.6681,0.0082
577,137,649.419,2,0.4178,0.0022
950,160,402.121,16,0.7364,0.1698
762,164,149.334,18,0.3845,0.1653
315,50,632.751,7,0.4643,0.0105
887,124,692.677,2,0.8146,0.0103
398,174,349.895,19,0.9756,0.4011
758,61,61.278,19,0.5457,0.4404
978,76,182.463,9,0.4369,0.0718
809,107,541.677,19,0.4057,0.0385
108,160,0.665,13,0.6956,0.6621
206,30,212.583,14,0.3082,0.0379
796,94,265.989,15,0.8068,0.3326
124,49,567.752,6,0.7208,0.0074
12,143,314.955,17,0.7826,0.3102
259,49,378.633,4,0.5511,0.0
487,72,483.715,4,0.3743,0.0
129,70,565.255,3,0.976,0.0
154,15,243.759,5,0.884,0.0635
339,134,124.135,16,0.6802,0.3999
599,51,131.433,18,0.428,0.2371
545,99,115.727,3,0.9736,0.2154
799,140,82.842,6,0.5205,0.1959
981,158,317.724,5,0.9213,0.0505
34,184,132.252,13,0.4527,0.1373
689,26,563.52,18,0.5008,0.0247
164,126,0.541,2,0.535,0.5667
361,66,686.56,7,0.5865,0.0
343,154,10.012,14,0.9344,0.919
701,78,234.578,19,0.9541,0.5561
256,3,543.045,4,0.3541,0.0
895,172,627.949,11,0.8884,0.0559
384,153,63.257,16,0.5748,0.4547
816,67,576.878,17,0.7211,0.061
952,168,541.212,15,0.4099,0.0155
511,83,331.378,16,0.3815,0.0
102,83,451.56,12,0.6311,0.0454
702,60,264.669,1,0.7869,0.0154
424,99,224.861,4,0.9412,0.0966
339,199,24.273,17,0.9905,0.9429
458,11,5.418,6,0.8787,0.8371
300,119,379.071,14,0.8749,0.2549
281,35,8.837,1,0.3855,0.193
990,25,88.885,12,0.5978,0.3699
279,12,69.948,7,0.7967,0.4149
459,55,456.006,12,0.6658,0.0705
715,147,481.809,8,0.4563,0.0294
221,148,543.229,16,0.4434,0.0227
618,160,700.711,10,0.6809,0.0
896,30,705.528,16,0.9105,0.1523
813,22,149.853,20,0.4945,0.2602
29,197,253.563,9,0.4918,0.0139
406,185,404.501,15,0.9641,0.3005
1,141,32.298,10,0.4938,0.3987
607,168,138.951,8,0.3623,0.0498
326,161,614.649,14,0.5828,0.0096
894,116,294.165,17,0.8008,0.3407
176,96,349.185,7,0.9945,0.1395
852,196,530.434,8,0.5506,0.0
343,136,582.386,9,0.3091,0.0
921,177,622.8,8,0.5605,0.0
200,42,644.362,4,0.6873,0.0049
269,45,212.416,2,0.4586,0.042
352,126,467.491,6,0.741,0.0455
986,191,80.529,15,0.4292,0.2563
734,125,697.618,19,0.9795,0.1663
817,89,193.066,5,0.4094,0.0091
553,5,281.376,9,0.8087,0.1558
795,31,670.125,5,0.8247,0.0
627,47,453.893,18,0.6845,0.1721
668,41,207.928,7,0.4852,0.0615
838,141,62.57,3,0.5863,0.1345
984,137,352.123,17,0.8262,0.286
576,76,425.522,4,0.5792,0.0
442,198,481.41,18,0.5895,0.0976
654,79,118.982,11,0.6723,0.3616
742,90,508.41,12,0.7435,0.0839
987,106,261.382,10,0.8683,0.2526
699,115,679.716,19,0.93,0.2316
955,39,470.658,4,0.3194,0.0103
733,61,661.052,9,0.8522,0.0165
952,138,22.179,2,0.7717,0.4095
752,170,650.475,13,0.9617,0.0832
885,85,632.127,13,0.5507,0.0677
191,24,368.013,19,0.9401,0.4189
993,171,703.026,14,0.3778,0.0342
350,117,539.564,11,0.5809,0.0214
798,88,716.447,14,0.5959,0.0235
393,118,544.685,10,0.3416,0.0
459,165,658.978,19,0.5618,0.0358
748,1,142.347,1,0.5146,0.0
541,73,142.233,8,0.8891,0.3614
717,189,365.817,18,0.6783,0.2074
80,61,525.211,14,0.3472,0.0949
834,195,191.166,4,0.6019,0.0
409,57,300.492,15,0.4955,0.1055
789,94,124.553,10,0.4386,0.1214
286,14,666.417,13,0.6282,0.028
597,146,536.106,16,0.5248,0.0786
589,48,28.113,15,0.6319,0.5156
140,170,16.688,11,0.6171,0.5286
475,26,715.536,16,0.4795,0.0021
636,24,285.483,16,0.4326,0.0783
837,94,433.844,11,0.7391,0.0637
888,17,682.477,17,0.7446,0.0721
385,66,688.204,9,0.4565,0.0233
644,138,69.525,18,0.3801,0.2201
175,101,457.701,16,0.8392,0.1875
896,112,714.84,2,0.8451,0.0
869,19,129.761,10,0.6791,0.3358
1000,136,477.402,5,0.679,0.0
487,19,557.395,5,0.3977,0.0
360,115,54.868,19,0.8921,0.7731
758,159,278.963,17,0.5571,0.1642
724,146,148.207,6,0.4592,0.0809
213,71,41.352,13,0.599,0.4912
540,31,71.946,15,0.4009,0.2918
644,167,246.408,4,0.485,0.0
455,44,417.212,11,0.5854,0.0615
372,100,686.63,14,0.4565,0.0408
240,48,673.716,19,0.48,0.0
412,6,628.187,10,0.6463,0.0
246,84,555.549,6,0.7987,0.0
301,111,29.779,10,0.6293,0.5621
185,152,292.352,17,0.9941,0.488
377,146,561.245,4,0.3624,0.0076
632,167,696.61,9,0.6582,0.0
378,163,333.085,3,0.5818,0.0122
143,81,505.068,5,0.4363,0.0036
802,69,716.643,2,0.317,0.0
432,121,448.756,10,0.3116,0.0
584,96,560.836,14,0.7909,0.1276
524,60,695.763,11,0.7161,0.0
507,7,511.406,3,0.7373,0.0
439,96,95.403,3,0.4815,0.0161
756,94,704.97,9,0.7163,0.0018
855,189,578.956,4,0.53,0.0
904,163,190.872,4,0.9565,0.1539
444,54,710.878,19,0.3199,0.0108
341,23,57.804,8,0.9795,0.7531
83,158,676.723,14,0.9859,0.1171
443,98,605.683,9,0.9756,0.0507
993,9,198.331,15,0.9015,0.4597
261,151,619.568,7,0.5493,0.0
845,70,43.965,8,0.9208,0.7292
757,35,685.622,18,0.4734,0.0
661,132,435.675,11,0.5394,0.0335
566,158,375.426,16,0.996,0.3407
757,156,713.554,1,0.4668,0.0
99,55,19.467,7,0.5143,0.4364
129,119,369.195,3,0.8398,0.0
196,94,529.49,1,0.8595,0.0
766,174,81.275,20,0.5411,0.4147
433,38,11.268,17,0.8753,0.8509
208,165,443.146,5,0.6807,0.0
45,70,243.709,6,0.7514,0.0703
489,124,347.159,10,0.9141,0.1777
399,101,448.246,6,0.5961,0.0028
178,70,278.355,19,0.3946,0.087
24,47,154.87,10,0.9039,0.4267
754,73,172.159,14,0.7014,0.4138
780,122,135.315,15,0.9602,0.6401
246,124,515.657,4,0.7219,0.0103
494,125,97.123,11,0.3696,0.0876
254,132,699.984,9,0.5178,0.0
409,11,3.939,15,0.8505,0.8403
110,79,218.948,10,0.5033,0.0503
947,63,578.037,2,0.8826,0.0
721,80,65.324,10,0.9428,0.7116
902,77,423.551,17,0.6089,0.0759
296,36,209.614,17,0.8732,0.468
873,193,695.123,5,0.4693,0.0004
519,1,158.057,12,0.5942,0.2521
199,120,51.562,13,0.8312,0.6973
333,93,442.087,16,0.4254,0.0284
812,141,271.06,7,0.535,0.0221
775,167,650.854,8,0.5209,0.0356
721,130,658.827,18,0.9684,0.2439
227,154,572.54,14,0.6465,0.09
648,55,93.062,3,0.5223,0.0493
941,199,473.978,9,0.5206,0.0016
49,18,66.832,1,0.5649,0.0061
322,134,18.661,16,0.4984,0.4248
81,30,142.375,7,0.5108,0.0815
104,47,356.258,15,0.5988,0.1072
998,166,325.064,19,0.7822,0.323
241,136,558.835,7,0.4685,0.0195
180,127,377.091,20,0.7064,0.2681
74,166,190.61,8,0.8206,0.2862
982,56,101.024,7,0.438,0.1018
469,129,410.407,17,0.797,0.2297
792,41,486.049,1,0.7389,0.0318
251,97,153.697,12,0.5172,0.1886
641,81,455.103,4,0.7149,0.0
887,124,619.422,13,0.9977,0.1616
672,13,174.762,6,0.6601,0.0917
518,6,590.084,20,0.8789,0.1822
211,7,684.294,7,0.7892,0.0
234,54,674.308,5,0.8379,0.0133
597,116,102.088,16,0.3619,0.1794
452,32,35.713,11,0.9336,0.7955
47,199,523.273,14,0.4174,0.0715
196,83,275.382,4,0.5186,0.0
433,61,128.379,6,0.7776,0.2321
179,179,322.17,5,0.534,0.0
554,36,390.962,16,0.6155,0.0838
301,38,116.893,13,0.5724,0.2882
292,77,27.735,7,0.9323,0.7414
109,15,563.009,3,0.5242,0.0158
504,137,328.662,13,0.4229,0.0405
189,156,176.328,3,0.3956,0.0058
631,71,687.763,20,0.3567,0.0386
939,174,546.641,5,0.9389,0.0064
913,2,290.209,8,0.8195,0.0886
667,107,196.816,11,0.7248,0.2492
808,147,525.164,5,0.841,0.024
922,76,521.67,20,0.7124,0.1347
682,190,636.533,12,0.9194,0.0865
257,87,9.948,14,0.4815,0.4334
501,184,453.508,3,0.7445,0.0
858,132,203.217,14,0.871,0.4363
668,47,701.738,16,0.3338,0.0275
363,167,18.359,8,0.4062,0.3067
169,7,351.215,16,0.8637,0.3318
145,38,511.927,2,0.3202,0.0
378,156,541.034,13,0.869,0.1064
805,181,455.997,16,0.7067,0.1092
553,78,340.192,12,0.7101,0.1364
60,132,654.835,1,0.694,0.001
919,140,415.479,10,0.8442,0.0986
405,148,375.508,15,0.7857,0.183
391,182,617.195,2,0.4697,0.0
820,18,319.381,8,0.8457,0.1101
377,39,437.873,15,0.7857,0.1664
618,184,237.227,10,0.8952,0.3324
922,109,153.158,10,0.8868,0.4323
519,106,331.713,11,0.5311,0.0766
615,81,242.273,12,0.6915,0.1891
354,73,27.649,5,0.8277,0.6027
891,49,350.678,2,0.5528,0.0
76,80,472.662,14,0.9879,0.2297
277,15,37.917,17,0.7265,0.6651
991,59,408.685,6,0.9121,0.0
485,199,223.571,6,0.7521,0.0929
175,33,29.844,3,0.3423,0.119
414,147,70.21,5,0.8294,0.3795
256,7,515.892,8,0.4657,0.0147
526,147,388.409,17,0.8465,0.2563
236,53,688.268,17,0.4722,0.0543
400,141,490.901,18,0.3798,0.0
908,100,693.07,9,0.7896,0.0367
83,156,205.646,4,0.5829,0.0
764,134,419.597,20,0.3122,0.041
79,112,402.439,2,0.9349,0.0
458,147,377.239,1,0.6906,0.0102
669,194,646.188,16,0.7171,0.0283
956,120,380.186,1,0.5654,0.0
251,35,190.188,12,0.5505,0.1844
53,24,505.563,18,0.4071,0.0205
751,110,191.058,19,0.3586,0.0934
894,87,60.476,4,0.6625,0.2915
566,122,424.026,4,0.7627,0.0032
61,134,99.414,5,0.6967,0.2328
501,38,514.379,10,0.9886,0.0749
392,149,315.783,16,0.8087,0.2858
452,199,623.73,4,0.9017,0.0
55,65,291.706,4,0.3193,0.0
318,186,285.562,9,0.3469,0.0652
999,186,309.064,13,0.3816,0.0476
46,84,514.025,7,0.7588,0.0109
915,160,112.153,1,0.9379,0.0
518,187,246.069,19,0.4415,0.0945
585,171,193.24,18,0.9084,0.5267
934,78,279.636,10,0.4485,0.0497
218,134,656.444,12,0.7736,0.0351
985,119,454.737,7,0.3364,0.0
277,83,362.604,9,0.5299,0.0
350,128,93.322,16,0.6614,0.4524
450,187,415.123,8,0.7067,0.0988
602,6,575.19,16,0.5264,0.0462
323,181,260.2,7,0.6166,0.0381
794,74,650.119,5,0.3597,0.0043
22,166,253.381,6,0.5706,0.0094
667,22,115.948,10,0.5539,0.2777
657,179,596.048,20,0.3223,0.0299
535,90,407.441,14,0.6829,0.1223
614,184,372.335,7,0.9748,0.0836
748,86,666.534,3,0.6747,0.0177
905,150,593.932,5,0.3316,0.0109
219,120,714.774,8,0.3484,0.0135
477,41,498.15,10,0.8451,0.0865
563,50,417.528,5,0.7327,0.0041
345,108,388.194,6,0.7421,0.0
974,98,256.636,4,0.8853,0.0466
512,124,130.68,6,0.4024,0.0293
593,162,594.18,17,0.994,0.1958
195,155,5.273,6,0.7431,0.6629
416,12,639.313,4,0.9867,0.0
626,100,189.352,3,0.6983,0.0
429,30,172.748,2,0.8769,0.0
771,103,5.581,18,0.6832,0.6927
137,108,259.518,16,0.467,0.1379
154,200,64.397,4,0.9384,0.4785
339,78,133.278,6,0.6402,0.1798
319,91,495.739,1,0.5167,0.0
816,103,299.331,1,0.9076,0.0
868,27,8.373,16,0.6071,0.5855
472,12,228.497,8,0.5194,0.0612
506,142,4.91,10,0.8376,0.819
295,61,658.975,16,0.5525,0.0
532,73,619.611,8,0.555,0.0
707,199,254.684,20,0.9079,0.5082
723,50,173.503,11,0.818,0.3556
969,181,77.428,4,0.4561,0.0945
578,126,507.883,12,0.3666,0.014
341,54,87.154,7,0.6003,0.2964
70,191,482.235,8,0.6458,0.0268
688,125,186.385,14,0.4524,0.1623
804,63,525.228,18,0.9983,0.2759
553,91,283.436,11,0.5006,0.0955
923,75,98.957,17,0.4019,0.2519
317,170,200.075,8,0.382,0.0189
54,94,496.997,8,0.3802,0.0
634,8,493.423,17,0.5181,0.0428
122,138,430.226,5,0.4177,0.0
85,152,233.076,4,0.7631,0.0087
702,80,457.568,10,0.7521,0.0719
435,185,30.869,3,0.3771,0.1514
605,86,435.274,4,0.88,0.0262
748,53,562.633,13,0.8316,0.0703
383,141,99.943,6,0.5848,0.2087
612,26,587.959,3,0.5484,0.0247
540,198,651.652,8,0.4346,0.0068
581,137,690.516,17,0.6102,0.0699
704,64,22.113,8,0.6218,0.5767
381,17,644.904,7,0.5801,0.0
505,118,46.149,4,0.4071,0.1157
592,118,273.496,6,0.3854,0.0
141,159,395.059,11,0.8939,0.1581
212,57,160.023,8,0.4046,0.0728
90,43,248.423,13,0.9042,0.3375
199,83,653.857,9,0.7447,0.0
439,164,126.47,13,0.7735,0.4683
938,182,388.162,17,0.564,0.1002
923,71,595.515,17,0.4035,0.038
763,10,173.974,20,0.6006,0.294
558,23,673.285,2,0.7317,0.0
203,109,705.689,6,0.648,0.0
359,5,191.948,4,0.9194,0.1224
767,145,340.825,15,0.3836,0.029
909,7,8.575,9,0.8105,0.7505
963,85,691.767,1,0.6749,0.0102
389,160,99.284,10,0.7194,0.405
487,94,308.306,11,0.4246,0.0142
510,135,484.488,5,0.7553,0.0
57,67,468.569,7,0.6662,0.0336
117,159,470.015,6,0.9811,0.0272
46,86,12.817,11,0.7326,0.6855
738,151,528.745,4,0.6677,0.0145
225,191,537.251,10,0.4386,0.0
701,77,392.89,11,0.4109,0.0268
376,47,526.718,11,0.6247,0.0439
795,187,0.929,10,0.79,0.7682
116,137,120.091,15,0.3845,0.1503
326,176,53.918,14,0.9269,0.7586
205,76,225.617,10,0.8957,0.3064
437,70,146.994,13,0.3099,0.0817
562,25,134.383,2,0.8512,0.0
169,155,302.382,6,0.9521,0.1049
667,169,449.2,5,0.7318,0.0102
965,164,391.488,16,0.7769,0.2211
44,59,602.659,9,0.4282,0.0
87,98,283.841,4,0.6704,0.0
953,99,293.879,12,0.6128,0.1138
650,25,8.208,13,0.5149,0.4691
920,1,547.471,18,0.6384,0.0478
706,67,433.818,13,0.3151,0.0327
718,103,91.015,19,0.4693,0.2982
158,198,138.393,5,0.538,0.0562
512,175,123.644,10,0.4287,0.1296
366,144,293.718,4,0.4083,0.0318
834,193,27.845,9,0.6811,0.5861
44,155,560.749,3,0.9633,0.0084
19,106,229.406,8,0.6763,0.0703
557,183,661.502,13,0.8231,0.1052
971,184,195.928,7,0.5419,0.0628
995,41,264.091,8,0.9842,0.1935
594,57,663.144,12,0.5486,0.0305
430,194,121.709,20,0.9583,0.7105
273,2,608.96,4,0.9066,0.0
991,104,109.47,13,0.8873,0.5767
184,77,356.975,19,0.97,0.3694
127,149,629.336,1,0.9089,0.0
509,192,115.445,8,0.9517,0.5302
393,64,27.442,8,0.646,0.5166
496,45,172.732,20,0.4616,0.1981
902,66,189.101,1,0.7612,0.0
270,144,293.403,20,0.6215,0.2223
877,72,535.654,13,0.3601,0.0
212,129,34.99,1,0.912,0.195
324,70,411.966,19,0.3,0.0351
5,149,522.328,16,0.5191,0.0597
679,13,581.27,15,0.3207,0.0192
859,69,695.951,6,0.5672,0.0118
887,62,594.349,6,0.3711,0.0
168,120,74.751,16,0.823,0.6635
767,130,126.971,4,0.7813,0.1511
142,146,518.953,10,0.3158,0.0
629,181,152.848,18,0.4095,0.1587
703,160,178.224,20,0.3987,0.1676
153,9,611.479,3,0.8537,0.0073
111,136,332.627,16,0.7153,0.1971
74,4,286.038,15,0.6453,0.1812
709,83,338.177,18,0.9238,0.3871
615,119,185.184,5,0.4816,0.0203
120,64,63.478,17,0.4979,0.3888
501,140,703.593,7,0.8573,0.0483
796,160,210.555,9,0.3283,0.0271
239,122,368.922,1,0.7892,0.0
606,105,42.703,14,0.6815,0.5405
293,195,107.85,4,0.6259,0.1021
262,131,73.994,8,0.328,0.1333
393,46,37.289,1,0.421,0.0466
353,132,468.881,11,0.5374,0.051
496,97,12.674,11,0.7473,0.6871
206,5,329.218,14,0.4456,0.0432
391,184,478.952,9,0.9998,0.1334
623,160,261.752,16,0.9509,0.4064
388,124,108.56,11,0.8379,0.4967
657,135,161.225,3,0.7837,0.0836
116,116,111.027,2,0.8375,0.0626
138,69,213.034,4,0.8043,0.0486
866,187,256.828,17,0.6317,0.2392
462,111,285.89,9,0.3731,0.0621
610,68,161.01,3,0.4214,0.012
740,137,169.008,8,0.8976,0.3606
147,32,460.541,17,0.9387,0.3092
973,64,17.086,17,0.6117,0.6395
424,26,318.124,7,0.8001,0.0748
890,18,669.049,6,0.8417,0.0148
417,165,548.353,9,0.7114,0.0383
406,88,240.025,6,0.3598,0.0
601,172,395.149,14,0.3242,0.0535
191,128,707.002,14,0.4463,0.0
609,47,515.895,13,0.4924,0.0
984,43,424.74,18,0.4272,0.0494
646,92,402.88,12,0.6131,0.0299
71,19,643.915,14,0.7038,0.0374
698,117,140.65,9,0.4109,0.0942
34,92,416.862,5,0.7631,0.0
104,28,252.445,10,0.8517,0.2529
285,105,337.357,13,0.9808,0.296
305,170,29.22,2,0.8496,0.4185
4,182,571.219,10,0.8012,0.0459
18,84,133.097,4,0.377,0.0087
790,15,405.366,6,0.8096,0.0239
455,173,664.83,15,0.7805,0.1037
200,111,185.743,7,0.5909,0.0417
430,153,236.303,14,0.9826,0.4769
693,10,292.699,11,0.4689,0.0581
735,59,391.894,7,0.8644,0.103
289,58,166.066,10,0.7396,0.2758
168,144,531.803,16,0.5259,0.038
960,137,453.572,12,0.9328,0.2083
632,149,67.578,17,0.4974,0.3518
983,80,367.172,6,0.3839,0.0275
307,63,259.378,11,0.9498,0.3591
112,38,252.775,7,0.561,0.0724
382,51,707.831,20,0.4741,0.0062
328,33,292.241,18,0.4925,0.1113
720,165,17.755,6,0.3951,0.2455
717,136,255.873,4,0.8339,0.0201
72,136,431.893,6,0.4945,0.0084
588,178,380.238,2,0.3093,0.0297
343,148,55.962,1,0.998,0.1029
615,65,121.509,1,0.7944,0.014
392,63,554.058,3,0.3244,0.0
538,26,5.71,14,0.9763,0.9088
716,145,166.368,17,0.9268,0.6288
294,175,706.127,2,0.7063,0.017
200,143,472.233,13,0.671,0.0926
706,95,177.157,12,0.5979,0.1748
948,67,140.092,4,0.7544,0.0913
445,88,300.187,14,0.352,0.0046
998,55,464.986,14,0.9454,0.2095
185,34,123.566,20,0.3109,0.1522
819,87,538.647,4,0.3365,0.0223
989,48,30.67,1,0.8948,0.2297
300,148,140.08,9,0.7721,0.3166
148,182,425.203,15,0.6053,0.0842
664,39,508.601,20,0.4563,0.0556
870,2,484.158,13,0.6837,0.0388
84,175,188.875,7,0.7874,0.178
641,59,277.866,5,0.4077,0.0
872,52,27.575,14,0.8831,0.8113
33,172,0.839,14,0.3514,0.3585
516,168,300.16,1,0.8711,0.0
77,117,391.443,19,0.7464,0.204
177,32,591.299,6,0.4614,0.0
487,142,693.138,11,0.5648,0.0235
328,148,431.585,7,0.7229,0.0
86,89,588.01,7,0.4765,0.0
801,113,94.378,17,0.5328,0.3019
203,108,588.09,11,0.8274,0.0733
871,133,182.816,4,0.3357,0.0
177,104,295.319,7,0.7798,0.1288
520,195,15.843,7,0.5455,0.387
728,8,337.257,16,0.4756,0.0413
481,11,469.108,4,0.5063,0.0096
418,31,181.855,8,0.9262,0.3776
751,30,582.34,10,0.9029,0.0294
12,100,666.897,3,0.654,0.0
827,16,411.104,6,0.4601,0.0
690,39,176.1,12,0.9213,0.4562
765,104,507.944,4,0.4692,0.0063
421,180,212.469,12,0.6397,0.2445
385,161,117.629,9,0.6399,0.2597
572,44,205.695,18,0.7252,0.3695
642,11,316.368,10,0.7492,0.121
926,148,162.882,10,0.7798,0.3403
858,156,243.162,7,0.8277,0.1408
54,186,285.15,2,0.5136,0.0
152,87,542.9,20,0.8867,0.274
947,12,617.575,6,0.7212,0.0
389,189,594.016,3,0.9862,0.0
581,58,139.522,2,0.689,0.003
57,77,583.118,15,0.8697,0.0997
105,83,461.365,8,0.3711,0.0279
409,197,171.596,11,0.3277,0.0281
718,73,271.036,3,0.4334,0.0
773,112,249.085,8,0.4719,0.0677
895,101,313.588,7,0.8942,0.1163
198,198,608.365,14,0.4844,0.0
202,191,296.651,15,0.3901,0.0436
542,127,39.83,4,0.3638,0.1195
547,22,531.011,18,0.3748,0.0162
37,70,566.765,19,0.7612,0.1576
448,134,412.256,2,0.5599,0.0021
898,161,342.354,17,0.4318,0.1038
164,151,556.029,17,0.3246,0.0145
821,98,16.387,15,0.9626,0.9281
448,135,420.831,20,0.3982,0.0165
525,62,685.42,20,0.6792,0.0825
642,128,571.995,8,0.674,0.0
706,96,198.738,19,0.5861,0.2964
638,137,660.774,4,0.7364,0.0054
104,175,146.173,5,0.541,0.0612
296,165,394.02,15,0.3858,0.0454
846,147,450.183,18,0.5099,0.0966
41,154,24.99,5,0.9846,0.7549
716,35,92.052,16,0.7801,0.5613
521,37,392.156,16,0.5192,0.0749
120,168,130.66,9,0.4108,0.0658
123,109,302.077,18,0.7519,0.3085
981,87,508.324,11,0.5537,0.0327
32,134,450.449,11,0.4678,0.0026
23,17,629.518,12,0.6076,0.0333
17,34,663.283,12,0.4899,0.004
629,30,667.186,11,0.5156,0.0
927,114,282.825,19,0.4832,0.1299
172,14,88.223,9,0.7387,0.3855
796,9,480.52,6,0.8892,0.0204
720,136,661.726,13,0.6935,0.0487
230,147,553.985,10,0.8889,0.0824
71,52,502.008,17,0.7549,0.1416
488,139,577.968,18,0.7091,0.1005
82,20,295.362,20,0.9738,0.5394
114,82,361.518,18,0.8461,0.2981
467,74,144.314,14,0.4325,0.1363
816,70,483.675,10,0.7137,0.0829
995,174,250.871,19,0.3845,0.0757
628,16,192.939,8,0.3016,0.0
277,126,180.862,20,0.5953,0.3265
329,55,367.957,20,0.4873,0.0757
613,98,389.011,14,0.9456,0.3045
174,41,594.98,20,0.9189,0.2266
519,147,659.801,6,0.7619,0.0
769,13,222.933,2,0.3203,0.0114
843,16,239.248,11,0.3757,0.0746
60,66,202.817,7,0.4797,0.0471
289,177,217.829,19,0.7544,0.4077
255,5,524.646,14,0.6819,0.0685
555,36,453.136,3,0.3594,0.0481
186,99,56.502,13,0.8061,0.6568
951,5,412.44,15,0.3309,0.0
918,107,610.439,8,0.8037,0.0
333,73,43.813,19,0.9619,0.8839
408,130,651.988,15,0.5622,0.0315
440,12,185.268,15,0.8797,0.4835
43,36,236.325,7,0.9881,0.2017
889,34,287.939,19,0.3693,0.0744
780,148,102.873,14,0.365,0.1424
333,148,71.349,15,0.65,0.4582
548,24,173.63,17,0.9793,0.6598
381,81,4.378,20,0.7635,0.7456
229,141,415.833,14,0.4569,0.0126
305,2,97.255,20,0.5238,0.3535
108,21,67.665,5,0.3311,0.0541
810,129,405.745,13,0.4313,0.0369
655,113,426.893,10,0.8487,0.1009
931,142,475.291,13,0.9899,0.2041
7,94,362.966,18,0.9458,0.4221
632,181,636.77,18,0.4969,0.037
561,26,90.337,2,0.9492,0.1513
624,31,566.236,16,0.4467,0.037
990,128,296.359,20,0.4562,0.109
391,172,650.537,12,0.3901,0.0
142,5,169.245,13,0.7969,0.4044
13,142,682.408,15,0.4776,0.0526
493,195,624.431,20,0.6327,0.0373
174,113,125.096,2,0.527,0.0
142,167,313.424,17,0.3859,0.0567
148,53,175.393,20,0.4303,0.1516
277,161,102.701,1,0.4111,0.0
116,92,279.679,9,0.4572,0.0119
486,60,385.549,15,0.5412,0.0827
655,40,289.436,2,0.6556,0.0186
290,171,239.154,4,0.4517,0.0323
137,144,236.411,8,0.7599,0.1591
573,158,116.362,19,0.4816,0.2713
86,141,160.766,11,0.4403,0.1101
738,52,381.417,18,0.9249,0.3433
383,39,114.947,20,0.4657,0.2873
410,130,597.315,13,0.5124,0.003
250,51,530.171,13,0.6341,0.0399
283,130,711.98,14,0.9279,0.1094
146,181,228.395,1,0.8822,0.0
559,150,131.733,7,0.459,0.1093
147,95,54.834,2,0.3073,0.0
681,182,252.294,4,0.5698,0.0121
257,111,663.12,9,0.5631,0.0
566,94,425.865,19,0.4451,0.0855
537,192,690.17,18,0.6895,0.0632
634,68,658.134,8,0.9412,0.0257
759,42,273.724,8,0.3353,0.0
561,28,315.584,20,0.833,0.3883
853,126,215.887,20,0.3868,0.1165
260,102,534.304,12,0.8938,0.0743
752,155,410.176,1,0.834,0.0
343,30,46.132,8,0.7244,0.5429
629,64,661.487,11,0.9077,0.0593
492,25,565.658,15,0.7993,0.0655
908,62,671.767,20,0.9282,0.2087
272,193,179.986,13,0.7162,0.3198
520,180,542.278,10,0.4324,0.018
165,100,456.559,11,0.6398,0.0639
634,20,89.129,11,0.4804,0.2186
37,199,187.261,13,0.9485,0.4981
412,32,138.473,7,0.515,0.0814
10,21,110.856,4,0.7141,0.1386
328,83,467.733,17,0.5894,0.0722
485,189,623.627,15,0.3623,0.0
332,160,711.272,19,0.4553,0.005
386,72,155.213,15,0.4116,0.1583
149,91,485.607,9,0.5871,0.0574
715,13,56.843,18,0.6318,0.5049
797,55,172.486,19,0.4898,0.2419
455,135,610.188,14,0.9222,0.1147
56,85,677.923,3,0.3605,0.0
63,196,698.889,18,0.6023,0.0453
675,90,334.685,14,0.341,0.0228
929,170,529.916,6,0.7744,0.0518
865,146,266.088,7,0.5462,0.0442
406,102,504.871,3,0.8915,0.0
498,174,110.001,3,0.8173,0.0825
164,175,88.363,8,0.5496,0.2443
71,65,708.352,13,0.9665,0.1149
766,56,224.644,13,0.7046,0.3181
429,142,646.013,11,0.5444,0.0086
497,6,16.854,12,0.5727,0.5362
344,141,598.744,12,0.7849,0.0568
314,88,674.446,13,0.6112,0.0342
986,154,11.69,15,0.7536,0.7296
817,27,280.574,18,0.4869,0.0954
692,116,582.051,10,0.4502,0.003
390,108,3.723,13,0.7186,0.7003
722,3,219.85,8,0.5269,0.0643
340,105,186.293,17,0.8903,0.5546
516,132,96.713,15,0.899,0.6869
146,82,63.795,4,0.5317,0.1424
710,123,179.635,15,0.3589,0.0938
61,66,144.361,3,0.5677,0.0
723,123,701.583,11,0.4041,0.0
604,49,16.403,18,0.9397,0.887
67,57,93.687,13,0.8333,0.5755
507,15,581.241,2,0.4624,0.0102
223,20,549.113,11,0.6939,0.1059
477,27,337.408,17,0.5127,0.1125
13,38,277.706,13,0.8772,0.2904
722,144,249.698,18,0.9961,0.5623
510,44,700.92,8,0.747,0.0008
363,72,624.314,10,0.4227,0.0321
876,35,188.837,17,0.4232,0.1268
645,85,332.286,13,0.6953,0.1592
610,49,537.213,15,0.7679,0.1374
148,66,593.956,6,0.9683,0.0121
501,14,88.267,15,0.508,0.2978
701,101,688.208,8,0.4622,0.0227
926,54,590.029,20,0.7457,0.1376
605,131,362.804,9,0.7232,0.1116
173,200,360.693,11,0.6911,0.0926
678,98,365.354,1,0.7927,0.0
75,103,587.458,20,0.6785,0.1268
313,167,393.67,4,0.3248,0.0056
918,69,585.129,8,0.4931,0.0
802,29,621.815,8,0.9215,0.0118
903,145,505.933,19,0.776,0.1709
353,130,34.227,13,0.7938,0.6578
683,94,322.725,12,0.644,0.0936
701,78,184.435,14,0.6039,0.2493
246,6,31.782,12,0.8647,0.7775
943,112,467.163,9,0.9533,0.0956
970,110,369.483,18,0.3966,0.0676
111,104,44.469,11,0.3937,0.2359
766,61,447.885,20,0.3341,0.0667
448,31,137.244,2,0.4425,0.0331
674,115,674.856,4,0.8706,0.0185
555,125,502.084,10,0.6911,0.0423
223,35,3.199,3,0.5963,0.511
96,25,627.478,5,0.649,0.0369
514,97,47.317,16,0.912,0.7782
838,10,8.848,7,0.8716,0.8169
823,39,284.865,8,0.8391,0.131
275,128,112.527,3,0.4376,0.0078
861,60,588.968,3,0.7693,0.0
356,93,680.199,18,0.5248,0.081
562,138,564.168,5,0.6292,0.0
325,36,265.423,2,0.4007,0.0
523,46,210.69,7,0.6422,0.1057
530,60,247.027,8,0.9577,0.2566
698,84,62.793,16,0.7695,0.6396
472,112,650.64,7,0.3206,0.0378
529,15,176.092,2,0.8938,0.0056
652,95,180.505,20,0.7649,0.5009
418,138,515.574,11,0.6013,0.0238
525,171,444.955,8,0.6055,0.0
86,108,690.392,1,0.8368,0.0
870,126,706.526,5,0.4866,0.0145
127,163,300.735,14,0.5738,0.1312
873,146,663.106,17,0.8461,0.1195
761,108,687.72,20,0.9174,0.204
948,114,616.48,13,0.8891,0.0836
25,199,671.449,8,0.7148,0.0466
218,152,432.195,8,0.8953,0.0561
53,49,82.757,19,0.7982,0.6369
418,91,618.964,8,0.8796,0.0
905,149,221.781,18,0.492,0.2084
767,105,666.137,18,0.3463,0.04
704,87,374.093,7,0.9793,0.0961
849,122,352.848,10,0.812,0.1321
5,76,598.629,5,0.9048,0.0
788,136,279.858,14,0.7501,0.2355
313,147,76.926,7,0.5526,0.2412
691,180,564.4,5,0.6383,0.0
764,192,209.592,19,0.7916,0.3949
686,143,609.131,12,0.7348,0.0409
418,152,659.428,9,0.3175,0.0
612,155,282.481,3,0.7601,0.0
469,67,482.862,10,0.6007,0.0
629,184,13.167,2,0.8611,0.5966
459,102,571.797,3,0.8895,0.0156
395,174,331.014,3,0.7695,0.0479
203,44,190.707,5,0.5786,0.1215
388,63,630.264,20,0.8447,0.1637
722,125,294.987,19,0.9627,0.4514
871,116,592.946,11,0.4404,0.0
104,81,303.096,19,0.8757,0.3812
183,45,683.669,9,0.33,0.0
508,46,482.854,6,0.4698,0.0123
703,146,480.547,14,0.927,0.1815
170,5,89.552,15,0.3438,0.1658
325,24,538.336,9,0.3683,0.0
47,186,374.812,14,0.4575,0.0246
53,196,517.357,13,0.6852,0.0
144,16,624.639,9,0.6902,0.0
730,29,506.431,18,0.6192,0.0587
870,66,359.629,15,0.9605,0.3143
499,118,613.555,2,0.3491,0.0
177,39,531.608,18,0.9411,0.2616
922,197,550.741,20,0.316,0.0006
279,99,656.337,16,0.3419,0.0
155,108,99.875,10,0.3585,0.1095
139,39,359.551,12,0.8728,0.2057
354,62,89.658,3,0.679,0.1369
736,148,539.857,13,0.6929,0.1259
398,127,311.319,9,0.6345,0.0203
446,45,518.782,17,0.6725,0.1152
341,89,88.104,10,0.3707,0.0939
944,38,446.732,15,0.9232,0.2531
684,82,81.682,12,0.7069,0.4259
665,44,254.595,19,0.5988,0.2242
438,196,385.925,17,0.6362,0.1168
532,60,498.11,17,0.9868,0.2849
885,95,361.028,6,0.7959,0.0124
657,129,526.267,2,0.8216,0.0
814,9,125.598,11,0.9107,0.531
41,42,462.382,15,0.9554,0.2675
860,198,278.06,15,0.4222,0.0605
951,140,111.463,3,0.9311,0.2219
669,49,614.518,18,0.9252,0.1858
957,87,702.657,17,0.9175,0.1493
568,172,172.887,19,0.7058,0.3775
277,40,113.849,3,0.3929,0.0025
607,60,550.536,11,0.772,0.0342
629,49,713.255,6,0.8249,0.0203
145,133,301.666,15,0.333,0.0354
202,106,569.565,7,0.8847,0.0193
292,101,106.376,20,0.8163,0.6023
548,76,164.589,19,0.3973,0.1774
148,66,101.886,18,0.5198,0.3391
771,103,479.78,20,0.7715,0.246
110,160,423.207,11,0.3036,0.0
940,163,476.732,11,0.7749,0.0903
676,157,122.018,10,0.6303,0.2917
340,10,58.95,11,0.8018,0.603
373,99,384.69,12,0.9505,0.2567
694,79,381.694,11,0.9692,0.2339
89,188,303.834,5,0.739,0.0078
717,84,491.891,13,0.9893,0.1681
553,50,301.804,7,0.5298,0.0287
222,51,616.738,2,0.9564,0.018
898,39,560.055,20,0.6179,0.0584
630,89,242.088,6,0.9167,0.142
164,53,643.888,12,0.75,0.0132
656,114,354.525,13,0.8405,0.2396
412,47,334.638,4,0.7498,0.0245
765,117,519.254,5,0.9258,0.0007
493,124,688.55,10,0.9145,0.0283
1000,134,24.46,13,0.4182,0.3582
928,177,126.581,20,0.6697,0.4516
41,16,579.904,19,0.6317,0.0729
411,11,318.352,20,0.4516,0.0539
203,93,618.319,16,0.4678,0.0
451,104,253.379,16,0.9923,0.5393
146,152,702.389,11,0.8748,0.0827
536,46,155.884,8,0.5744,0.1301
155,92,683.241,6,0.4431,0.005
624,123,568.711,15,0.5379,0.0219
455,132,701.368,9,0.525,0.0
994,109,116.892,19,0.8953,0.6564
879,119,254.679,2,0.5243,0.0
601,33,142.674,11,0.7135,0.3337
449,93,597.512,3,0.9245,0.0074
716,109,193.552,9,0.7346,0.2075
669,16,378.813,20,0.9698,0.4569
140,194,139.549,5,0.3235,0.0
377,127,509.48,19,0.9697,0.2853
993,144,535.101,19,0.9653,0.2537
320,107,83.333,13,0.6566,0.4752
14,187,493.993,19,0.9118,0.257
835,2,119.565,13,0.9505,0.6321
933,192,687.058,18,0.9499,0.155
656,42,633.605,6,0.7753,0.0226
635,177,145.527,6,0.9357,0.3352
351,13,245.165,8,0.4325,0.0232
360,63,429.161,19,0.6859,0.1738
915,115,581.011,5,0.9365,0.0122
859,132,679.194,20,0.9997,0.2491
499,4,301.988,20,0.9058,0.472
314,72,352.22,11,0.3258,0.0
189,169,113.144,17,0.9995,0.7791
11,37,251.934,2,0.8518,0.0
484,190,714.217,6,0.9745,0.0059
554,143,674.993,8,0.8051,0.0
675,196,298.227,8,0.3893,0.0059
806,181,161.174,3,0.8745,0.0728
368,46,412.737,1,0.6603,0.0181
167,189,305.052,8,0.5223,0.0573
844,100,541.987,6,0.3322,0.005
763,52,453.718,20,0.4391,0.0223
534,179,475.925,6,0.4207,0.0
40,95,269.822,16,0.3087,0.0106
468,138,444.534,4,0.6436,0.023
620,123,496.668,20,0.4335,0.0
859,60,466.738,19,0.5445,0.0804
509,197,500.915,1,0.814,0.0
463,167,640.994,1,0.4219,0.0245
380,106,193.457,18,0.5112,0.2039
415,115,112.933,12,0.5193,0.2309
17,14,25.434,14,0.7322,0.6781
104,146,504.195,9,0.9667,0.0959
757,182,241.828,2,0.8838,0.0376
363,194,364.493,9,0.4195,0.0005
851,112,53.263,16,0.7138,0.5749
398,200,667.427,4,0.769,0.0
997,160,423.92,7,0.4898,0.0166
181,101,90.215,16,0.3007,0.1742
189,161,292.856,12,0.6743,0.1057
588,32,225.612,7,0.9126,0.2215
803,136,624.076,14,0.362,0.0
144,124,630.931,14,0.5422,0.0181
503,99,569.244,14,0.5363,0.0554
224,129,279.773,7,0.7048,0.0898
738,171,679.114,19,0.4846,0.0486
562,115,198.569,19,0.8436,0.5136
655,76,476.463,13,0.6107,0.0565
269,85,377.134,5,0.8698,0.0398
289,114,315.409,8,0.8022,0.1659
640,117,136.109,17,0.6415,0.384
353,63,173.122,17,0.6911,0.3808
691,107,591.76,15,0.7097,0.0533
154,58,481.64,10,0.8028,0.023
302,189,670.49,18,0.923,0.2025
102,107,490.686,7,0.9012,0.0299
88,168,44.228,20,0.8307,0.7595
263,76,84.172,19,0.5697,0.4196
490,79,521.065,12,0.8665,0.1438
145,58,181.04,20,0.9815,0.6606
93,115,179.417,15,0.5263,0.1699
878,124,292.851,6,0.7604,0.0861
516,114,536.705,12,0.8249,0.0933
716,168,460.127,6,0.842,0.022
727,103,140.274,18,0.757,0.4396
102,165,645.369,19,0.5737,0.0632
621,12,700.033,13,0.7373,0.0
861,73,570.316,1,0.5531,0.0222
449,143,139.411,17,0.953,0.6579
863,77,571.573,5,0.8812,0.0169
946,147,375.799,6,0.3077,0.0004
547,119,21.046,1,0.5615,0.1093
102,97,480.787,1,0.6538,0.0
618,112,703.413,19,0.8159,0.0717
881,181,311.029,2,0.7253,0.0
580,136,46.049,11,0.9499,0.797
801,197,166.421,14,0.8231,0.4608
536,20,402.317,13,0.7492,0.1535
420,163,569.693,17,0.7816,0.1407
946,179,133.981,17,0.9365,0.7087
153,186,158.344,5,0.6541,0.0741
448,108,664.123,14,0.679,0.0809
156,98,634.885,12,0.8631,0.0715
655,117,659.328,5,0.466,0.0158
922,183,126.974,11,0.644,0.3292
998,174,671.575,15,0.8461,0.0084
234,188,245.086,14,0.8201,0.3786
728,194,372.38,12,0.9489,0.256
875,125,328.884,5,0.8733,0.02
834,52,704.059,16,0.4191,0.0
504,31,189.491,5,0.9198,0.1858
175,180,689.623,9,0.78,0.0044
462,31,690.61,16,0.4202,0.0
777,15,660.603,19,0.5383,0.0316
620,95,257.521,1,0.3851,0.0
389,149,270.337,18,0.9671,0.4749
216,148,147.326,14,0.6534,0.3323
652,51,342.62,4,0.6777,0.0
429,101,179.39,2,0.3854,0.0108
473,179,451.716,4,0.6232,0.0
939,160,624.803,3,0.9052,0.0503
10,184,683.785,7,0.8729,0.0215
239,154,315.36,5,0.8512,0.0603
920,19,310.992,3,0.799,0.0
922,41,370.739,7,0.8537,0.0887
303,34,656.433,17,0.886,0.1011
995,27,57.132,20,0.7592,0.6406
212,172,220.861,18,0.4031,0.0713
52,142,142.327,10,0.6784,0.2766
308,183,558.254,14,0.3361,0.0102
532,65,272.663,9,0.7662,0.1403
7,196,694.32,12,0.9434,0.0538
172,187,705.034,16,0.6564,0.0568
791,22,634.275,8,0.5177,0.0005
622,174,366.701,6,0.5925,0.0043
606,23,670.306,18,0.8603,0.1493
990,91,271.694,12,0.6724,0.1371
229,37,283.131,11,0.9107,0.3015
897,117,340.772,14,0.8291,0.2653
356,4,502.101,1,0.5581,0.0
925,170,46.174,18,0.7592,0.6667
784,96,386.057,17,0.4708,0.0672
214,175,695.425,3,0.4415,0.0266
210,87,48.935,6,0.3497,0.1958
543,112,62.593,14,0.4697,0.3504
503,148,679.564,17,0.8575,0.0929
235,195,598.551,1,0.362,0.0218
261,75,0.96,4,0.7589,0.818
900,105,325.25,10,0.5527,0.0226
754,65,223.197,3,0.9894,0.079
192,9,121.061,8,0.7167,0.3142
726,175,38.107,11,0.8521,0.7248
154,113,180.31,17,0.8553,0.5171
446,75,470.142,5,0.6112,0.0
13,156,219.155,15,0.3505,0.0246
650,164,221.841,6,0.3845,0.0323
182,197,189.376,14,0.6029,0.1939
237,88,70.372,4,0.7519,0.2785
190,22,427.166,4,0.6764,0.0016
184,98,526.713,16,0.8362,0.1537
78,89,705.625,7,0.9238,0.015
555,42,163.538,19,0.4551,0.2554
868,118,117.728,6,0.5508,0.1306
302,83,509.383,5,0.5114,0.0072
780,177,233.028,4,0.4181,0.0263
544,10,366.413,8,0.6877,0.0558
255,144,510.283,9,0.3997,0.0043
62,121,302.373,5,0.3291,0.0
784,47,267.698,9,0.3456,0.0123
23,71,316.801,14,0.8268,0.2782
423,172,329.276,7,0.7031,0.057
35,73,1.043,1,0.9639,0.8972
776,133,136.204,16,0.9472,0.6161
990,103,438.912,1,0.8101,0.0132
324,180,13.052,14,0.903,0.8452
314,133,199.4,5,0.4033,0.0092
565,167,317.388,16,0.865,0.3267
502,181,318.395,11,0.769,0.1483
382,26,34.889,17,0.9039,0.836
366,167,630.32,8,0.4956,0.003
188,193,65.599,5,0.8285,0.459
251,8,630.588,2,0.3398,0.0197
586,91,713.39,19,0.8152,0.0976
735,51,129.029,18,0.4332,0.2066
751,197,51.279,14,0.967,0.8196
517,71,87.638,18,0.9892,0.7897
754,38,613.901,16,0.5891,0.0684
593,20,700.111,1,0.9471,0.0
357,159,426.06,19,0.4768,0.0667
354,12,682.054,20,0.7319,0.1145
519,61,554.289,17,0.9074,0.1747
308,111,409.683,13,0.8812,0.1992
764,9,658.338,12,0.5472,0.049
186,35,337.408,9,0.4389,0.014
55,199,296.676,10,0.5061,0.0359
492,92,518.472,5,0.3035,0.0205
72,61,539.166,11,0.5363,0.0318
192,174,255.57,7,0.8055,0.0639
377,17,342.696,18,0.6231,0.171
5,53,155.786,2,0.3981,0.0095
224,173,86.694,2,0.5339,0.0393
545,151,253.63,18,0.4822,0.1719
375,87,355.064,8,0.7125,0.0465
897,197,113.668,12,0.355,0.1177
94,116,117.788,6,0.8119,0.2798
720,150,89.7,5,0.3952,0.0901
593,197,630.607,9,0.9791,0.0
645,101,499.905,3,0.8431,0.0
672,97,105.207,13,0.5503,0.3379
53,133,476.286,3,0.4337,0.0
792,14,350.052,16,0.7477,0.2099
332,86,407.4,8,0.9738,0.1353
651,139,596.684,1,0.6497,0.0
294,76,342.992,10,0.6535,0.0791
397,143,207.79,9,0.546,0.1118
701,81,561.813,2,0.7192,0.0017
935,39,115.199,6,0.9816,0.3501
878,30,665.844,6,0.6154,0.0
727,110,677.924,15,0.3639,0.0
539,39,248.671,16,0.6555,0.2895
528,74,556.136,6,0.8309,0.0352
966,104,663.881,19,0.9433,0.1943
207,10,661.883,5,0.8045,0.0
955,85,82.793,11,0.881,0.6171
649,63,121.213,4,0.6239,0.053
617,63,353.348,4,0.3665,0.0127
592,182,397.724,11,0.3388,0.0119
813,185,248.081,5,0.4255,0.0
684,61,55.631,2,0.5933,0.0932
95,177,309.507,20,0.8893,0.4951
782,45,202.77,14,0.6465,0.2129
729,70,322.59,14,0.5449,0.0648
916,189,197.143,18,0.581,0.2714
937,21,314.143,15,0.9752,0.3777
950,77,423.641,4,0.6061,0.0102
43,162,259.781,18,0.7792,0.3277
631,189,152.065,10,0.9728,0.5086
935,190,285.842,18,0.7661,0.3225
966,177,187.927,18,0.6866,0.3805
550,193,46.697,1,0.6612,0.0299
912,95,456.533,18,0.7584,0.2135
881,65,456.563,2,0.6918,0.0
3,77,229.322,16,0.7735,0.3656
885,25,690.674,14,0.7153,0.0
638,28,568.207,4,0.9824,0.0
574,195,649.782,19,0.8998,0.1503
179,39,338.247,9,0.3662,0.0562
919,124,377.361,8,0.8794,0.1308
296,47,497.969,20,0.4251,0.0462
418,133,423.63,12,0.49,0.0035
298,95,481.29,5,0.4418,0.0223
970,22,311.638,18,0.5745,0.1231
484,75,96.082,3,0.5464,0.0
115,147,584.765,13,0.9314,0.1209
11,161,279.194,9,0.682,0.1012
981,58,438.225,17,0.5251,0.0795
236,60,266.009,4,0.7045,0.0
771,146,347.427,12,0.673,0.0967
30,85,460.235,10,0.9816,0.1838
897,15,416.738,10,0.4417,0.0043
651,25,101.897,13,0.8351,0.5509
225,75,169.878,8,0.3409,0.035
890,55,125.603,8,0.5652,0.1652
298,24,414.855,7,0.5972,0.0542
998,157,284.397,6,0.9566,0.1297
600,92,177.804,19,0.3778,0.1255
449,142,32.217,10,0.6303,0.489
59,1,552.741,8,0.4934,0.0
261,81,39.384,16,0.3012,0.2199
59,96,274.455,3,0.3625,0.0
854,116,328.433,17,0.5756,0.0973
101,194,326.471,1,0.844,0.0
114,92,100.149,1,0.9758,0.0455
125,98,510.955,6,0.6458,0.0
975,180,163.943,1,0.9999,0.006
971,80,453.113,10,0.3298,0.0064
715,79,272.495,19,0.3172,0.0952
74,32,375.48,4,0.5656,0.0
504,145,325.874,5,0.5306,0.0
949,4,687.81,3,0.5095,0.0243
97,44,249.786,9,0.9167,0.2596
794,84,110.583,9,0.6903,0.3368
19,87,260.117,3,0.5631,0.0
804,8,359.563,19,0.3175,0.0064
545,106,48.16,7,0.3179,0.1571
888,195,661.324,5,0.3877,0.0
414,21,143.483,16,0.4763,0.2288
786,99,670.072,14,0.3232,0.0078
843,118,291.307,2,0.4288,0.0
325,65,400.123,19,0.3359,0.0222
643,115,491.934,9,0.9216,0.0793
461,69,47.231,17,0.6913,0.5269
432,32,298.319,13,0.5921,0.0846
800,169,203.125,16,0.5443,0.1997
227,200,121.758,6,0.9168,0.3522
120,78,481.843,5,0.5454,0.0229
481,19,119.663,17,0.5852,0.3925
822,33,419.885,17,0.3529,0.0037
163,180,281.418,1,0.8946,0.0
341,177,702.9,2,0.5088,0.0
668,99,652.786,9,0.7667,0.041
477,175,5.944,7,0.3622,0.3282
606,45,583.906,18,0.5227,0.0658
529,81,121.849,12,0.3995,0.1654
811,23,339.019,3,0.8247,0.0175
876,109,584.739,10,0.8108,0.0387
450,140,207.333,4,0.8104,0.0294
432,193,528.505,15,0.4526,0.0221
279,151,173.847,14,0.723,0.3384
444,133,628.599,12,0.3682,0.0442
837,135,316.377,7,0.4236,0.0324
502,126,143.888,13,0.9746,0.6035
691,84,38.907,5,0.656,0.3976
419,101,436.893,6,0.7519,0.0
707,35,491.837,11,0.3524,0.0
713,5,490.141,4,0.4418,0.0514
529,158,358.462,13,0.9395,0.2863
935,100,290.286,18,0.3499,0.0486
876,175,445.883,15,0.6734,0.1175
159,25,24.481,4,0.8818,0.6534
228,79,172.783,8,0.9159,0.3418
955,52,184.347,15,0.4866,0.1694
402,169,560.576,12,0.3553,0.045
311,76,318.04,16,0.4788,0.0291
797,128,33.46,19,0.7128,0.625
603,17,644.496,15,0.7377,0.0077
133,106,277.779,20,0.7552,0.3397
92,89,55.883,7,0.5302,0.2803
809,123,301.582,13,0.6546,0.1647
765,118,683.69,8,0.5182,0.0
353,22,577.153,11,0.924,0.0649
863,11,427.522,12,0.3098,0.019
126,26,546.681,15,0.5279,0.0418
870,44,372.073,13,0.8317,0.1906
80,146,578.966,19,0.9991,0.2214
637,54,605.015,14,0.5589,0.0214
844,194,243.248,5,0.5304,0.0166
620,18,320.96,11,0.8192,0.1884
779,102,163.447,8,0.9027,0.3103
344,144,493.38,11,0.6728,0.013
289,11,99.097,1,0.8786,0.0296
266,103,340.135,20,0.9182,0.4634
117,14,695.931,20,0.531,0.0552
278,158,335.757,11,0.5069,0.0286
248,94,49.637,17,0.3727,0.2603
757,173,13.695,16,0.3904,0.3314
213,132,684.125,2,0.6822,0.0116
166,64,509.302,3,0.3743,0.0299
734,31,511.064,18,0.8138,0.2095
538,32,266.651,4,0.6265,0.0231
216,7,361.069,15,0.9043,0.2799
706,61,402.269,20,0.7665,0.2493
217,146,552.379,18,0.5583,0.0441
786,71,367.006,20,0.4619,0.1085
33,30,221.188,18,0.5624,0.2269
591,17,383.688,1,0.6153,0.0242
597,88,490.638,5,0.8394,0.0164
373,42,42.166,20,0.5209,0.4184
689,147,341.273,6,0.4166,0.0
380,68,248.43,2,0.7106,0.0497
654,26,645.271,7,0.5728,0.0
224,55,279.936,2,0.5676,0.0028
569,89,453.014,14,0.5452,0.0896
757,8,328.231,18,0.6597,0.2212
967,23,585.641,14,0.6212,0.0117
361,193,669.465,14,0.9506,0.1183
473,70,60.654,10,0.493,0.3322
477,150,14.651,15,0.5181,0.4878
861,183,507.482,11,0.52,0.0972
963,23,454.856,7,0.9501,0.0045
647,138,399.417,10,0.3215,0.0
823,167,310.437,2,0.3395,0.0
85,5,539.969,7,0.9217,0.0463
760,63,506.779,13,0.4553,0.0
811,27,300.262,17,0.7208,0.2401
715,7,234.326,5,0.5842,0.0054
585,59,692.572,12,0.4348,0.0062
900,37,292.445,13,0.9063,0.3175
654,180,150.881,16,0.6577,0.3862
847,48,691.318,5,0.6947,0.0
181,150,508.637,4,0.3094,0.01
666,11,402.248,17,0.7022,0.1671
438,124,552.883,5,0.389,0.0
869,139,160.199,4,0.9392,0.1866
881,31,401.981,9,0.6158,0.0116
844,87,197.322,7,0.9754,0.2963
216,186,621.4,5,0.5469,0.0
493,123,98.874,2,0.6245,0.0934
1,162,156.995,13,0.3125,0.1029
980,85,175.902,5,0.3103,0.0
258,48,315.373,15,0.7687,0.2527
625,94,96.208,7,0.302,0.0526
488,81,392.223,5,0.967,0.0
905,197,527.752,17,0.9787,0.2769
822,86,6.337,1,0.4652,0.2648
777,126,638.859,2,0.868,0.0269
644,118,613.683,13,0.8945,0.0953
120,75,37.068,2,0.3924,0.0261
920,75,49.681,20,0.8695,0.7528
63,169,413.424,9,0.9043,0.0785
456,43,226.113,7,0.5601,0.0543
380,84,353.37,7,0.7854,0.072
391,134,408.787,13,0.4866,0.0
978,12,459.37,7,0.7025,0.0239
232,136,526.903,1,0.692,0.0181
580,167,617.147,1,0.3847,0.0113
219,89,436.994,12,0.9516,0.1592
912,117,76.083,3,0.9572,0.3598
737,98,98.506,12,0.9633,0.6842
415,134,442.072,20,0.6752,0.1326
81,11,510.474,12,0.4756,0.0
153,124,543.061,16,0.8175,0.1298
243,92,373.677,10,0.7631,0.0932
407,8,432.48,4,0.9127,0.0432
886,161,701.689,10,0.8965,0.0405
120,31,251.055,13,0.4948,0.0937
577,119,154.595,18,0.7088,0.4672
348,171,697.688,9,0.6072,0.0152
47,185,661.55,1,0.9505,0.0528
620,126,5.598,11,0.5862,0.5681
705,144,289.653,8,0.3444,0.0447
960,117,529.219,17,0.6428,0.0336
507,156,128.186,9,0.4613,0.1461
326,196,23.452,13,0.3075,0.2364
855,92,26.709,17,0.9384,0.8822
248,83,406.869,12,0.7709,0.1342
683,35,166.186,8,0.382,0.0562
944,196,186.051,8,0.5656,0.1431
5,183,11.401,2,0.4951,0.3207
926,142,522.787,4,0.8714,0.002
206,132,607.49,3,0.7877,0.0128
482,41,528.271,5,0.3769,0.0
258,182,98.556,3,0.3046,0.0516
145,12,689.225,14,0.8739,0.0674
703,124,692.755,13,0.9533,0.113
483,51,186.945,16,0.9733,0.6218
510,91,707.818,11,0.3833,0.0155
484,20,320.096,7,0.5738,0.0055
748,27,30.489,5,0.3856,0.1821
967,76,414.503,2,0.954,0.0291
513,80,379.465,4,0.6166,0.0113
156,177,618.043,11,0.9369,0.0662
328,120,256.407,19,0.6179,0.2288
497,7,552.093,8,0.3636,0.0
104,187,566.549,12,0.5501,0.0203
230,123,25.647,6,0.98,0.8777
203,166,484.826,17,0.9136,0.2185
973,185,345.48,2,0.6597,0.0
401,103,146.147,6,0.5302,0.0791
880,36,300.456,20,0.4148,0.0762
552,90,617.268,10,0.3965,0.0
507,138,496.791,16,0.409,0.0
939,7,451.768,6,0.6724,0.0384
692,190,59.149,17,0.7897,0.6453
240,71,480.17,4,0.5075,0.0122
282,132,546.259,9,0.989,0.1159
667,197,684.014,8,0.6268,0.0
3,174,574.692,19,0.7169,0.1031
153,149,58.019,1,0.6752,0.0155
75,60,679.369,20,0.8397,0.1532
714,105,570.291,18,0.9549,0.2529
442,101,2.902,7,0.8931,0.8761
12,173,513.277,9,0.6604,0.0204
742,8,219.207,15,0.9569,0.4949
656,5,435.82,3,0.5931,0.0051
719,24,203.965,6,0.3517,0.0145
164,192,525.767,10,0.3929,0.0153
875,109,134.85,17,0.9665,0.6449
181,140,600.947,18,0.958,0.1947
571,19,52.952,11,0.9396,0.7236
559,3,17.835,20,0.826,0.8136
219,131,95.421,20,0.7755,0.5712
376,142,277.18,1,0.8863,0.0
53,86,472.983,12,0.6117,0.0413
472,17,346.29,20,0.6831,0.2013
678,98,342.773,6,0.9288,0.059
309,128,623.285,7,0.3397,0.0632
538,43,402.893,7,0.6943,0.0233
954,61,365.723,15,0.5668,0.1392
235,150,302.28,9,0.6889,0.078
291,43,704.469,16,0.9701,0.1623
120,20,175.201,8,0.85,0.2789
543,126,112.43,19,0.6336,0.4356
204,5,354.759,6,0.7766,0.0525
855,87,488.151,9,0.694,0.0154
291,114,16.09,18,0.438,0.4155
665,13,617.106,16,0.6192,0.0382
190,131,204.202,8,0.3776,0.029
323,165,464.854,14,0.6194,0.0917
172,195,125.179,10,0.6076,0.2925
553,54,627.846,7,0.7888,0.0331
28,66,258.723,6,0.4886,0.0115
83,124,135.019,17,0.5751,0.3557
502,120,14.706,17,0.5881,0.5761
546,122,222.671,18,0.4202,0.111
330,63,273.341,8,0.8128,0.1148
432,12,25.767,12,0.7685,0.6415
417,5,400.082,2,0.5805,0.044
758,200,327.661,17,0.4109,0.0194
447,82,355.258,4,0.8512,0.0055
848,90,96.534,13,0.7851,0.5391
218,126,276.124,18,0.7649,0.3017
200,42,696.862,16,0.9619,0.1876
404,77,257.661,17,0.8625,0.4745
82,88,571.036,13,0.9291,0.133
672,19,89.838,20,0.8323,0.6597
391,121,88.87,14,0.8218,0.5777
367,39,719.227,14,0.8309,0.0728
535,1,466.997,1,0.9618,0.0
83,125,478.848,13,0.6675,0.0689
377,61,306.952,2,0.5873,0.0183
973,144,548.145,8,0.9728,0.0364
629,108,668.324,9,0.9782,0.0476
574,6,59.501,9,0.9107,0.6854
506,139,124.543,16,0.7023,0.4509
469,9,623.639,14,0.7387,0.0497
937,63,57.442,2,0.6141,0.1044
931,138,258.897,8,0.4474,0.0012
410,81,60.367,1,0.3708,0.0
925,77,294.035,17,0.3086,0.0133
83,45,322.232,5,0.4491,0.0077
320,89,130.105,9,0.6769,0.2328
302,59,59.243,18,0.931,0.7742
698,190,300.81,15,0.5908,0.1157
606,138,370.676,18,0.7486,0.2415
473,182,530.794,7,0.6238,0.0
257,68,522.854,6,0.3096,0.0
507,191,50.806,10,0.5993,0.3883
269,56,315.615,14,0.5596,0.0805
498,62,607.592,18,0.5216,0.0208
340,60,430.034,15,0.514,0.0208
889,118,615.57,18,0.4066,0.0166
747,123,684.643,1,0.7085,0.0
176,13,241.011,18,0.8623,0.4812
941,113,96.162,8,0.883,0.5432
659,191,60.883,4,0.4879,0.1286
351,82,91.459,4,0.5009,0.0868
531,140,491.548,8,0.4989,0.0187
196,127,86.527,7,0.4126,0.1207
47,196,685.757,2,0.7369,0.0
421,129,474.638,6,0.4025,0.009
783,95,688.003,10,0.5787,0.0
352,3,405.943,2,0.6799,0.0097
385,161,146.068,6,0.7741,0.205
991,68,121.503,20,0.9771,0.7585
988,185,552.996,19,0.872,0.2196
464,49,0.578,11,0.5757,0.6079
45,88,630.267,10,0.8801,0.0256
680,166,21.729,3,0.4965,0.2911
715,31,435.391,19,0.7751,0.2282
914,56,280.289,5,0.4443,0.0384
949,159,440.523,4,0.6058,0.0
630,64,563.268,1,0.7299,0.0
108,192,81.051,18,0.8683,0.7085
250,108,681.36,7,0.9518,0.013
717,166,429.163,9,0.9858,0.0927
608,110,275.321,2,0.8925,0.0
436,10,704.949,6,0.4343,0.0
402,163,584.464,5,0.8954,0.05
710,84,117.108,20,0.7099,0.506
423,78,64.21,9,0.5615,0.3052
155,148,664.516,5,0.5121,0.0188
980,57,421.312,14,0.805,0.159
350,86,333.947,5,0.6013,0.0382
279,122,56.12,17,0.9044,0.7567
70,119,390.307,19,0.9621,0.3686
469,146,195.835,2,0.9233,0.0
987,17,139.432,10,0.6248,0.259
160,199,281.868,5,0.918,0.0834
245,122,26.178,18,0.719,0.6947
179,124,430.663,3,0.4289,0.0496
95,177,447.384,9,0.3617,0.0167
604,99,500.552,7,0.3313,0.0
299,7,16.937,10,0.329,0.2883
752,27,126.831,4,0.8719,0.1932
401,190,556.207,3,0.3925,0.0008
637,198,413.981,5,0.9207,0.0193
90,17,7.015,14,0.5056,0.4598
330,137,526.241,19,0.9948,0.2916
415,133,300.245,20,0.6064,0.1858
60,34,189.781,13,0.4057,0.0464
420,158,543.185,1,0.4593,0.006
471,92,259.782,18,0.4496,0.1547
404,47,326.875,19,0.4139,0.0834
505,113,619.829,11,0.8572,0.0722
798,182,108.203,12,0.4001,0.2072
771,44,407.491,17,0.6395,0.1083
15,124,75.291,8,0.8745,0.5978
641,147,704.068,7,0.7222,0.0331
905,126,224.88,15,0.8255,0.3873
872,131,655.409,5,0.3765,0.0
324,146,264.563,17,0.8797,0.4334
783,47,609.321,11,0.7185,0.09
801,21,550.634,7,0.3031,0.0247
366,198,167.819,19,0.8761,0.5555
870,64,465.96,3,0.7598,0.0183
633,190,168.389,17,0.311,0.0763
752,54,14.153,11,0.8506,0.8138
748,54,216.694,5,0.9912,0.1353
782,5,511.746,13,0.7549,0.0999
957,89,128.962,20,0.8927,0.6487
858,189,452.203,4,0.9021,0.0
423,179,550.836,11,0.9968,0.1236
563,61,223.789,15,0.4777,0.1107
649,82,73.944,9,0.6348,0.3418
857,134,429.748,5,0.5797,0.0
393,191,95.011,6,0.79,0.3283
313,121,2.369,9,0.7441,0.7235
738,41,94.563,13,0.6181,0.3824
955,72,192.353,12,0.9509,0.4544
912,145,487.874,12,0.9319,0.1293
148,5,239.802,8,0.3912,0.0034
920,120,661.41,17,0.6181,0.0458
790,154,534.558,9,0.3048,0.0
158,70,710.985,19,0.712,0.0816
7,108,479.18,7,0.9041,0.0121
205,144,15.89,15,0.7376,0.6609
930,120,107.62,12,0.5241,0.2701
755,5,194.472,4,0.9426,0.1182
576,118,506.547,2,0.8987,0.0
632,47,464.766,3,0.9173,0.0037
414,148,148.159,10,0.8178,0.3782
906,53,502.755,11,0.3606,0.0
157,196,201.276,14,0.7083,0.3463
314,24,481.456,4,0.6889,0.0
201,179,224.112,4,0.9519,0.1035
849,7,151.826,13,0.8612,0.4645
541,137,356.538,12,0.4715,0.0035
684,71,706.149,4,0.8303,0.0007
920,40,465.721,12,0.5632,0.0044
196,44,253.506,5,0.566,0.043
965,8,373.521,7,0.9389,0.1147
127,27,316.078,2,0.3561,0.0
755,79,23.052,2,0.419,0.1383
703,32,485.65,17,0.5902,0.0949
826,194,148.356,20,0.6106,0.3382
159,166,384.877,12,0.936,0.2586
960,95,51.52,2,0.7432,0.1581
795,19,569.119,7,0.7006,0.0016
111,198,13.04,8,0.802,0.7305
558,145,231.793,8,0.3463,0.0
818,37,276.297,4,0.6695,0.0
477,11,556.223,3,0.7799,0.0083
381,124,700.996,19,0.8971,0.1735
276,9,138.163,17,0.3115,0.0752
516,123,100.552,2,0.4853,0.0022
984,89,447.815,7,0.4494,0.0
608,177,156.846,3,0.9038,0.0546
723,77,17.925,2,0.5759,0.3418
780,90,167.288,13,0.9637,0.5449
779,110,169.24,8,0.8334,0.2576
401,197,397.327,11,0.9037,0.1797
769,141,324.296,5,0.8864,0.0295
329,134,240.414,15,0.4105,0.0812
585,62,208.501,9,0.3344,0.0
303,97,193.233,3,0.7101,0.0146
940,39,620.534,18,0.3504,0.0257
731,79,332.053,6,0.6997,0.0466
584,165,615.618,15,0.4654,0.0419
452,20,716.943,14,0.9638,0.0955
521,34,357.087,5,0.612,0.0
780,118,668.552,6,0.7392,0.0001
274,160,126.114,7,0.7176,0.2485
829,196,223.391,18,0.9462,0.5393
282,118,474.584,9,0.8757,0.0444
142,132,171.752,15,0.8544,0.5369
737,58,426.275,4,0.5244,0.0055
709,82,647.296,2,0.5441,0.0
335,63,701.016,6,0.5631,0.0
649,22,385.343,4,0.5598,0.0222
729,75,530.569,7,0.9174,0.0918
788,44,434.527,6,0.6392,0.0091
953,119,302.623,4,0.7658,0.0322
855,151,257.001,20,0.4584,0.1525
440,196,442.381,6,0.9908,0.0294
231,177,249.179,1,0.973,0.0088
98,64,539.407,9,0.7228,0.0173
574,188,91.28,16,0.9445,0.7149
667,189,517.527,17,0.8839,0.215
691,101,368.21,8,0.3653,0.0073
10,42,59.34,14,0.979,0.8356
702,156,604.567,3,0.511,0.0226
788,23,396.122,2,0.4432,0.0
722,73,529.232,15,0.9934,0.203
526,107,89.515,11,0.3717,0.1844
16,173,112.138,1,0.7491,0.0
490,196,632.677,5,0.9528,0.0
645,164,336.38,8,0.9938,0.1248
570,97,213.394,1,0.9115,0.0294
575,17,373.833,7,0.9303,0.0787
517,160,267.799,12,0.6353,0.1169
553,172,701.163,1,0.9696,0.0
324,95,142.233,4,0.436,0.0
605,111,381.885,12,0.4787,0.078
282,171,239.669,13,0.4474,0.0969
492,27,119.299,14,0.7866,0.5121
416,163,490.832,6,0.324,0.0123
715,103,99.055,3,0.4574,0.0563
895,138,198.022,5,0.6165,0.098
634,39,351.155,12,0.5552,0.0659
136,124,305.406,12,0.3027,0.001
668,54,655.645,19,0.4618,0.0669
325,104,468.874,12,0.3375,0.0
50,105,50.445,16,0.4631,0.3751
193,192,103.54,17,0.6598,0.4217
1000,135,422.288,9,0.5532,0.0236
428,112,162.737,4,0.8775,0.1263
202,81,141.313,5,0.5648,0.0638
134,68,711.047,20,0.5796,0.0507
651,131,510.972,6,0.5205,0.0
761,177,218.126,8,0.4096,0.0
354,115,20.519,8,0.4413,0.3673
104,133,572.578,20,0.949,0.2618
355,66,415.823,3,0.6558,0.0
666,112,224.504,4,0.9385,0.1182
114,115,379.911,13,0.7193,0.1264
268,137,645.533,20,0.5411,0.0542
3,64,46.151,13,0.9924,0.8342
473,70,527.167,20,0.3471,0.0705
171,72,621.25,11,0.947,0.0625
200,85,375.0,6,0.5933,0.0
114,59,691.868,4,0.8542,0.0
731,40,167.19,5,0.8626,0.1872
490,101,519.417,17,0.5147,0.055
949,172,306.188,13,0.3553,0.0164
396,7,273.238,18,0.8517,0.3991
222,134,458.319,3,0.815,0.0
205,164,438.996,5,0.4859,0.042
954,165,264.684,6,0.8926,0.0961
590,171,270.67,15,0.687,0.224
326,64,345.782,20,0.8345,0.3027
655,21,714.849,14,0.6326,0.0349
558,200,575.023,16,0.3645,0.0047
115,140,264.051,17,0.3601,0.0734
702,72,261.802,16,0.7712,0.3295
120,171,645.716,6,0.9993,0.0179
200,71,561.177,18,0.8426,0.1623
714,150,470.728,19,0.6224,0.1016
445,193,514.314,14,0.913,0.1848
223,154,41.508,4,0.64,0.3118
68,132,67.146,15,0.6974,0.5483
594,39,227.668,11,0.5338,0.1097
698,187,340.53,15,0.7751,0.2462
204,86,512.057,1,0.6989,0.0
417,125,563.242,8,0.9583,0.0332
345,123,637.106,11,0.5771,0.0088
892,50,195.441,3,0.6449,0.0
791,121,538.688,11,0.4212,0.0
274,79,716.176,13,0.8403,0.0419
514,70,150.29,12,0.9882,0.5903
924,172,50.658,16,0.9848,0.8674
346,145,645.543,9,0.6342,0.0069
142,98,97.559,5,0.6706,0.1725
299,4,518.379,3,0.5097,0.0
607,142,279.181,4,0.9795,0.031
993,148,256.295,8,0.3808,0.0483
308,34,677.254,20,0.8446,0.1229
59,152,253.147,16,0.6921,0.239
182,80,293.803,3,0.7517,0.002
413,147,11.793,13,0.7427,0.6797
94,168,132.565,11,0.6055,0.2475
35,141,260.591,5,0.6642,0.0062
656,189,479.641,15,0.7882,0.0974
825,16,46.5,1,0.9657,0.1299
234,65,251.971,2,0.5859,0.0
523,12,263.312,13,0.6121,0.2058
573,35,569.633,12,0.4229,0.0
668,75,198.352,12,0.7713,0.3059
980,5,642.234,14,0.9427,0.1012
886,80,679.686,19,0.6727,0.0738
316,26,159.929,1,0.4678,0.0069
976,23,272.299,16,0.6241,0.1552
35,168,528.224,9,0.632,0.0203
962,149,193.787,6,0.4661,0.0331
143,92,594.817,10,0.6902,0.0
114,114,701.21,11,0.7314,0.029
120,59,454.765,12,0.4782,0.0
123,98,116.555,6,0.6176,0.1531
464,156,1.892,1,0.7558,0.6663
641,105,295.411,14,0.9355,0.3321
745,159,163.746,18,0.3627,0.0985
16,97,557.335,19,0.9283,0.3029
297,73,338.524,18,0.3935,0.0085
133,179,455.389,5,0.6454,0.0232
146,181,436.705,18,0.9163,0.2994
747,46,26.612,14,0.9441,0.9071
641,93,509.903,11,0.8535,0.1172
210,155,594.598,6,0.3655,0.0
302,53,339.547,16,0.5202,0.077
925,150,419.285,3,0.4352,0.0218
576,180,103.951,17,0.6646,0.452
239,48,474.447,19,0.5736,0.0682
934,31,676.563,20,0.943,0.1911
199,189,512.752,18,0.4673,0.0908
292,200,10.913,17,0.8934,0.8654
693,172,223.129,16,0.5505,0.1907
513,123,686.852,3,0.91,0.0166
70,18,481.3,7,0.4804,0.0
807,184,234.117,3,0.5929,0.0407
229,40,432.525,8,0.5691,0.0
692,36,117.99,11,0.8334,0.5212
335,144,665.779,18,0.7345,0.1028
752,78,281.088,15,0.9597,0.4454
899,174,138.71,17,0.4115,0.1656
773,175,54.402,17,1.0,0.8576
922,162,25.667,17,0.3629,0.3455
540,168,464.624,1,0.6748,0.0692
66,110,490.792,19,0.4451,0.0444
537,175,474.323,9,0.6367,0.0525
462,184,226.515,6,0.8344,0.1336
719,57,570.721,9,0.6352,0.0
249,86,604.808,12,0.8994,0.133
698,124,434.412,14,0.794,0.1495
442,172,443.35,9,0.658,0.046
671,78,138.964,12,0.96,0.5848
420,53,617.898,9,0.8663,0.0445
383,65,61.373,17,0.9653,0.8154
215,160,577.779,3,0.6782,0.0062
829,105,301.72,15,0.9543,0.373
69,51,71.114,12,0.4,0.2602
237,144,44.678,10,0.9573,0.7963
427,133,711.715,8,0.6565,0.001
156,104,409.922,5,0.3033,0.0151
917,124,320.242,6,0.8674,0.0841
346,47,666.344,13,0.925,0.0762
243,37,333.652,3,0.6911,0.0
254,162,609.912,5,0.6121,0.0
192,137,614.729,9,0.915,0.0623
664,196,540.171,13,0.3359,0.0
482,188,68.935,9,0.8937,0.5964
232,73,687.37,4,0.7953,0.0041
874,93,451.85,16,0.7215,0.1832
657,170,294.417,5,0.7106,0.0208
403,1,551.955,19,0.4928,0.0006
514,173,53.694,9,0.4383,0.2269
657,34,128.919,17,0.7079,0.4395
153,53,488.047,11,0.5467,0.0185
809,97,453.467,6,0.4804,0.0136
259,142,377.803,20,0.7021,0.2481
30,71,485.877,7,0.6797,0.0065
522,188,683.952,13,0.5277,0.0
877,157,94.252,16,0.7483,0.4966
734,148,247.173,9,0.3336,0.0161
309,155,211.637,17,0.9381,0.4966
399,7,673.392,17,0.398,0.0489
596,165,135.198,6,0.9168,0.3568
233,121,265.126,3,0.619,0.0373
821,38,652.261,2,0.8385,0.0
296,156,482.594,1,0.7487,0.0012
217,22,22.92,11,0.679,0.5667
96,124,691.374,6,0.9076,0.0252
694,114,43.771,9,0.4181,0.2173
26,6,376.005,11,0.9914,0.2293
806,75,174.713,6,0.8715,0.1923
974,25,455.128,13,0.9515,0.2417
112,190,204.567,8,0.9778,0.3384
97,161,588.746,17,0.4372,0.0224
935,200,407.153,4,0.9804,0.0045
125,98,225.634,13,0.7004,0.267
408,66,623.312,7,0.7185,0.0418
871,192,559.721,3,0.4988,0.0386
139,62,355.313,4,0.4335,0.0644
664,83,353.935,16,0.4213,0.0215
383,27,337.139,18,0.3222,0.0132
437,165,389.081,1,0.5549,0.019
932,24,617.95,5,0.8735,0.0026
650,8,53.578,15,0.8165,0.6881
320,167,279.974,16,0.3225,0.0
935,169,540.217,11,0.8678,0.1023
581,171,694.139,1,0.6901,0.0
100,172,110.695,10,0.5064,0.2141
393,29,31.777,9,0.6475,0.5111
244,73,579.769,15,0.3133,0.0
643,154,698.711,17,0.6097,0.0791
861,62,514.719,1,0.5024,0.0151
40,156,399.139,19,0.7296,0.2193
781,182,168.417,9,0.8587,0.3213
917,193,690.041,13,0.6736,0.0438
995,156,520.175,19,0.7365,0.1681
662,160,499.91,13,0.9852,0.1709
314,120,635.069,1,0.8124,0.0114
146,16,630.535,5,0.4386,0.0
945,88,58.55,18,0.9744,0.8583
413,191,14.862,3,0.4748,0.3205
344,183,160.734,13,0.6438,0.2725
734,48,655.455,9,0.8793,0.0392
716,150,384.461,19,0.6629,0.2221
810,62,466.395,20,0.8637,0.2976
883,84,249.438,1,0.7349,0.0003
878,130,306.178,20,0.8536,0.4057
171,100,216.367,17,0.5478,0.2466
170,121,677.085,20,0.984,0.2719
206,20,296.973,11,0.6231,0.0758
628,60,601.928,20,0.6647,0.1134
581,163,112.317,5,0.6218,0.1315
858,124,228.754,3,0.3769,0.0
844,169,131.055,10,0.3813,0.1118
814,194,211.619,5,0.3338,0.0156
79,72,480.843,19,0.8365,0.2223
696,53,102.276,13,0.4211,0.1869
851,62,386.134,9,0.8528,0.1341
983,115,2.748,1,0.9428,0.8249
344,51,707.843,3,0.4554,0.0
777,79,26.105,13,0.4107,0.3067
407,35,543.286,2,0.9053,0.0142
161,78,625.929,15,0.9856,0.1326
340,190,717.288,1,0.8877,0.0
252,85,468.264,8,0.543,0.0002
912,152,436.932,5,0.6711,0.0
176,87,401.677,6,0.5095,0.0
131,87,550.638,11,0.68,0.004
580,132,626.991,8,0.6023,0.0
575,23,380.184,8,0.8877,0.0992
562,72,518.656,5,0.9553,0.0
149,28,692.949,18,0.5353,0.0
499,40,80.979,5,0.9831,0.491
929,142,424.808,16,0.8987,0.2566
90,35,48.97,20,0.8683,0.7745
798,41,313.947,10,0.9781,0.3051
126,115,522.964,7,0.4652,0.0
234,70,274.129,5,0.677,0.0
899,25,72.526,6,0.9812,0.6089
298,192,597.614,9,0.6979,0.0
523,185,176.054,13,0.3071,0.0666
382,117,361.934,13,0.8568,0.1978
615,105,108.287,4,0.9468,0.2882
406,162,712.324,1,0.667,0.0
444,195,275.858,16,0.8556,0.3572
818,21,591.695,18,0.5461,0.0
555,20,277.186,2,0.9544,0.0
565,67,252.075,14,0.3041,0.0
806,61,173.536,9,0.5749,0.1501
428,180,291.565,20,0.6206,0.284
824,102,630.246,17,0.8231,0.1238
720,163,476.561,14,0.4496,0.0614
884,134,38.698,7,0.3504,0.1364
458,145,389.81,8,0.9116,0.1027
559,192,358.644,10,0.4937,0.0135
129,118,494.76,9,0.7568,0.0179
112,156,543.952,2,0.7631,0.0
108,54,407.545,1,0.9772,0.0106
634,52,630.71,14,0.9661,0.1591
326,118,462.439,2,0.3195,0.0018
289,181,243.703,10,0.3976,0.0
603,11,271.267,3,0.416,0.0
399,101,618.217,10,0.8303,0.0252
135,41,187.444,8,0.7591,0.2378
558,177,103.059,2,0.491,0.0
551,104,541.793,6,0.682,0.0189
140,9,308.078,2,0.7624,0.0316
270,1,163.589,9,0.5171,0.1168
238,128,597.392,2,0.7314,0.0058
696,47,133.581,9,0.4203,0.0907
250,9,527.488,2,0.7244,0.0
29,31,245.262,8,0.827,0.1774
267,31,513.041,7,0.7956,0.0
470,70,556.592,11,0.3553,0.0237
770,144,113.659,9,0.4927,0.1917
53,172,593.957,19,0.9671,0.2519
882,107,445.476,18,0.4977,0.0506
331,190,618.606,11,0.3666,0.0143
343,159,23.124,1,0.4892,0.0501
16,34,545.044,17,0.7571,0.0635
277,148,709.869,14,0.9899,0.0918
470,47,506.229,16,0.8665,0.1776
627,193,660.857,19,0.7529,0.0805
768,170,298.917,9,0.6537,0.1103
523,13,505.304,10,0.3158,0.0
101,35,408.608,5,0.6037,0.0103
392,89,241.688,2,0.4953,0.0001
736,149,448.896,1,0.4779,0.0
640,111,260.128,15,0.5497,0.1466
585,18,683.57,2,0.9483,0.0
509,126,574.404,18,0.596,0.065
505,130,627.093,5,0.477,0.0002
994,186,457.895,11,0.7384,0.0236
600,54,605.208,18,0.8522,0.1165
598,8,264.438,4,0.3812,0.0361
336,150,476.399,3,0.6599,0.0089
491,141,240.652,8,0.8554,0.1813
711,104,428.221,17,0.4623,0.0383
859,139,51.895,6,0.6903,0.3971
780,36,570.375,10,0.316,0.0231
663,26,303.927,13,0.5393,0.0768
779,81,708.463,13,0.6254,0.0
33,179,618.006,17,0.6654,0.0551
270,103,442.527,3,0.7739,0.0
244,128,191.786,20,0.8725,0.546
654,200,453.705,16,0.8004,0.2161
754,61,544.954,20,0.3145,0.0
149,97,340.262,2,0.4973,0.0
193,138,426.792,16,0.9245,0.2927
496,31,630.992,11,0.8481,0.0274
969,81,99.212,16,0.9529,0.7527
3,112,359.874,3,0.5658,0.0236
880,61,623.479,10,0.8923,0.065
194,45,281.937,18,0.7025,0.3066
269,88,636.603,17,0.6652,0.0855
632,176,402.129,12,0.9795,0.2189
729,84,289.273,14,0.6352,0.2229
875,167,713.928,11,0.6934,0.0
6,136,116.971,18,0.8059,0.5749
50,26,250.375,6,0.7867,0.0785
479,183,158.641,19,0.4678,0.2615
559,118,707.806,11,0.4954,0.0175
261,114,108.597,20,0.3296,0.1834
637,140,86.372,1,0.6043,0.0167
266,9,190.385,11,0.7153,0.2416
933,51,438.379,10,0.5587,0.0016
178,159,191.009,10,0.6931,0.2672
656,126,235.853,5,0.3564,0.0383
531,78,384.787,8,0.637,0.0237
104,93,458.174,18,0.7289,0.1515
605,124,417.668,3,0.792,0.0068
147,97,442.969,6,0.7222,0.043
540,92,483.217,13,0.5552,0.0448
636,111,631.689,11,0.9214,0.0563
73,57,486.222,20,0.8812,0.2794
216,115,519.221,1,0.9953,0.0021
296,139,285.794,6,0.3065,0.0409
929,142,680.181,15,0.3425,0.0
222,125,582.039,4,0.7655,0.0036
921,91,419.8,4,0.687,0.0207
534,132,323.143,6,0.5113,0.0
949,145,14.11,20,0.3469,0.3055
832,63,710.287,10,0.3402,0.0217
293,98,102.31,6,0.8385,0.3678
560,136,366.785,17,0.6205,0.1622
717,133,246.427,14,0.6935,0.2726
79,100,235.094,6,0.5047,0.0173
664,53,302.303,20,0.4499,0.1566
460,183,412.376,20,0.7681,0.2902
36,109,7.697,16,0.3768,0.3548
868,109,111.368,8,0.9671,0.5473
266,94,441.687,7,0.5246,0.0106
875,153,532.46,6,0.8975,0.0
207,61,486.228,19,0.6673,0.1745
542,188,713.517,2,0.8933,0.0
371,13,34.84,5,0.8687,0.6439
893,3,371.183,4,0.8945,0.0105
954,103,301.601,13,0.4995,0.0424
771,172,143.62,2,0.4151,0.0273
846,2,641.206,15,0.7894,0.0992
769,136,103.765,3,0.5134,0.0131
294,78,363.554,8,0.5193,0.0
921,5,138.739,4,0.4671,0.024
531,75,314.547,17,0.84,0.3416
344,130,569.28,13,0.8827,0.1296
193,127,504.577,10,0.3158,0.0
710,170,504.447,19,0.9525,0.3317
278,198,155.244,18,0.809,0.5137
653,11,16.945,12,0.452,0.4117
66,172,518.588,5,0.7851,0.0001
635,2,76.846,3,0.6991,0.172
643,196,281.243,18,0.9424,0.4392
525,155,607.702,15,0.7844,0.0586
657,191,295.121,11,0.6003,0.1073
994,14,335.377,2,0.4101,0.0324
839,15,689.737,9,0.8567,0.0311
440,198,654.569,20,0.9798,0.2193
872,57,65.885,5,0.8565,0.4827
955,77,624.197,7,0.7984,0.0095
161,60,356.363,3,0.9282,0.0
359,32,574.641,7,0.7993,0.0224
744,15,253.852,6,0.9783,0.161
515,28,689.224,16,0.628,0.0121
135,170,573.623,8,0.813,0.0304
473,6,323.848,14,0.7074,0.1582
374,180,260.038,12,0.3958,0.0601
739,45,152.348,6,0.4763,0.0504
516,121,198.646,15,0.5593,0.2079
140,52,318.565,18,0.4682,0.1181
50,179,255.36,1,0.361,0.0
288,9,463.942,15,0.3012,0.0
157,143,457.771,20,0.574,0.1308
877,187,139.718,12,0.4122,0.1197
272,89,188.117,5,0.9884,0.1088
635,91,33.019,2,0.6359,0.2198
128,30,275.678,14,0.8888,0.3706
442,176,341.148,3,0.6428,0.013
935,192,76.114,17,0.6198,0.4712
644,100,61.75,16,0.809,0.6529
289,139,193.191,9,0.9257,0.3324
748,152,354.08,13,0.5161,0.071
502,71,708.081,9,0.5434,0.0019
236,1,658.896,16,0.8586,0.1079
997,26,287.162,1,0.4586,0.0
938,180,400.602,11,0.9871,0.2151
567,160,403.177,9,0.8368,0.0963
34,19,247.348,10,0.5705,0.0784
412,161,617.013,19,0.3959,0.0133
514,177,210.317,11,0.813,0.2674
930,109,307.801,8,0.5992,0.056
733,91,653.014,14,0.7439,0.0615
223,200,249.391,18,0.3823,0.0889
511,175,368.229,17,0.3397,0.0163
180,78,626.887,15,0.4682,0.0489
474,96,236.14,19,0.5684,0.2158
536,189,692.444,18,0.4592,0.0
510,185,146.955,5,0.5157,0.0369
428,127,492.763,4,0.8709,0.0
438,130,43.697,10,0.3587,0.1415
797,148,386.939,14,0.6759,0.1685
506,58,115.183,19,0.5716,0.3518
43,184,452.69,2,0.5316,0.0277
741,59,444.304,18,0.6444,0.1396
618,167,300.145,10,0.9582,0.289
696,165,665.916,13,0.8225,0.039
711,58,641.866,15,0.7504,0.122
174,162,529.319,5,0.9702,0.0
972,174,518.29,4,0.5544,0.0044
991,100,49.59,7,0.8204,0.5615
146,108,233.299,20,0.4222,0.1621
219,102,146.675,15,0.344,0.1184
247,9,280.059,10,0.6774,0.0717
967,109,79.048,16,0.8308,0.6419
933,135,229.49,9,0.7612,0.222
266,113,411.283,2,0.5593,0.0
631,100,120.074,18,0.9399,0.6907
244,101,76.591,17,0.5469,0.3871
39,108,508.959,18,0.5761,0.0638
231,186,178.163,13,0.4044,0.1293
78,83,344.574,19,0.9409,0.4052
848,45,603.759,20,0.3604,0.0124
786,13,272.866,14,0.7915,0.3035
185,175,71.423,16,0.4933,0.3457
568,37,565.549,14,0.5517,0.0475
206,84,531.856,8,0.4677,0.0
566,152,439.551,5,0.5572,0.0
896,36,387.531,13,0.5515,0.0619
880,47,541.701,15,0.8618,0.1475
834,128,254.676,16,0.9684,0.4901
242,126,237.713,13,0.3671,0.0473
191,49,451.924,15,0.4247,0.0304
161,109,120.246,7,0.8803,0.3948
128,141,456.103,1,0.8316,0.0143
614,45,624.353,20,0.7331,0.1158
659,89,371.129,4,0.5058,0.0181
883,57,60.168,10,0.4558,0.2541
91,189,477.43,19,0.9601,0.3789
266,77,625.979,15,0.474,0.0425
728,172,142.131,19,0.4937,0.3076
682,177,440.965,14,0.532,0.0446
428,34,142.328,1,0.7795,0.0
153,189,590.289,1,0.6897,0.0
485,10,182.417,16,0.817,0.4308
172,78,453.374,10,0.7294,0.0572
536,32,424.515,11,0.8236,0.1529
902,10,270.148,13,0.9104,0.3372
196,111,648.385,12,0.6822,0.0146
118,121,648.992,20,0.4754,0.045
738,117,245.191,1,0.5821,0.0
25,84,250.951,4,0.4107,0.02
984,158,471.662,2,0.9463,0.0294
775,99,204.834,14,0.6065,0.2641
404,108,219.101,11,0.8849,0.3517
363,89,15.305,9,0.9587,0.8912
387,42,68.092,18,0.5516,0.4262
397,131,473.956,10,0.3895,0.0249
840,166,231.318,17,0.8467,0.4592
800,61,58.952,4,0.7149,0.3049
205,93,669.784,7,0.822,0.0
180,179,213.258,11,0.5676,0.1159
541,42,150.952,18,0.3046,0.107
651,85,376.32,1,0.8566,0.0105
728,54,598.198,9,0.9567,0.0362
314,69,628.352,9,0.9113,0.0357
483,92,220.01,16,0.8329,0.4781
105,185,534.483,9,0.5223,0.0401
456,3,376.923,7,0.4934,0.056
688,72,428.824,4,0.5265,0.0205
305,174,317.091,15,0.7361,0.2613
319,17,128.03,20,0.8167,0.5727
463,102,590.802,16,0.6078,0.0771
867,32,391.992,15,0.6256,0.1216
605,112,289.633,12,0.7124,0.2011
920,143,486.402,20,0.459,0.0532
62,128,306.754,5,0.9786,0.0444
850,113,611.434,15,0.4942,0.0028
44,149,98.132,6,0.9857,0.5334
323,107,22.028,10,0.3735,0.2694
427,123,410.179,3,0.7001,0.0089
237,17,185.299,13,0.8972,0.4572
990,5,85.555,9,0.3756,0.1588
893,33,22.322,4,0.7213,0.486
572,108,554.788,16,0.3845,0.0
453,80,691.081,4,0.4453,0.0
762,74,443.532,15,0.3915,0.0025
708,90,556.404,10,0.5571,0.029
481,198,603.78,20,0.4815,0.0
828,76,580.004,5,0.9474,0.0
193,89,235.603,11,0.9851,0.3781
278,101,2.192,16,0.4945,0.4812
18,155,452.439,9,0.8476,0.0593
120,147,682.286,6,0.8449,0.0063
199,196,639.074,7,0.5338,0.0193
625,128,3.921,2,0.4587,0.3385
856,191,651.077,18,0.8397,0.1496
591,123,8.313,12,0.5174,0.4834
446,108,382.843,10,0.3042,0.0088
271,112,613.986,12,0.5319,0.0002
102,97,299.84,1,0.7713,0.0279
585,41,492.532,6,0.5038,0.0
141,74,167.778,2,0.5138,0.0359
791,121,698.509,3,0.4199,0.0384
409,122,32.221,18,0.4625,0.3876
351,32,455.419,13,0.8048,0.1427
27,161,25.519,1,0.8001,0.2174
243,143,30.584,15,0.9068,0.832
14,106,194.995,14,0.6405,0.2074
726,91,11.431,4,0.6363,0.4541
490,112,149.677,7,0.6325,0.158
786,117,111.267,15,0.5142,0.3077
566,86,656.621,7,0.9739,0.0279
955,173,30.32,14,0.3566,0.2914
784,32,440.695,9,0.8108,0.0728
148,75,482.955,16,0.6345,0.0892
117,80,591.228,11,0.9471,0.1143
890,20,264.825,2,0.3318,0.0
270,18,131.177,13,0.7802,0.4774
766,179,88.134,20,0.6068,0.4425
629,155,103.05,16,0.3066,0.1269
702,73,377.529,14,0.5961,0.1241
267,54,429.897,3,0.6201,0.0044
314,82,567.771,6,0.8124,0.0184
555,141,579.309,19,0.7589,0.1658
23,60,606.88,18,0.8014,0.0775
312,14,115.391,1,0.8175,0.0123
508,85,536.752,12,0.6892,0.0491
205,120,52.826,17,0.7862,0.6303
286,105,634.061,4,0.6707,0.0
984,35,378.496,20,0.6696,0.2146
290,169,462.08,18,0.9276,0.2683
903,127,446.437,12,0.3182,0.0088
928,145,401.966,15,0.9445,0.27
674,192,377.05,2,0.9291,0.0
153,103,663.956,6,0.8053,0.0
206,116,251.154,3,0.8858,0.0368
935,153,560.842,11,0.3275,0.0351
2,155,260.926,17,0.6887,0.2867
504,170,33.518,8,0.572,0.4084
597,141,272.475,8,0.7271,0.1159
839,12,109.063,1,0.5203,0.0194
896,71,317.5,4,0.7977,0.0101
284,119,59.503,10,0.6698,0.4391
503,89,565.629,10,0.3594,0.0446
634,9,425.619,5,0.8218,0.0035
966,54,27.74,4,0.5346,0.3099
557,62,464.952,4,0.8318,0.0
122,8,687.362,14,0.767,0.0962
925,153,46.04,2,0.958,0.3849
513,76,257.155,8,0.8169,0.1677
180,159,644.283,5,0.4438,0.0255
191,175,24.559,7,0.4868,0.3571
205,177,661.429,16,0.936,0.1745
722,182,711.904,17,0.4723,0.0117
949,100,281.087,8,0.6903,0.0891
442,49,335.064,17,0.7787,0.2554
98,17,711.489,3,0.3718,0.0
889,125,43.598,16,0.418,0.3011
635,26,229.401,4,0.7313,0.0284
571,49,46.165,7,0.6842,0.4401
61,49,537.486,14,0.3212,0.0643
971,55,469.043,7,0.7997,0.047
77,75,621.752,9,0.3428,0.0089
611,67,137.389,3,0.8226,0.0834
598,106,392.703,13,0.4295,0.0302
514,192,513.515,10,0.6684,0.0558
552,130,203.293,2,0.7446,0.003
398,136,640.615,5,0.4852,0.0
574,33,142.878,15,0.5644,0.2682
364,23,85.549,8,0.6864,0.3294
474,38,202.668,20,0.8688,0.5127
679,170,574.419,19,0.7374,0.1543
743,35,514.347,16,0.5197,0.0585
154,197,641.692,19,0.5643,0.0674
993,151,444.28,15,0.7142,0.0985
97,166,661.122,9,0.6701,0.0329
276,61,391.335,4,0.9789,0.0055
347,32,661.251,13,0.6847,0.0216
324,34,626.596,9,0.511,0.0
352,172,341.141,20,0.974,0.435
324,87,5.156,4,0.9954,0.9183
437,82,709.757,11,0.4886,0.0
764,50,358.159,16,0.7584,0.2099
828,72,533.613,11,0.3016,0.0228
349,74,325.916,15,0.971,0.4036
259,150,261.016,1,0.9257,0.0209
677,165,258.246,3,0.4944,0.0
60,94,256.152,1,0.3221,0.0
446,67,417.403,15,0.4226,0.0529
221,91,581.695,14,0.9274,0.1056
608,35,409.929,12,0.6858,0.0344
79,14,378.952,9,0.6371,0.0089
830,47,221.124,20,0.8275,0.4814
270,5,333.499,10,0.6752,0.0849
515,7,129.864,20,0.8507,0.5873
573,48,536.296,3,0.8744,0.004
476,181,563.996,2,0.4804,0.0158
448,38,172.099,17,0.6715,0.4225
267,140,408.462,17,0.6228,0.158
773,30,205.412,13,0.7743,0.3379
516,93,703.739,4,0.5879,0.0228
216,122,215.513,9,0.5734,0.1645
263,113,622.184,11,0.9233,0.0504
439,160,504.381,17,0.8635,0.1714
844,51,695.251,11,0.9738,0.0941
962,149,518.156,13,0.3809,0.0004
389,81,438.798,6,0.6092,0.0
396,90,331.792,1,0.872,0.0
130,64,339.481,15,0.8274,0.2433
546,200,1.394,2,0.6101,0.5544
240,165,717.783,11,0.5854,0.0224
820,93,408.907,9,0.7568,0.0474
535,149,422.822,13,0.8103,0.1148
222,184,130.33,12,0.8541,0.504
917,57,311.321,14,0.4135,0.0344
816,66,158.131,2,0.6122,0.0132
301,153,157.944,9,0.7408,0.2704
121,57,394.455,7,0.8426,0.0379
265,19,173.825,1,0.3453,0.0315
377,120,480.118,20,0.7605,0.176
407,41,271.49,6,0.377,0.0304
823,118,271.533,2,0.5693,0.0012
968,22,505.737,4,0.4603,0.025
748,96,483.085,15,0.3642,0.0099
846,48,290.944,16,0.4147,0.0749
126,106,669.697,5,0.7183,0.0096
150,46,236.676,5,0.6563,0.0682
909,51,517.367,10,0.923,0.0981
614,181,571.559,8,0.4601,0.0
236,197,157.542,12,0.3545,0.0816
792,66,341.688,9,0.5867,0.067
175,130,15.583,11,0.8339,0.8064
769,72,238.003,17,0.3733,0.069
884,35,194.748,14,0.3065,0.0318
489,20,555.582,17,0.8151,0.1248
657,179,159.312,5,0.3556,0.0304
732,14,18.801,5,0.5588,0.4418
881,99,17.518,10,0.5424,0.5117
584,44,549.992,9,0.3027,0.0
294,153,103.655,17,0.9893,0.7707
202,27,463.887,5,0.7357,0.0
356,116,145.524,9,0.4723,0.1003
57,69,159.957,20,0.5657,0.3129
699,105,580.73,7,0.7659,0.0
370,38,491.227,11,0.8505,0.114
712,24,471.427,10,0.5828,0.0448
62,36,668.682,1,0.6908,0.0174
322,116,626.614,5,0.537,0.0003
396,130,609.792,2,0.3129,0.022
88,181,98.445,19,0.4694,0.2869
829,189,119.921,18,0.6645,0.4031
598,151,707.113,6,0.5037,0.0
845,3,415.311,8,0.3735,0.0
802,141,395.792,18,0.928,0.406
35,142,364.347,19,0.7975,0.3128
866,142,529.905,12,0.9076,0.1203
70,132,428.354,14,0.5723,0.0911
872,138,108.347,20,0.8044,0.6246
670,118,74.217,11,0.7441,0.5128
820,124,218.384,6,0.5426,0.03
500,139,626.5,17,0.5375,0.0107
161,9,289.902,18,0.7104,0.286
150,102,628.103,15,0.3083,0.0246
119,26,412.61,17,0.364,0.0
806,186,669.288,12,0.7552,0.0472
534,198,636.853,12,0.8426,0.0719
217,32,271.008,2,0.3464,0.0
125,179,397.053,3,0.6272,0.0006
79,95,511.142,17,0.8122,0.1376
259,135,33.349,20,0.5825,0.5226
750,131,115.55,17,0.3859,0.1974
893,24,525.768,15,0.7522,0.1259
609,182,658.512,18,0.9548,0.2041
996,129,218.975,11,0.9303,0.4085
395,98,283.994,3,0.9084,0.0
333,123,629.648,6,0.974,0.0291
693,196,192.019,20,0.8666,0.5377
135,130,666.816,18,0.4827,0.0
912,132,102.026,9,0.8908,0.5111
781,176,181.88,2,0.8486,0.0
35,140,25.998,5,0.8017,0.6205
188,29,67.771,16,0.9048,0.7167
628,164,184.044,15,0.3052,0.079
739,180,471.877,18,0.6616,0.1367
219,147,145.025,16,0.8523,0.5592
747,31,676.332,16,0.5161,0.0115
475,105,251.365,1,0.4248,0.0
676,11,373.677,6,0.3977,0.0
424,155,478.937,7,0.7152,0.0155
455,192,98.604,13,0.6598,0.3977
390,8,495.303,10,0.5654,0.0354
157,22,87.247,3,0.9359,0.2485
191,187,595.01,17,0.8132,0.1499
168,160,351.672,8,0.6763,0.0269
803,165,64.82,1,0.8455,0.058
424,42,509.644,17,0.5708,0.0948
380,128,55.599,16,0.6354,0.4896
856,166,701.68,19,0.911,0.1923
888,14,326.88,19,0.885,0.4003
234,57,276.008,8,0.757,0.0894
355,59,226.839,19,0.6024,0.2679
412,109,324.215,16,0.8349,0.3153
840,51,562.547,5,0.821,0.0
672,69,374.752,14,0.5729,0.0645
545,52,463.366,13,0.5384,0.0409
236,13,41.793,6,0.8747,0.5962
386,135,613.283,10,0.8935,0.0114
29,128,380.686,5,0.4057,0.0261
705,176,377.442,13,0.867,0.265
919,116,182.066,10,0.6363,0.2098
787,137,56.103,11,0.608,0.425
310,72,242.299,14,0.5329,0.1251
483,78,589.406,19,0.5592,0.0783
958,83,394.093,9,0.8571,0.0901
426,194,190.172,15,0.7518,0.4076
840,95,427.231,10,0.5736,0.0358
578,173,253.259,11,0.7704,0.2406
499,65,161.446,5,0.6309,0.0906
586,138,532.849,20,0.6329,0.093
224,55,120.837,12,0.9632,0.6536
426,80,421.318,19,0.6568,0.175
305,172,528.381,14,0.8041,0.0827
758,137,44.852,3,0.7501,0.3
613,98,501.072,13,0.7625,0.0385
400,82,8.74,13,0.7298,0.7004
823,160,584.597,17,0.5044,0.0255
453,32,200.599,19,0.9579,0.6292
954,170,111.066,1,0.4826,0.0435
606,124,94.292,17,0.7782,0.5926
886,66,313.989,13,0.6889,0.1154
987,140,207.817,18,0.6253,0.3056
327,199,337.791,8,0.4554,0.0
261,70,608.878,13,0.8005,0.0748
836,79,76.027,4,0.3488,0.0718
232,186,187.951,2,0.9035,0.0
753,69,82.03,1,0.8483,0.0
177,171,458.884,1,0.8268,0.0
870,180,448.793,10,0.3256,0.0
690,117,610.988,7,0.9847,0.0227
522,17,525.394,7,0.3717,0.0019
450,13,503.759,13,0.5456,0.0
638,57,115.99,19,0.6358,0.41
389,4,589.9,19,0.9394,0.2623
398,153,5.758,12,0.8187,0.835
205,128,514.894,8,0.5052,0.0345
158,91,586.582,9,0.7988,0.0554
892,163,163.535,13,0.4378,0.1389
750,27,224.833,19,0.6455,0.261
444,101,174.691,11,0.4045,0.0987
832,68,590.15,9,0.3888,0.0
608,5,303.318,5,0.9505,0.0083
600,96,262.012,2,0.7695,0.0095
113,29,361.877,7,0.3721,0.0
539,10,526.12,16,0.5745,0.0552
108,43,475.72,8,0.9067,0.039
684,39,509.727,17,0.4814,0.0153
68,126,682.192,16,0.8822,0.1223
515,159,184.068,16,0.3433,0.0785
368,98,149.361,14,0.4912,0.1922
131,129,468.079,1,0.717,0.0
473,21,105.587,10,0.5928,0.2519
201,158,463.472,15,0.835,0.1608
245,101,688.356,20,0.8704,0.187
890,86,330.357,16,0.3455,0.0456
350,174,154.982,6,0.5368,0.0287
404,63,716.312,12,0.926,0.0632
7,88,276.016,15,0.747,0.2526
301,186,82.43,17,0.5319,0.4141
352,30,299.897,3,0.7117,0.0
720,105,63.572,19,0.437,0.2944
120,116,60.361,10,0.9755,0.7326
930,141,34.687,18,0.855,0.8105
129,186,327.306,16,0.5353,0.0644
653,69,330.755,11,0.576,0.0381
5,24,528.199,10,0.8379,0.0623
820,80,392.019,6,0.7314,0.0296
697,32,619.386,12,0.6812,0.0428
838,146,628.548,6,0.4396,0.0
932,114,123.477,10,0.6941,0.3119
834,152,30.193,5,0.9578,0.7484
622,68,508.704,5,0.5551,0.0
839,191,7.682,19,0.8063,0.7595
97,180,283.894,18,0.3149,0.0565
646,184,39.355,12,0.8522,0.7552
990,143,330.661,14,0.7933,0.2158
378,38,324.045,1,0.3587,0.0
976,30,609.016,15,0.9621,0.1425
507,192,465.009,20,0.991,0.3917
469,175,290.103,19,0.7739,0.3855
301,177,366.978,2,0.7929,0.0023
108,129,395.6,14,0.6492,0.1024
877,172,163.22,10,0.3059,0.0306
721,99,558.399,2,0.6702,0.003
401,33,336.653,16,0.927,0.2972
962,52,459.429,13,0.7359,0.0574
184,171,23.414,6,0.9751,0.8596
779,130,80.278,11,0.9576,0.7424
453,200,424.683,8,0.4893,0.0
625,180,535.977,5,0.8064,0.0
38,152,231.315,9,0.7882,0.2315
611,8,680.952,12,0.9997,0.1172
680,38,611.574,2,0.54,0.0231
978,76,377.87,14,0.3654,0.0
347,8,460.908,10,0.3593,0.0
74,188,427.284,12,0.656,0.0312
62,46,220.422,3,0.8617,0.0121
150,77,45.553,4,0.6844,0.3288
300,135,579.388,11,0.9936,0.1182
831,8,331.871,13,0.8815,0.2921
196,128,606.216,13,0.9779,0.1035
146,21,269.979,1,0.3687,0.0206
32,181,10.778,10,0.3676,0.3533
384,139,91.817,4,0.9535,0.4166
604,68,113.628,11,0.5452,0.2519
282,141,526.437,16,0.3443,0.0063
496,63,23.574,20,0.4983,0.4456
244,24,590.003,10,0.3931,0.0046
801,2,497.442,10,0.8643,0.1336
26,44,233.143,12,0.9605,0.4337
201,142,376.057,2,0.8571,0.005
567,113,671.198,7,0.3814,0.0
843,55,50.68,7,0.8112,0.5691
402,138,261.931,12,0.3118,0.0
70,78,281.826,4,0.5048,0.0353
552,32,693.498,1,0.3759,0.0
271,136,702.176,7,0.9069,0.0
305,92,605.856,1,0.5093,0.0
923,133,275.347,15,0.9388,0.3984
942,113,640.422,19,0.3051,0.0009
259,21,348.785,14,0.6326,0.1153
592,10,463.899,6,0.9516,0.0212
541,21,668.124,15,0.4823,0.0529
962,45,178.991,17,0.6886,0.3507
947,45,619.831,18,0.4943,0.01
351,184,287.757,11,0.3875,0.0238
26,157,627.355,9,0.9027,0.0256
3,176,395.089,2,0.4166,0.0043
5,95,178.437,10,0.6824,0.2043
782,65,551.294,2,0.6827,0.0035
740,81,83.351,8,0.3099,0.0297
828,174,103.653,2,0.9107,0.0616
140,72,107.106,8,0.3605,0.0652
59,127,605.121,11,0.5463,0.0
171,29,627.366,7,0.4696,0.0
626,197,412.49,7,0.3775,0.0
9,129,201.51,15,0.6272,0.2558
662,194,284.133,20,0.8748,0.4536
889,59,132.603,6,0.964,0.363
146,124,3.245,3,0.3092,0.2694
739,55,604.618,1,0.9892,0.0
553,94,140.537,8,0.7775,0.2997
945,65,57.408,10,0.5807,0.3749
244,29,95.335,1,0.6556,0.0685
227,89,666.801,10,0.605,0.0057
17,107,261.843,13,0.4735,0.0533
706,32,466.799,10,0.939,0.1108
867,80,23.011,2,0.3552,0.0592
19,19,381.199,10,0.632,0.0
492,130,537.729,14,0.9023,0.1546
725,63,47.689,10,0.5844,0.4412
782,18,215.578,15,0.4917,0.1576
931,103,232.193,19,0.5829,0.2459
723,167,638.903,20,0.9587,0.2609
921,199,479.083,5,0.7306,0.0
994,194,623.128,5,0.4045,0.0
928,35,270.703,4,0.8342,0.0404
438,42,425.818,14,0.3127,0.0
408,179,373.016,12,0.4323,0.0336
428,127,199.157,7,0.7276,0.1544
951,109,304.431,4,0.3587,0.0002
282,161,176.759,7,0.324,0.0162
753,13,12.153,4,0.737,0.634
626,111,697.098,18,0.9911,0.1857
62,115,689.835,10,0.3863,0.0183
487,188,593.522,18,0.9992,0.3093
195,94,126.102,18,0.6517,0.4213
729,103,15.009,6,0.8713,0.7821
448,161,141.489,3,0.726,0.0811
357,55,627.589,12,0.5709,0.0406
66,14,110.723,3,0.3893,0.0045
131,95,168.517,15,0.745,0.3539
765,123,497.859,14,0.9693,0.1867
863,98,344.013,7,0.5108,0.0146
292,142,471.056,11,0.6132,0.0231
829,51,405.623,4,0.6316,0.0
553,3,412.396,5,0.3779,0.0085
352,158,628.431,17,0.314,0.0
452,171,157.175,8,0.935,0.4224
691,124,100.663,11,0.7983,0.4767
910,63,291.823,17,0.9911,0.4819
493,75,385.157,6,0.9399,0.0457
347,96,353.364,10,0.9409,0.1869
761,85,388.923,1,0.4206,0.0071
526,45,350.307,3,0.677,0.0
391,75,373.109,18,0.5802,0.1307
460,60,671.016,17,0.7451,0.1019
536,90,36.39,9,0.867,0.7354
141,76,678.018,9,0.9932,0.0536
58,106,423.0,12,0.3534,0.0187
665,162,34.915,11,0.807,0.6979
175,67,38.962,3,0.8408,0.4753
532,12,411.707,4,0.8571,0.012
782,164,496.29,2,0.4825,0.0
215,38,374.842,12,0.4,0.0
382,186,323.458,8,0.5631,0.0219
979,106,199.841,12,0.5908,0.1975
36,105,436.937,5,0.8605,0.0322
756,82,646.316,8,0.9961,0.022
168,143,304.426,1,0.9082,0.0
906,131,501.051,9,0.4744,0.0165
412,187,12.999,4,0.6024,0.5114
7,4,324.227,20,0.8772,0.4619
718,39,548.558,14,0.5924,0.0514
148,56,606.254,11,0.3841,0.0
364,38,386.919,6,0.637,0.0
503,190,408.107,7,0.812,0.0819
746,15,100.106,20,0.8539,0.6781
419,25,213.105,4,0.8336,0.0506
859,89,480.693,19,0.4483,0.0293
482,53,552.259,18,0.6756,0.1398
342,67,59.439,7,0.4006,0.1587
338,121,691.899,4,0.3714,0.0307
801,113,686.592,16,0.8966,0.1416
665,173,135.476,18,0.4859,0.2479
127,91,33.024,4,0.8034,0.5674
751,188,245.876,19,0.8249,0.4291
416,39,690.281,10,0.4502,0.0
349,39,319.247,16,0.3297,0.0622
98,79,226.202,9,0.5351,0.0963
999,24,644.227,15,0.654,0.032
53,6,97.109,18,0.5529,0.3896
997,75,677.615,5,0.514,0.0281
65,108,582.574,9,0.3191,0.0171
506,56,276.484,11,0.7019,0.1449
105,55,567.013,4,0.6309,0.0082
493,20,544.526,3,0.9295,0.0
836,23,417.712,14,0.3941,0.0079
591,177,562.751,17,0.6517,0.0706
544,14,360.318,13,0.669,0.1398
119,141,606.617,12,0.6551,0.0499
948,143,571.269,7,0.3503,0.0
376,41,652.605,18,0.4196,0.0227
539,50,574.326,15,0.3275,0.0014
898,74,663.121,10,0.4463,0.0105
629,132,128.696,13,0.6344,0.3701
735,8,200.026,16,0.8293,0.4326
185,164,326.05,4,0.5458,0.0
461,69,175.207,12,0.5331,0.1884
541,100,645.678,5,0.616,0.0026
176,182,129.841,8,0.721,0.2445
386,27,330.671,14,0.7694,0.258
832,190,375.817,17,0.5566,0.1135
932,123,628.663,13,0.4701,0.0313
824,86,186.954,19,0.6646,0.3485
934,15,698.127,1,0.7495,0.0
999,14,210.563,5,0.4954,0.0127
199,164,117.773,6,0.3376,0.0365
856,81,182.952,15,0.8875,0.531
621,153,634.436,2,0.927,0.0
859,167,110.16,5,0.7927,0.2747
639,81,23.467,20,0.8503,0.7704
125,64,210.3,8,0.9991,0.3257
563,54,392.305,10,0.4385,0.0171
761,128,257.111,19,0.4397,0.0953
125,142,116.135,11,0.7443,0.4522
505,70,262.532,5,0.9916,0.1043
655,114,498.805,3,0.704,0.0
465,108,314.277,7,0.9564,0.1104
800,30,412.574,10,0.968,0.1344
127,106,681.904,13,0.8925,0.096
346,152,538.858,20,0.695,0.1191
952,193,578.857,9,0.7943,0.0367
515,67,207.725,18,0.771,0.4035
181,48,368.442,1,0.6451,0.0239
117,179,248.439,10,0.3996,0.0398
594,184,349.118,8,0.3449,0.02
931,166,80.995,18,0.3089,0.2324
50,68,373.54,19,0.6884,0.1992
110,56,378.824,9,0.5747,0.0318
376,125,414.196,19,0.3715,0.0376
209,52,169.302,13,0.8196,0.4335
122,154,159.834,9,0.7361,0.2597
299,80,265.078,8,0.6236,0.0857
643,66,387.374,1,0.9649,0.0541
826,161,242.811,14,0.5928,0.1741
307,72,508.568,8,0.6541,0.0122
701,27,421.496,15,0.9166,0.2322
824,159,81.695,8,0.9451,0.5627
8,64,161.596,3,0.7082,0.0062
853,132,435.516,19,0.6595,0.1231
184,132,383.241,18,0.422,0.0222
686,17,244.552,7,0.3167,0.0
751,7,124.17,6,0.885,0.3099
846,165,662.751,12,0.537,0.0
404,12,323.872,16,0.935,0.3548
660,67,153.427,10,0.657,0.2236
27,153,519.184,19,0.4885,0.106
447,36,184.635,11,0.3595,0.031
964,105,191.628,6,0.6194,0.0584
159,24,595.567,15,0.9905,0.1964
152,112,653.697,20,0.8086,0.1178
701,143,337.288,14,0.6401,0.0928
511,50,455.432,16,0.3568,0.0
455,57,260.244,20,0.633,0.2651
249,107,456.393,15,0.4212,0.0235
172,159,524.307,18,0.6433,0.1135
738,110,519.266,3,0.4148,0.0107
358,141,29.787,4,0.3214,0.1636
777,83,71.451,10,0.9641,0.7095
444,26,509.876,16,0.8126,0.1595
398,193,383.158,10,0.9302,0.1443
231,160,679.225,17,0.4786,0.0147
659,10,75.012,18,0.6646,0.4929
285,56,712.571,7,0.5967,0.0
910,83,96.574,10,0.5093,0.2766
409,17,23.118,16,0.6649,0.5759
815,172,647.324,8,0.9853,0.078
470,35,363.159,2,0.5679,0.0292
415,42,206.768,9,0.4979,0.0707
454,64,411.911,15,0.3235,0.0
442,187,272.132,20,0.3226,0.0515
479,46,711.808,5,0.65,0.0
887,86,557.381,13,0.7279,0.1029
704,137,472.449,13,0.8754,0.1711
35,32,232.246,10,0.534,0.1127
59,18,19.095,18,0.7625,0.7127
23,19,574.206,16,0.3037,0.0005
691,37,34.896,2,0.3333,0.0524
206,66,81.901,6,0.8802,0.4521
386,189,424.283,1,0.4265,0.0378
828,184,545.106,18,0.8192,0.1614
132,114,294.735,11,0.8729,0.2771
154,188,424.322,13,0.9798,0.2219
80,6,701.037,5,0.4382,0.0
286,113,202.89,6,0.8826,0.1718
90,89,32.137,6,0.4645,0.2772
630,24,160.138,2,0.4292,0.0
737,111,321.736,9,0.7353,0.0453
185,92,559.813,11,0.4026,0.0055
525,153,302.153,15,0.7719,0.2417
304,84,424.224,16,0.8482,0.2197
81,86,407.599,8,0.9103,0.1042
467,47,351.492,7,0.3836,0.0
698,95,114.912,1,0.3749,0.0
229,16,49.44,20,0.6896,0.575
789,114,146.54,4,0.7682,0.147
993,77,194.907,11,0.8195,0.3537
57,55,135.455,12,0.3942,0.1185
164,75,138.97,18,0.787,0.5241
290,179,438.238,3,0.692,0.0
850,141,327.515,3,0.4688,0.0
143,171,180.523,20,0.4738,0.2518
471,79,170.153,11,0.9809,0.4936
538,79,103.558,4,0.8506,0.2354
130,3,498.252,20,0.4736,0.0105
43,137,342.936,15,0.3942,0.047
119,5,478.641,9,0.8283,0.0535
57,195,272.806,5,0.5125,0.0
501,138,61.664,16,0.3048,0.1457
937,94,592.675,16,0.7493,0.1464
354,133,30.416,15,0.6583,0.5663
257,199,264.906,16,0.4458,0.0772
235,33,421.502,7,0.9427,0.0839
982,150,478.604,17,0.8239,0.1464
959,174,347.119,17,0.4496,0.1053
649,118,575.311,2,0.996,0.0
464,133,345.563,9,0.5396,0.0199
160,102,601.871,17,0.4778,0.0
929,31,178.113,8,0.3699,0.0297
2,197,340.49,7,0.7569,0.0333
164,58,22.759,14,0.718,0.648
679,78,416.487,2,0.6102,0.0
184,195,290.14,5,0.6109,0.0134
109,12,490.615,4,0.6695,0.0
597,82,534.609,19,0.3565,0.0154
27,112,312.051,5,0.627,0.0
270,48,438.266,2,0.9388,0.039
643,135,527.197,11,0.8854,0.087
185,105,602.562,18,0.7544,0.1343
760,53,76.139,2,0.9471,0.1738
95,42,394.721,11,0.9831,0.2339
614,58,665.911,20,0.7972,0.1239
77,159,204.86,14,0.3789,0.0656
732,105,452.785,12,0.3356,0.0023
754,159,203.626,20,0.8538,0.4658
795,144,578.868,2,0.7048,0.0073
283,161,535.354,20,0.707,0.1257
237,172,683.672,4,0.6828,0.0
979,124,503.401,18,0.3301,0.03
730,73,352.422,16,0.3605,0.0268
184,139,389.833,16,0.4587,0.0362
30,189,561.289,9,0.727,0.0251
355,65,531.408,12,0.6904,0.0313
666,98,85.264,11,0.3048,0.104
375,176,215.723,5,0.5775,0.0011
808,120,491.553,20,0.4029,0.0544
501,29,73.085,9,0.5492,0.2657
992,71,475.277,15,0.6454,0.0933
871,51,621.745,12,0.6154,0.0
472,96,265.091,2,0.8656,0.0
835,199,157.353,5,0.3583,0.0181
449,168,614.965,20,0.4517,0.0014
10,193,346.96,13,0.649,0.1275
309,149,599.308,8,0.823,0.0178
410,102,56.691,12,0.9148,0.7271
977,132,152.88,11,0.6413,0.2629
828,100,1.249,15,0.9437,0.9722
147,9,322.942,19,0.7151,0.2714
1,24,635.17,13,0.8856,0.0596
529,111,464.777,4,0.5526,0.0
534,132,13.336,18,0.5124,0.46
736,51,18.304,3,0.8265,0.5958
260,7,518.765,9,0.6821,0.0298
813,14,67.269,5,0.6929,0.3238
413,63,158.97,12,0.8479,0.4532
335,173,503.022,19,0.7646,0.1006
421,84,179.528,13,0.4654,0.1438
945,195,353.193,1,0.395,0.0
392,179,284.922,7,0.3108,0.0161
561,172,247.847,5,0.8095,0.0907
892,194,182.237,14,0.6902,0.2759
19,49,293.706,8,0.5537,0.0295
537,195,132.015,7,0.3827,0.068
709,185,687.392,19,0.435,0.0222
904,160,228.158,16,0.7498,0.3665
62,39,524.997,11,0.4057,0.0313
727,58,211.064,19,0.6837,0.3401
803,131,189.149,15,0.6031,0.2324
352,10,347.812,6,0.7776,0.0139
747,165,527.542,8,0.8782,0.0605
494,86,3.319,12,0.9362,0.941
659,5,123.614,8,0.9627,0.5
390,60,557.624,18,0.623,0.0776
178,80,254.46,9,0.7902,0.19
829,132,615.955,12,0.7502,0.0461
217,121,96.362,2,0.6648,0.0221
188,75,585.449,9,0.7111,0.0459
887,124,448.106,7,0.8363,0.0046
937,179,121.728,14,0.8999,0.6226
610,71,9.382,18,0.4586,0.4088
581,75,634.66,9,0.3557,0.0075
361,21,208.35,1,0.4511,0.0282
612,76,174.162,10,0.8569,0.3868
610,57,132.779,9,0.6942,0.2888
517,152,255.93,20,0.7507,0.3245
656,23,377.417,4,0.8291,0.0
555,119,344.198,8,0.4426,0.0177
880,155,612.953,1,0.7774,0.0
668,52,142.486,19,0.4159,0.1818
386,14,537.629,16,0.687,0.0207
656,136,654.681,15,0.3892,0.0
231,118,27.024,13,0.4698,0.3912
215,113,540.999,9,0.718,0.0069
827,176,197.988,16,0.9655,0.5653
583,21,322.615,19,0.5664,0.1513
54,40,44.443,4,0.7469,0.4177
355,94,212.283,4,0.8953,0.0709
985,113,81.155,13,0.5077,0.2971
638,184,168.044,20,0.9064,0.6119
869,124,24.093,13,0.7795,0.6916
548,43,676.024,15,0.458,0.0317
43,171,644.684,7,0.6277,0.0
180,83,468.891,11,0.8627,0.1266
93,174,234.484,3,0.6295,0.0
735,56,679.205,9,0.7936,0.055
757,159,699.721,18,0.4853,0.0768
458,108,572.165,19,0.4765,0.0443
725,112,490.916,12,0.8537,0.1291
552,196,237.071,17,0.6095,0.2327
740,31,636.022,10,0.7773,0.0272
673,62,360.189,11,0.9911,0.2298
456,37,455.475,8,0.9943,0.0659
653,167,125.149,17,0.6376,0.4052
319,171,15.924,2,0.6945,0.4089
749,168,711.018,12,0.517,0.0187
914,48,447.654,7,0.7145,0.0378
207,52,493.579,15,0.8844,0.2182
668,81,36.756,11,0.4129,0.2724
111,155,303.758,13,0.3486,0.0
378,151,205.022,15,0.598,0.2463
670,198,601.747,4,0.6515,0.0168
278,157,349.841,16,0.3198,0.034
236,191,277.158,5,0.5526,0.0267
384,54,106.879,13,0.4005,0.1469
115,122,276.462,15,0.9827,0.4486
626,107,261.014,3,0.7314,0.0
132,31,566.747,6,0.7474,0.0225
334,190,610.291,5,0.3075,0.0128
313,24,273.364,18,0.3412,0.0661
968,171,295.7,7,0.5377,0.0263
992,54,702.174,11,0.3977,0.0027
80,45,272.613,9,0.3637,0.0025
158,121,452.79,3,0.5149,0.0042
733,94,97.485,4,0.963,0.3488
299,78,309.084,16,0.9536,0.4342
645,181,174.33,8,0.7013,0.2217
921,140,175.275,15,0.6387,0.3119
163,122,168.918,17,0.558,0.2963
964,158,342.046,14,0.9911,0.3715
53,161,212.136,4,0.4546,0.0
229,37,588.184,19,0.5313,0.0675
508,89,323.351,13,0.749,0.1621
881,182,39.969,15,0.8153,0.7473
554,163,316.11,19,0.3064,0.0
139,13,71.886,16,0.4638,0.2582
249,50,106.376,10,0.4109,0.1821
762,53,97.846,11,0.3641,0.1789
562,103,570.924,1,0.8255,0.0292
14,163,309.559,16,0.7418,0.2855
502,97,1.203,5,0.7696,0.728
407,37,368.675,9,0.4727,0.0391
1,112,145.297,10,0.9968,0.5213
248,45,516.622,9,0.9638,0.1087
936,136,678.003,20,0.6017,0.0467
705,196,123.062,13,0.4134,0.1568
71,127,199.414,17,0.4709,0.1921
17,183,512.987,16,0.6745,0.0922
346,109,455.493,14,0.8129,0.166
465,163,596.485,2,0.3533,0.0
454,189,467.588,4,0.8964,0.0
697,35,137.898,10,0.4586,0.1244
174,134,601.539,17,0.8984,0.1471
47,52,116.201,1,0.6938,0.0176
673,17,60.81,17,0.6726,0.5472
898,48,676.475,11,0.4393,0.0
168,29,420.544,11,0.7172,0.1144
362,38,238.766,9,0.6407,0.1512
627,2,184.962,10,0.7135,0.2411
166,195,61.445,2,0.9509,0.2345
860,89,403.393,9,0.4403,0.0378
226,34,626.68,8,0.8415,0.0
533,69,489.705,9,0.7165,0.0704
339,150,548.772,6,0.9898,0.021
668,127,431.066,12,0.5023,0.0592
199,11,7.612,18,0.9181,0.9197
99,30,320.744,2,0.4454,0.0674
511,109,26.25,9,0.7694,0.6767
866,194,58.997,6,0.7705,0.5016
633,15,126.924,2,0.6245,0.0
756,173,640.408,16,0.5853,0.0103
434,13,155.279,9,0.9756,0.4618
141,100,325.544,11,0.811,0.1805
428,47,631.126,13,0.8328,0.0762
988,85,488.405,4,0.8413,0.0025
782,186,95.941,19,0.5048,0.3415
704,44,333.153,18,0.4189,0.0867
302,128,555.189,18,0.4181,0.0
600,67,319.875,6,0.7252,0.0305
623,131,156.937,9,0.6154,0.1786
655,11,463.506,6,0.5311,0.0071
893,60,293.736,13,0.4143,0.0411
682,192,370.148,6,0.4692,0.0361
222,145,90.419,20,0.5139,0.3682
222,188,651.679,5,0.7469,0.0275
620,137,663.187,3,0.7434,0.0
867,38,218.683,10,0.7971,0.2766
948,93,211.033,18,0.8222,0.441
610,176,123.248,1,0.8067,0.0
530,137,422.006,17,0.3423,0.0504
817,105,143.72,17,0.748,0.4657
977,174,442.626,19,0.9289,0.326
28,23,680.956,12,0.9936,0.0724
311,193,130.616,20,0.3175,0.111
334,26,163.039,9,0.5876,0.2032
565,200,66.112,4,0.4824,0.1416
295,161,227.087,1,0.4391,0.0
312,98,634.824,12,0.7723,0.0261
25,96,11.977,2,0.575,0.3778
4,7,458.301,4,0.8654,0.0
450,64,276.806,20,0.774,0.3482
998,46,228.974,6,0.5396,0.0097
296,142,124.396,4,0.4119,0.0128
241,40,599.649,16,0.3687,0.0
265,162,592.497,7,0.5355,0.0
974,61,29.934,18,0.5854,0.5473
664,171,415.342,6,0.3648,0.0
654,73,299.063,10,0.6387,0.0886
190,151,4.991,1,0.864,0.6861
904,134,220.19,15,0.4946,0.1693
197,198,135.78,19,0.3542,0.1203
968,106,549.801,5,0.9386,0.0
953,71,322.343,14,0.5187,0.0799
568,130,574.664,10,0.5337,0.0303
869,6,697.565,18,0.3685,0.0206
1000,195,289.295,1,0.7262,0.0403
581,136,400.113,20,0.7958,0.2632
768,10,700.495,16,0.4809,0.0
591,35,120.135,11,0.5589,0.2307
524,3,39.479,6,0.9693,0.7133
335,134,338.389,6,0.699,0.0017
655,134,351.522,1,0.8617,0.0104
268,33,668.933,2,0.5502,0.0
195,110,328.328,8,0.5251,0.0505
276,98,319.941,13,0.4019,0.0274
12,97,358.895,8,0.4549,0.0175
934,124,321.124,2,0.6336,0.0
257,171,647.162,15,0.4903,0.0
800,183,445.01,3,0.5144,0.0
435,32,573.438,8,0.698,0.0
340,189,111.751,20,0.8238,0.6074
229,115,630.765,7,0.999,0.0229
821,37,698.448,8,0.352,0.0
515,187,688.975,1,0.5724,0.0166
450,74,707.606,1,0.5538,0.0199
658,90,502.23,16,0.482,0.0759
803,194,483.648,5,0.3812,0.0057
656,116,48.95,2,0.4576,0.0444
468,29,204.061,19,0.5095,0.2144
894,14,566.784,7,0.6625,0.0147
896,165,260.311,3,0.3224,0.0
967,70,446.964,5,0.6508,0.0233
92,20,422.479,3,0.9623,0.0202
891,9,418.322,20,0.8547,0.2664
194,190,267.027,16,0.7517,0.3455
621,115,637.13,13,0.6526,0.0361
658,105,179.623,15,0.6009,0.2394
206,119,554.78,1,0.4943,0.0
9,84,18.759,9,0.7207,0.6448
944,191,603.733,14,0.6334,0.0168
892,121,545.965,16,0.8531,0.1385
175,128,704.854,18,0.5204,0.0128
602,179,87.399,17,0.4713,0.3119
152,1,578.697,14,0.8328,0.0969
567,64,222.844,4,0.6838,0.0021
318,167,178.886,11,0.839,0.4131
752,20,148.023,11,0.8731,0.4718
574,66,517.409,7,0.7031,0.0
499,33,678.599,13,0.6477,0.0281
682,143,469.736,13,0.9792,0.2141
476,169,191.749,16,0.8906,0.5084
14,53,288.178,1,0.7819,0.0012
596,138,173.916,5,0.6973,0.0834
779,153,50.712,5,0.4013,0.1516
491,182,552.59,5,0.3065,0.0
176,186,75.663,19,0.8347,0.6895
8,92,467.675,7,0.4221,0.0119
297,16,308.642,15,0.689,0.1975
769,149,52.77,18,0.7258,0.632
323,109,217.436,2,0.7759,0.0358
957,92,54.788,16,0.6634,0.5288
333,109,453.252,14,0.8552,0.1636
428,129,480.541,20,0.5728,0.0662
761,58,644.283,18,0.3624,0.0237
614,66,206.394,6,0.9093,0.1846
41,69,127.25,14,0.3745,0.1079
77,99,341.968,5,0.6886,0.0
197,136,586.469,12,0.327,0.0121
872,9,407.618,20,0.7292,0.2476
23,59,679.688,10,0.531,0.0167
72,146,64.35,20,0.7458,0.6223
779,7,518.011,12,0.6044,0.0493
623,160,477.594,19,0.9533,0.3208
984,154,175.633,18,0.4762,0.2084
220,64,150.097,1,0.5074,0.0
660,126,275.364,7,0.556,0.0566
135,99,232.554,2,0.3539,0.0174
591,51,241.517,16,0.9044,0.4423
107,30,520.129,15,0.367,0.0352
909,193,65.476,13,0.4409,0.2428
416,172,538.922,3,0.3891,0.0
255,180,359.828,3,0.39,0.0
985,29,125.682,17,0.5802,0.3316
67,193,482.181,5,0.4229,0.0
800,126,269.435,12,0.9175,0.3551
510,103,96.15,18,0.9532,0.7584
688,69,423.438,7,0.4258,0.0
261,48,230.695,7,0.4524,0.0329
882,66,204.538,4,0.5119,0.0281
452,35,344.267,9,0.6788,0.0978
419,159,374.538,13,0.6395,0.0963
457,190,506.208,7,0.5653,0.0031
297,194,354.621,5,0.4873,0.0
319,179,384.361,12,0.8966,0.2077
141,27,410.934,2,0.6411,0.007
487,149,667.667,2,0.3831,0.0
475,172,73.352,13,0.8342,0.631
381,103,477.814,9,0.5226,0.0023
986,112,27.389,20,0.862,0.8164
114,77,186.931,10,0.8155,0.3088
911,165,569.578,7,0.3845,0.0057
867,141,260.508,17,0.5277,0.1444
23,126,19.709,2,0.7417,0.446
702,2,369.845,5,0.8225,0.0319
210,193,315.45,16,0.6024,0.1814
42,105,667.359,8,0.6939,0.0078
862,192,678.425,10,0.3629,0.0
116,136,201.096,11,0.3025,0.0
299,105,590.716,12,0.4641,0.0274
97,151,370.851,17,0.6487,0.1619
142,50,389.15,12,0.688,0.0907
62,91,82.616,15,0.3378,0.1918
843,6,602.381,16,0.9482,0.2004
60,150,436.483,1,0.3915,0.0
760,65,687.765,11,0.9112,0.0608
158,20,563.799,7,0.9629,0.0308
915,160,336.234,8,0.6395,0.0699
848,47,617.311,5,0.8671,0.0
630,45,229.456,15,0.6833,0.3021
829,29,621.413,3,0.3623,0.0264
299,121,83.858,3,0.4115,0.0146
784,68,242.631,6,0.6459,0.0347
222,115,625.201,19,0.5378,0.052
615,69,17.745,12,0.8145,0.722
920,151,625.449,9,0.506,0.0076
724,75,29.343,17,0.3517,0.2911
270,159,474.575,1,0.8578,0.013
739,94,459.627,18,0.6933,0.1331
884,3,41.897,7,0.6911,0.5424
890,88,603.596,7,0.5598,0.0056
740,50,62.319,18,0.6299,0.5306
733,99,613.062,5,0.3783,0.0108
785,25,707.861,5,0.7996,0.0221
737,151,484.091,12,0.3879,0.0
134,125,669.828,5,0.8555,0.0455
805,29,450.418,14,0.6073,0.0801
180,196,706.362,12,0.3277,0.0118
557,71,573.828,12,0.9387,0.1274
340,42,489.24,10,0.9222,0.113
214,1,712.02,17,0.3674,0.008
282,50,348.635,16,0.3371,0.0174
85,6,348.497,8,0.499,0.0
440,97,613.255,4,0.5816,0.0427
420,122,485.651,7,0.6868,0.0
404,75,104.26,3,0.7801,0.1475
92,176,222.087,12,0.9825,0.4602
607,194,421.195,18,0.6915,0.1528
170,62,12.017,14,0.696,0.6794
856,128,367.729,17,0.9681,0.3718
24,81,168.818,7,0.56,0.1401
56,55,170.875,19,0.9604,0.6491
301,42,644.696,6,0.5465,0.0218
408,105,203.533,12,0.818,0.3333
970,29,646.785,20,0.7996,0.1262
526,135,384.512,1,0.8932,0.0
379,177,668.1,15,0.4262,0.0441
838,74,525.177,10,0.657,0.0
241,115,298.389,13,0.3013,0.0
898,196,25.817,17,0.9033,0.8412
404,141,642.038,6,0.4761,0.0
313,81,509.431,20,0.9056,0.2531
302,177,97.46,19,0.6526,0.4933
10,9,673.342,11,0.7679,0.0114
674,118,352.061,11,0.4678,0.0087
578,51,21.759,15,0.6804,0.6085
635,37,213.383,6,0.8343,0.1368
652,104,619.129,7,0.7746,0.0185
28,143,302.053,8,0.764,0.0697
878,148,581.7,2,0.7565,0.0
512,150,290.294,8,0.3274,0.0
692,58,96.877,20,0.3248,0.1441
37,83,140.529,1,0.9207,0.0
762,23,634.528,17,0.7233,0.1051
678,124,130.901,9,0.8367,0.4129
369,161,673.553,7,0.8445,0.0241
936,97,208.106,6,0.8996,0.1253
651,63,699.593,5,0.8836,0.0
908,67,70.172,10,0.4358,0.2338
822,131,395.069,6,0.7059,0.005
206,135,26.102,12,0.6489,0.5653
997,96,185.118,16,0.8088,0.4468
743,50,615.929,7,0.9278,0.0
190,83,135.051,18,0.9167,0.6412
794,66,641.953,1,0.4005,0.0
430,20,424.866,3,0.7733,0.0074
865,82,523.274,19,0.4209,0.018
174,170,259.098,17,0.7152,0.2645
260,123,709.135,3,0.4608,0.0
348,27,595.222,9,0.3142,0.0351
451,171,656.499,8,0.3408,0.0
632,43,105.427,3,0.6334,0.0867
222,123,192.468,15,0.525,0.1728
706,114,605.595,9,0.9495,0.0487
25,146,482.216,18,0.4631,0.0021
332,154,277.397,8,0.9187,0.1965
660,59,334.613,13,0.7519,0.1882
265,156,316.028,19,0.6343,0.2554
432,118,401.874,5,0.4567,0.0109
607,70,352.359,8,0.3101,0.0
249,21,327.673,14,0.5982,0.1199
965,114,236.27,14,0.5999,0.1919
848,93,323.459,9,0.4573,0.0
972,95,128.191,2,0.8028,0.0
496,138,137.829,15,0.7525,0.4075
344,142,495.723,14,0.5235,0.0369
995,36,694.509,8,0.9581,0.0154
729,60,153.315,17,0.8673,0.5855
794,181,657.361,2,0.6894,0.0321
183,119,450.598,11,0.8694,0.1398
870,84,686.057,11,0.8778,0.0648
529,195,284.885,2,0.6396,0.0281
774,135,497.179,1,0.9746,0.0093
826,170,391.805,20,0.7586,0.2693
106,94,703.807,13,0.318,0.0
100,33,44.026,17,0.6186,0.5049
66,147,42.77,7,0.8492,0.6021
643,164,622.251,11,0.6077,0.0428
916,117,38.991,18,0.9358,0.825
31,87,653.352,9,0.8508,0.0
139,25,68.146,11,0.6798,0.456
486,50,81.393,18,0.5459,0.4229
392,185,238.484,1,0.4135,0.042
104,34,523.414,12,0.9661,0.1435
610,133,415.631,13,0.5145,0.0483
906,133,654.494,18,0.4779,0.0183
212,95,453.524,17,0.6219,0.1179
3,200,429.106,4,0.648,0.0
226,136,410.882,1,0.9984,0.0289
185,194,292.657,4,0.3715,0.0
467,53,460.391,15,0.912,0.2107
108,149,700.61,5,0.3972,0.0
361,154,699.959,16,0.6379,0.0459
120,184,80.277,19,0.9058,0.7811
677,83,328.285,14,0.861,0.3101
470,67,426.685,3,0.9964,0.0
76,162,515.608,10,0.7368,0.0572
44,144,216.723,6,0.8274,0.114
489,55,707.722,13,0.9674,0.0754
592,61,299.278,9,0.5878,0.0525
175,159,205.82,10,0.5889,0.148
324,114,561.761,13,0.7448,0.0789
607,182,423.602,8,0.8867,0.0788
472,127,651.317,19,0.4886,0.0
117,197,77.031,1,0.833,0.0322
392,66,39.834,15,0.8738,0.8227
198,156,679.094,10,0.7139,0.0286
927,39,321.39,14,0.4461,0.0815
804,141,156.024,16,0.8573,0.5502
313,84,535.154,18,0.9441,0.2756
236,104,718.162,2,0.5401,0.0
135,162,719.096,8,0.4272,0.0
738,22,693.504,1,0.9493,0.0299
919,45,113.172,7,0.3196,0.0605
274,112,612.31,4,0.9371,0.0
640,83,89.869,14,0.594,0.3838
236,113,257.233,6,0.7685,0.0993
918,87,128.807,10,0.5463,0.2126
300,13,256.657,11,0.5183,0.1045
97,188,178.904,2,0.3799,0.0
881,139,645.751,17,0.7182,0.1069
946,123,711.18,10,0.8015,0.0281
398,30,125.545,1,0.3899,0.0
908,40,93.796,3,0.8515,0.2333
244,120,118.767,16,0.4576,0.2846
271,11,407.513,19,0.5483,0.0945
537,95,635.157,15,0.3827,0.0
601,178,536.888,6,0.8519,0.0288
386,176,304.17,10,0.4151,0.0164
800,103,690.54,6,0.4725,0.0
791,47,387.981,4,0.3697,0.0346
121,15,565.19,18,0.955,0.2125
991,35,360.244,2,0.767,0.0
160,57,479.86,9,0.7768,0.0446
527,111,271.311,4,0.9731,0.0568
424,146,38.31,10,0.6014,0.4972
452,93,441.278,7,0.6615,0.0372
129,166,208.331,8,0.4258,0.0168
344,33,396.683,11,0.6491,0.0743
31,85,469.192,7,0.7811,0.0071
974,123,325.507,7,0.4352,0.0406
144,11,113.51,6,0.3297,0.021
484,182,579.827,12,0.4796,0.0
217,200,124.581,14,0.3578,0.1545
178,149,93.549,18,0.8636,0.6268
391,141,228.838,20,0.9155,0.5303
970,42,42.377,3,0.4928,0.0851
479,37,254.644,14,0.4698,0.107
961,48,545.584,18,0.7636,0.1227
828,28,569.122,3,0.8498,0.0326
436,112,329.111,4,0.7868,0.0383
902,192,132.625,3,0.7238,0.0431
349,136,701.109,10,0.5438,0.0575
502,177,593.238,16,0.7661,0.0791
681,196,4.271,15,0.76,0.721
590,133,437.246,14,0.4488,0.0116
829,21,680.61,14,0.3187,0.0042
163,187,669.069,17,0.7567,0.1047
499,110,287.891,16,0.5264,0.1661
665,110,440.369,10,0.3192,0.0046
331,198,443.95,15,0.3129,0.0
867,137,525.734,1,0.3999,0.0
302,23,677.907,1,0.3599,0.0183
302,153,336.116,10,0.7958,0.1126
327,195,44.91,10,0.9515,0.765
677,48,519.962,17,0.3956,0.0628
119,93,681.242,8,0.7769,0.0
143,21,626.885,6,0.6675,0.0
779,144,18.127,19,0.7905,0.7937
208,29,635.551,14,0.4271,0.0154
105,86,106.474,20,0.3889,0.251
264,131,704.765,13,0.8803,0.0289
399,169,533.86,6,0.8623,0.0487
34,64,91.267,7,0.951,0.449
835,182,73.004,15,0.4498,0.2856
118,5,200.435,4,0.6727,0.0732
405,34,165.592,5,0.5662,0.0831
203,24,3.398,16,0.9,0.913
295,150,641.105,15,0.6694,0.0878
46,73,91.497,14,0.4178,0.215
949,5,712.35,6,0.5088,0.0
938,158,190.392,2,0.7182,0.0
127,56,413.819,15,0.6867,0.0963
198,137,502.987,6,0.8283,0.0065
885,111,217.2,1,0.9994,0.0
415,23,328.569,12,0.5967,0.1106
63,121,556.625,15,0.6406,0.0111
136,173,46.994,9,0.6891,0.4925
414,74,260.742,9,0.7869,0.1527
558,167,568.894,10,0.4812,0.0
632,55,239.351,15,0.7139,0.2752
154,57,43.143,18,0.473,0.422
371,35,135.587,2,0.5998,0.0
262,43,487.678,4,0.655,0.0
535,48,696.597,18,0.6216,0.0575
322,130,165.112,7,0.6942,0.1659
205,27,372.862,14,0.5212,0.0583
816,109,173.547,1,0.9917,0.0
570,53,664.82,8,0.7411,0.0
474,30,648.13,12,0.4237,0.0051
135,165,281.971,7,0.8423,0.0951
71,108,27.166,6,0.5633,0.4214
797,58,437.616,6,0.5172,0.0608
969,128,452.152,14,0.8608,0.1643
584,182,444.963,12,0.6694,0.0635
40,57,213.476,6,0.3352,0.0167
482,50,17.695,1,0.7521,0.303
281,137,23.636,6,0.4132,0.2914
55,99,560.935,15,0.7724,0.0789
143,135,382.629,17,0.687,0.1335
500,34,195.616,16,0.523,0.1604
427,187,658.504,20,0.9225,0.2272
564,4,636.772,6,0.4653,0.0
694,55,587.722,15,0.4953,0.0007
266,126,447.898,3,0.4886,0.0
287,105,442.977,18,0.6657,0.1568
678,68,382.381,20,0.5549,0.1722
198,196,132.314,10,0.5416,0.1781
77,70,523.809,13,0.8153,0.0775
854,136,375.172,6,0.9917,0.0803
209,82,393.352,14,0.63,0.106
121,89,495.821,5,0.7538,0.0
738,156,268.163,13,0.8152,0.3014
532,71,507.308,10,0.783,0.0612
148,80,179.059,5,0.846,0.1201
851,157,623.219,16,0.8004,0.0996
246,18,709.978,17,0.9754,0.1911
677,87,426.327,2,0.936,0.024
651,56,275.066,10,0.7263,0.1549
830,97,207.955,14,0.571,0.2564
729,116,642.815,6,0.9894,0.0195
704,86,235.563,6,0.5565,0.0377
52,199,586.213,12,0.5109,0.0021
939,183,294.473,8,0.3279,0.0
127,29,633.45,18,0.9771,0.2305
254,129,311.204,14,0.9036,0.3091
447,65,416.325,16,0.4663,0.0635
289,144,88.746,18,0.5718,0.4177
593,98,702.412,15,0.4579,0.0
53,191,405.566,12,0.9916,0.2022
454,189,446.127,6,0.3187,0.0
350,12,90.765,6,0.3152,0.0869
648,22,497.349,6,0.7924,0.0565
520,5,307.334,2,0.4387,0.0
756,159,304.965,17,0.3013,0.0313
165,46,341.028,19,0.7278,0.2613
950,145,386.102,16,0.6265,0.1022
393,67,578.609,6,0.5598,0.0
350,62,246.518,18,0.3086,0.0316
549,121,634.188,13,0.3584,0.0
164,155,80.226,19,0.8919,0.7278
815,114,382.238,16,0.9582,0.3114
265,115,488.377,8,0.535,0.0
928,148,698.693,12,0.8806,0.0493
149,35,286.987,12,0.9094,0.3212
865,119,488.663,9,0.8624,0.0668
395,58,566.255,12,0.9474,0.1386
608,31,599.536,15,0.997,0.1994
873,66,660.255,7,0.4975,0.035
130,39,249.362,5,0.3046,0.0
348,65,606.656,11,0.5839,0.0344
949,5,689.0,16,0.7971,0.0858
149,150,338.212,20,0.5392,0.1841
103,70,497.844,18,0.6623,0.1254
523,133,232.89,19,0.5397,0.1856
25,150,184.915,7,0.5832,0.0868
992,164,200.496,11,0.6313,0.1846
904,16,37.498,6,0.9092,0.6623
189,103,416.673,5,0.8699,0.0044
173,84,620.55,2,0.9661,0.0
778,71,207.074,17,0.4748,0.1483
521,162,23.326,8,0.6243,0.5309
824,14,204.211,18,0.778,0.4377
968,63,555.968,6,0.6573,0.0
402,159,322.564,12,0.5868,0.0962
254,79,552.442,9,0.4107,0.0325
620,15,156.648,10,0.6989,0.2563
636,35,462.383,13,0.9599,0.1685
433,61,526.458,4,0.8275,0.0016
300,50,582.718,9,0.6366,0.0426
263,134,492.682,7,0.7151,0.0437
522,35,655.809,20,0.4022,0.0086
427,153,91.169,1,0.7819,0.0247
458,63,396.693,18,0.7345,0.2099
96,14,324.127,9,0.5052,0.0755
881,3,719.484,19,0.9831,0.2112
707,122,395.758,3,0.4671,0.0
919,147,493.543,8,0.5575,0.0
830,28,661.743,11,0.6408,0.0147
619,62,103.023,7,0.9547,0.4779
308,152,244.618,5,0.5474,0.0193
654,174,233.126,1,0.7022,0.0
567,146,84.622,18,0.5141,0.3676
924,124,403.42,13,0.3711,0.0
233,150,221.066,3,0.5621,0.0
26,60,119.337,17,0.8737,0.6554
128,13,16.252,9,0.5708,0.5028
176,113,18.527,20,0.7113,0.6795
664,112,281.653,3,0.8051,0.0
147,161,440.067,7,0.6696,0.0056
135,49,153.44,12,0.5073,0.1641
398,178,655.337,14,0.9935,0.1361
782,100,151.728,7,0.4874,0.135
425,89,195.068,7,0.4218,0.0444
272,198,219.346,3,0.8433,0.0301
285,109,114.002,17,0.3015,0.109
819,19,719.346,13,0.6357,0.0035
434,51,516.353,19,0.5597,0.0772
369,119,216.632,11,0.4812,0.102
774,47,700.705,17,0.6184,0.0413
369,33,457.213,5,0.6548,0.0
357,60,554.044,6,0.5961,0.0047
751,103,247.793,20,0.9377,0.559
328,19,156.436,4,0.9874,0.2204
511,105,324.135,16,0.3504,0.0591
665,146,300.326,18,0.911,0.4147
201,92,708.882,13,0.6854,0.0
129,139,104.913,14,0.6201,0.3447
851,128,97.756,19,0.8264,0.6067
298,100,447.442,1,0.8113,0.0046
341,195,404.799,15,0.8674,0.2115
590,123,393.511,17,0.3732,0.0103
103,162,296.956,10,0.3368,0.0
46,129,260.327,1,0.7834,0.079
417,192,63.191,20,0.7554,0.6736
969,87,570.689,14,0.8896,0.1224
574,38,321.739,13,0.8822,0.3201
579,37,646.093,16,0.6352,0.0481
610,199,357.085,3,0.551,0.0
861,160,650.595,18,0.6335,0.0699
836,62,665.324,2,0.4632,0.0
25,90,402.85,2,0.4202,0.0
542,7,574.265,2,0.8648,0.0
547,191,75.275,16,0.4399,0.3098
224,88,84.844,8,0.4431,0.1596
976,77,504.361,18,0.3797,0.0
262,50,37.094,1,0.4906,0.03
834,17,512.378,5,0.3208,0.0
101,153,166.456,12,0.3845,0.0582
602,45,169.414,9,0.6618,0.2133
736,18,259.69,9,0.9052,0.2868
505,196,665.639,3,0.9762,0.0
106,110,511.8,8,0.51,0.0
124,16,541.205,1,0.5773,0.0
606,58,563.909,9,0.4551,0.0172
863,111,598.851,5,0.6439,0.0081
597,42,123.056,9,0.7529,0.3416
101,199,678.16,14,0.8878,0.0875
786,176,286.148,20,0.4939,0.1531
460,178,404.66,11,0.9019,0.2083
75,104,583.486,9,0.7515,0.0427
368,198,613.933,2,0.9244,0.0
203,66,364.644,19,0.4675,0.0464
987,112,392.424,18,0.5305,0.1117
910,150,295.206,18,0.3131,0.0035
107,102,36.131,13,0.6353,0.5397
573,171,466.454,9,0.5637,0.0307
8,21,487.751,2,0.9635,0.0259
458,89,340.817,1,0.8482,0.0
156,166,35.115,18,0.955,0.8973
748,37,407.632,17,0.8405,0.2833
73,78,74.664,15,0.5342,0.3561
903,199,327.174,5,0.706,0.0
232,123,574.969,1,0.7783,0.0
264,72,163.843,2,0.8197,0.015
886,73,661.639,18,0.7878,0.1362
902,42,510.108,18,0.402,0.0229
96,147,185.76,13,0.5717,0.2094
109,21,165.812,14,0.3248,0.088
854,42,54.2,17,0.513,0.3916
978,25,629.262,4,0.8395,0.0031
489,151,45.844,17,0.5565,0.4326
165,189,451.126,6,0.3335,0.0002
153,18,541.172,4,0.9928,0.0
267,190,184.051,15,0.4305,0.1281
686,184,274.206,19,0.5277,0.141
97,102,211.919,3,0.3513,0.0
642,8,577.346,7,0.9139,0.0041
804,139,716.701,15,0.5268,0.0095
144,105,698.845,15,0.4755,0.0102
985,167,50.508,10,0.8649,0.7218
988,59,488.19,11,0.6942,0.0337
297,112,421.384,17,0.9509,0.3019
113,179,669.662,7,0.8306,0.002
326,134,416.329,13,0.4588,0.0013
259,130,329.641,6,0.475,0.0
279,194,323.502,20,0.6429,0.2171
925,98,614.677,1,0.6864,0.0
155,35,484.08,18,0.6308,0.1103
318,196,53.785,9,0.6754,0.4606
788,28,672.17,7,0.9953,0.0
58,111,488.852,5,0.5916,0.0083
61,151,112.058,10,0.5787,0.2468
302,158,338.194,18,0.8479,0.3228
968,141,180.851,19,0.9145,0.6077
840,86,425.995,7,0.5085,0.0003
928,38,400.714,4,0.9153,0.0423
864,8,698.604,2,0.8935,0.0
119,61,40.19,9,0.4991,0.3878
401,195,324.503,19,0.47,0.1153
530,138,132.087,12,0.7897,0.4154
167,82,16.34,4,0.8133,0.6538
993,99,560.389,8,0.8086,0.0071
604,67,545.628,10,0.3245,0.0142
853,179,672.66,2,0.7839,0.0
259,91,423.787,20,0.9598,0.361
716,168,184.546,5,0.5491,0.0453
106,11,261.667,3,0.4046,0.0
23,98,435.488,9,0.7316,0.0
641,121,452.915,12,0.4174,0.0382
69,134,31.145,18,0.4507,0.3797
277,5,655.759,4,0.3404,0.0
795,129,666.8,12,0.4842,0.0286
498,168,575.029,13,0.7414,0.0754
377,19,180.234,6,0.46,0.0854
291,67,250.945,5,0.6843,0.0156
669,86,505.894,4,0.8411,0.0213
955,51,220.479,9,0.6231,0.1048
740,88,279.482,13,0.9086,0.349
359,179,481.305,10,0.4467,0.0321
423,180,24.973,4,0.9825,0.7415
104,121,99.676,6,0.4486,0.1566
144,178,26.4,2,0.7578,0.382
269,164,191.669,7,0.678,0.1176
387,12,346.643,1,0.4974,0.0
991,78,607.824,16,0.4456,0.0146
872,170,129.227,14,0.3579,0.1598
114,89,257.267,13,0.8546,0.335
332,123,7.285,18,0.4151,0.4155
57,83,333.947,12,0.7425,0.1523
63,4,18.722,11,0.432,0.3648
375,113,232.394,11,0.6869,0.1899
960,77,598.291,6,0.3703,0.0
186,155,673.986,10,0.5603,0.002
681,178,264.733,5,0.7578,0.039
393,21,204.141,10,0.8684,0.3395
541,72,546.266,6,0.9567,0.0159
870,79,502.688,5,0.9105,0.0346
830,136,272.546,7,0.4667,0.0681
829,80,651.904,2,0.4371,0.0
412,114,326.925,13,0.4811,0.0975
49,182,673.868,4,0.9815,0.0173
986,118,636.418,19,0.9876,0.2272
994,20,682.889,11,0.9903,0.1087
858,97,78.787,5,0.7851,0.3563
478,178,192.646,20,0.5973,0.324
281,97,267.496,8,0.8807,0.1234
175,197,535.386,12,0.9069,0.1334
372,181,211.809,12,0.5072,0.1177
335,53,149.45,19,0.502,0.2718
276,83,247.825,9,0.9886,0.3254
951,38,224.23,17,0.7222,0.3482
660,39,586.616,3,0.9985,0.0124
224,74,712.671,3,0.7462,0.0201
640,84,219.129,4,0.9951,0.0939
706,71,37.789,20,0.6646,0.6342
523,147,519.774,12,0.8698,0.1249
947,31,346.249,10,0.651,0.0527
966,96,312.599,13,0.9389,0.3319
433,178,253.188,8,0.5416,0.0216
473,147,338.939,12,0.6693,0.1355
218,41,98.449,12,0.4258,0.1655
784,48,440.948,17,0.8648,0.2438
932,186,669.506,12,0.5232,0.0
659,117,661.851,4,0.3066,0.0207
202,176,531.577,7,0.4485,0.0
519,173,280.685,10,0.9333,0.2774
795,89,663.312,19,0.6023,0.0202
43,106,475.196,10,0.389,0.029
591,74,362.936,10,0.729,0.0908
658,128,204.894,5,0.9581,0.1514
537,130,543.901,2,0.8148,0.0053
643,136,574.198,15,0.7477,0.0958
896,173,402.682,19,0.7334,0.2078
125,148,206.325,7,0.6554,0.1408
571,21,280.466,5,0.5948,0.0384
796,71,449.031,13,0.4927,0.0
822,114,160.945,20,0.6804,0.4177
467,126,339.348,9,0.3641,0.0
998,173,30.848,19,0.3161,0.1872
325,84,579.859,5,0.7172,0.0048
441,165,275.147,20,0.5355,0.1643
824,79,320.821,5,0.8588,0.0349
440,30,637.497,1,0.8403,0.0094
344,96,285.61,10,0.9035,0.2606
556,30,342.38,4,0.6398,0.0104
622,82,213.063,5,0.8963,0.0682
970,49,581.174,10,0.762,0.0315
618,6,314.366,14,0.9459,0.3077
186,133,347.237,14,0.6259,0.0935
53,149,354.754,13,0.7715,0.2246
968,27,487.237,6,0.4744,0.0038
423,117,390.042,16,0.8638,0.2225
202,101,313.317,20,0.8134,0.3603
223,28,471.629,3,0.7497,0.0548
107,122,459.18,4,0.4032,0.0
200,53,511.687,18,0.6258,0.0441
781,165,338.386,3,0.9875,0.0064
655,123,706.034,11,0.9944,0.1228
600,23,414.53,15,0.968,0.2832
12,104,574.647,14,0.9687,0.2047
673,24,335.653,6,0.7813,0.039
970,145,242.972,20,0.7526,0.4447
924,60,377.784,2,0.9133,0.0
396,98,415.83,11,0.6206,0.0435
601,140,222.595,15,0.523,0.1758
299,169,543.215,18,0.9112,0.2135
889,103,308.254,1,0.3673,0.0
920,16,475.781,7,0.5773,0.0009
224,52,207.783,19,0.901,0.5862
487,123,348.935,17,0.864,0.2743
237,9,254.099,2,0.5756,0.0
615,75,301.897,19,0.5951,0.2357
293,65,486.84,15,0.5717,0.0556
696,62,113.082,4,0.8312,0.1745
982,191,177.094,5,0.5079,0.041
872,189,259.357,10,0.6497,0.121
183,180,197.022,15,0.4917,0.1468
130,173,126.041,18,0.8715,0.6
815,179,588.309,9,0.9824,0.052
82,37,117.323,8,0.362,0.0112
401,79,462.223,15,0.6142,0.0619
994,12,325.185,14,0.7468,0.2299
449,160,118.108,15,0.5326,0.3039
9,174,213.829,3,0.458,0.0
976,6,79.245,8,0.352,0.0744
709,34,69.463,7,0.6396,0.3213
331,34,258.736,20,0.5301,0.133
612,186,543.819,14,0.3178,0.0119
613,159,286.638,14,0.681,0.2071
553,56,409.839,9,0.7519,0.079
961,10,92.691,19,0.9702,0.812
786,83,634.659,14,0.619,0.0487
260,117,238.216,13,0.5535,0.1405
993,9,136.711,12,0.4131,0.1177
963,94,254.908,6,0.8133,0.0777
47,108,698.138,19,0.3043,0.0
298,197,453.784,9,0.9499,0.1221
615,38,87.571,3,0.4687,0.0103
879,37,117.012,4,0.3878,0.0223
717,87,549.267,13,0.6932,0.0285
575,64,608.749,16,0.7264,0.0926
306,184,59.818,10,0.7368,0.5069
97,158,211.879,12,0.4614,0.1403
893,51,34.497,19,0.8755,0.7942
533,67,89.915,4,0.3471,0.028
457,127,99.652,18,0.99,0.7516
980,175,315.059,11,0.634,0.1086
165,41,9.614,7,0.4676,0.4387
254,60,513.691,4,0.7215,0.0
855,122,290.671,17,0.5781,0.1656
285,172,289.222,12,0.3653,0.0
943,58,692.616,12,0.4634,0.0
858,94,238.737,14,0.793,0.346
100,137,30.182,6,0.8608,0.7249
458,86,291.796,3,0.6306,0.0193
752,155,336.541,2,0.6777,0.0
490,104,339.046,15,0.6114,0.1283
216,177,334.156,4,0.4175,0.0185
46,122,241.018,3,0.6037,0.0
7,184,393.492,13,0.6032,0.0823
179,172,626.963,9,0.8192,0.0279
261,49,258.294,10,0.3441,0.0683
302,180,385.439,3,0.4758,0.0
855,26,610.31,3,0.6991,0.0371
509,57,287.289,13,0.4528,0.0529
142,10,98.575,18,0.6104,0.4367
84,21,311.659,5,0.6454,0.0199
131,145,363.55,12,0.411,0.0616
314,23,625.447,4,0.5192,0.035
740,38,614.228,20,0.7134,0.1073
50,82,553.431,11,0.8388,0.0305
407,161,275.832,6,0.6314,0.0523
448,163,199.755,3,0.3092,0.043
149,193,318.117,4,0.77,0.0
59,12,230.444,17,0.5541,0.244
231,30,705.553,18,0.6193,0.0235
152,80,61.235,13,0.9373,0.7947
795,57,364.425,16,0.595,0.1198
917,20,276.88,5,0.9396,0.1125
624,105,556.248,5,0.4902,0.0107
759,94,429.601,3,0.7848,0.0275
761,87,43.794,8,0.6036,0.4054
878,5,484.935,12,0.9577,0.1311
98,86,354.945,7,0.818,0.0892
998,92,443.86,3,0.4782,0.0281
459,44,66.364,15,0.6197,0.4506
543,159,367.277,2,0.943,0.0112
798,178,380.653,5,0.7656,0.0
494,186,105.723,2,0.9046,0.0441
266,137,442.739,2,0.5227,0.0094
20,136,654.474,2,0.833,0.0162
170,31,18.773,17,0.3956,0.3427
85,79,182.449,4,0.8971,0.1406
382,1,237.282,1,0.6825,0.0
779,112,392.084,17,0.3383,0.0504
334,153,532.996,13,0.4886,0.0
598,134,476.085,20,0.6481,0.1523
186,4,332.781,7,0.6611,0.0358
591,112,691.2,20,0.8193,0.1662
954,177,246.46,9,0.687,0.1409
316,21,564.617,12,0.8504,0.0958
484,106,594.884,2,0.869,0.0
963,51,73.132,3,0.725,0.1928
609,187,32.023,4,0.4511,0.1843
400,111,710.171,15,0.7587,0.0
122,155,258.416,11,0.6066,0.1706
938,105,481.382,15,0.3537,0.0
611,179,21.547,8,0.6336,0.5758
57,58,550.086,8,0.867,0.014
556,149,253.874,10,0.605,0.1429
969,86,418.75,8,0.5561,0.0465
932,116,35.051,1,0.4362,0.0125
196,138,78.129,7,0.6893,0.3484
413,35,592.724,19,0.4793,0.0149
987,174,399.219,16,0.7341,0.1792
783,146,559.54,11,0.3044,0.0088
561,82,116.549,9,0.5532,0.2624
305,119,236.337,9,0.8318,0.1781
763,133,612.898,14,0.3201,0.0
579,91,422.097,18,0.3701,0.0452
524,128,481.9,10,0.9788,0.0935
927,112,149.04,2,0.3061,0.0294
378,156,400.409,14,0.8332,0.2315
626,47,528.63,9,0.5522,0.028
44,1,124.794,18,0.5023,0.2725
712,81,215.903,12,0.7986,0.3346
548,165,6.901,1,0.8928,0.6436
876,25,693.319,6,0.6052,0.0
333,173,645.034,6,0.3001,0.0204
926,82,66.836,6,0.9189,0.5425
576,42,599.314,10,0.93,0.0871
209,94,393.363,4,0.7147,0.0256
161,163,694.471,16,0.4685,0.0379
196,172,367.071,15,0.9777,0.3263
302,123,149.266,8,0.6051,0.1825
551,106,616.571,14,0.9363,0.125
869,162,675.43,18,0.4699,0.0703
996,182,382.318,9,0.939,0.1101
679,160,293.841,10,0.8262,0.1918
491,194,558.183,3,0.6106,0.0
614,167,61.054,12,0.3323,0.1768
331,10,606.824,4,0.5669,0.0
245,4,619.854,1,0.9034,0.0
538,120,213.345,9,0.7715,0.1801
828,192,8.624,15,0.5087,0.45
65,60,7.56,5,0.7205,0.6519
111,194,704.212,3,0.9531,0.0586
178,171,562.014,15,0.5773,0.0608
210,29,258.595,4,0.4584,0.0
149,99,640.434,2,0.8925,0.0
131,45,642.487,1,0.6777,0.0
28,16,653.964,8,0.7,0.0
349,139,361.512,8,0.9477,0.1313
723,44,590.812,18,0.5821,0.0504
157,112,27.58,15,0.8126,0.7352
326,135,115.614,7,0.906,0.4132
974,87,455.559,7,0.7179,0.0044
169,16,75.339,16,0.7242,0.5651
988,14,31.679,4,0.6461,0.3603
513,76,78.476,7,0.3632,0.1027
725,9,327.455,15,0.4993,0.0376
324,175,351.84,13,0.5679,0.1259
325,34,666.762,19,0.4774,0.0415
394,6,303.979,12,0.4913,0.0412
128,29,370.599,6,0.9108,0.0454
316,140,587.768,11,0.7131,0.0514
895,118,586.684,7,0.9593,0.0486
4,136,235.473,3,0.6169,0.0
573,70,521.83,11,0.7408,0.0377
689,65,637.879,2,0.7001,0.0
142,135,592.932,5,0.9589,0.0239
111,23,236.749,3,0.3825,0.0
553,79,532.922,17,0.5181,0.0552
220,21,531.326,16,0.8263,0.1647
979,85,174.637,18,0.8424,0.511
191,194,482.379,20,0.3764,0.0
131,171,63.759,18,0.6879,0.5815
332,136,197.75,6,0.4733,0.0296
332,132,20.895,3,0.8935,0.6507
161,76,94.702,6,0.8315,0.3767
665,142,77.088,19,0.6891,0.5082
347,167,681.703,8,0.7388,0.0
528,112,118.374,15,0.9484,0.6773
244,21,52.684,8,0.3024,0.1089
97,139,540.311,12,0.7418,0.0685
62,26,467.106,13,0.3512,0.0018
53,65,458.167,18,0.9657,0.2876
871,40,642.25,9,0.5512,0.0
265,11,480.015,19,0.4818,0.0643
306,153,481.323,13,0.3035,0.0
580,130,329.278,9,0.3078,0.0
96,82,407.509,2,0.9786,0.0
601,77,551.603,20,0.8445,0.2425
522,129,258.883,15,0.9583,0.4186
792,107,26.442,20,0.5722,0.5426
124,47,307.341,16,0.5142,0.0733
18,97,271.676,7,0.8149,0.1263
774,156,131.282,20,0.7807,0.546
371,111,510.465,4,0.9664,0.0062
62,161,579.334,14,0.4491,0.0168
557,102,114.584,9,0.6981,0.3221
465,83,346.733,12,0.7117,0.1482
951,149,235.148,1,0.798,0.0
944,42,409.154,12,0.9774,0.1983
539,126,68.093,10,0.9435,0.6866
159,127,672.602,2,0.8214,0.0
748,56,46.295,7,0.5681,0.3555
202,52,592.307,7,0.5635,0.0
838,17,140.498,4,0.7733,0.1396
601,30,555.159,18,0.5597,0.0894
355,20,203.46,16,0.8227,0.4247
980,124,568.746,18,0.9534,0.2537
515,25,659.336,3,0.7268,0.0524
386,103,673.711,20,0.7601,0.124
189,23,621.832,11,0.7766,0.0059
649,157,306.536,14,0.7293,0.2005
270,136,308.975,20,0.6592,0.2321
153,59,685.816,5,0.8638,0.0068
119,148,641.764,18,0.3617,0.0359
642,46,349.41,17,0.7971,0.2277
922,128,286.81,7,0.4285,0.0415
253,129,68.284,12,0.8571,0.6562
218,88,260.584,14,0.7303,0.2701
614,141,339.41,2,0.5868,0.0108
143,190,598.156,1,0.5963,0.0
89,83,233.651,2,0.4564,0.0121
638,57,218.216,16,0.5421,0.2156
525,89,19.507,13,0.4102,0.3829
29,114,28.991,7,0.5349,0.4153
238,25,581.892,14,0.6236,0.0265
199,192,118.61,13,0.4562,0.2314
682,94,695.826,7,0.3052,0.0265
666,193,43.79,11,0.8705,0.7426
748,193,580.619,19,0.861,0.1667
100,13,83.312,18,0.9354,0.7479
849,23,457.308,4,0.4121,0.0037
210,37,545.003,6,0.3914,0.0215
993,114,163.194,4,0.456,0.0
872,71,404.113,19,0.3511,0.0
460,4,562.234,8,0.7511,0.018
786,113,123.375,11,0.7709,0.3939
671,66,376.417,10,0.4862,0.0099
774,169,383.733,1,0.7962,0.0
19,153,552.868,10,0.4972,0.0
84,169,260.566,2,0.8391,0.007
906,114,464.793,14,0.5156,0.0308
782,140,684.046,8,0.6048,0.0
616,17,510.572,4,0.9166,0.0
313,152,13.402,4,0.8332,0.7236
422,91,109.053,11,0.4034,0.1357
394,1,286.96,4,0.5648,0.0024
435,16,291.451,11,0.4998,0.0611
629,62,238.368,1,0.6067,0.0
758,75,319.326,19,0.4651,0.1381
384,42,679.259,4,0.3289,0.0108
834,154,579.338,17,0.9537,0.2249
91,90,100.422,20,0.965,0.7923
808,52,320.153,18,0.5406,0.1346
677,135,490.903,17,0.6614,0.1062
511,91,118.332,18,0.7372,0.5648
376,156,36.974,11,0.4543,0.2973
372,101,689.573,3,0.8741,0.0149
361,150,565.059,15,0.4725,0.0
946,171,637.415,11,0.526,0.0398
27,16,562.701,5,0.3931,0.0018
635,25,489.052,18,0.4076,0.0
990,147,550.979,9,0.7142,0.033
544,111,378.453,17,0.9812,0.4076
640,49,185.503,7,0.3516,0.0235
599,7,68.459,19,0.3983,0.2951
506,192,430.407,19,0.6064,0.1633
630,19,158.343,1,0.6984,0.0196
904,93,592.688,20,0.5408,0.0442
714,45,385.492,9,0.3733,0.0369
850,80,716.667,2,0.913,0.0116
554,144,277.779,3,0.7314,0.0
774,102,302.23,8,0.9269,0.1806
876,9,194.403,3,0.7318,0.0283
212,18,206.266,16,0.602,0.25
860,190,344.012,12,0.6341,0.0629
687,51,46.935,6,0.7119,0.4802
443,86,600.139,20,0.3577,0.0297
775,158,71.473,10,0.492,0.2538
169,168,652.771,16,0.9101,0.1533
699,57,287.615,8,0.9991,0.2316
577,45,331.364,11,0.6798,0.0684
889,88,694.218,11,0.7543,0.0211
621,68,532.22,17,0.8404,0.186
526,141,201.126,16,0.9522,0.5907
524,146,220.374,13,0.3066,0.033
555,53,108.292,4,0.7892,0.2315
891,76,460.123,2,0.6863,0.0
786,147,475.993,2,0.4131,0.0
94,102,640.339,13,0.945,0.0668
533,111,204.938,18,0.773,0.4173
288,162,48.926,2,0.565,0.0835
165,131,158.783,13,0.3202,0.0517
866,131,693.46,8,0.6759,0.0
858,97,711.517,19,0.8944,0.1327
940,168,254.771,8,0.9001,0.1837
394,5,352.987,15,0.9816,0.362
426,18,609.401,20,0.4355,0.0394
779,136,344.242,8,0.8711,0.1458
193,122,690.479,3,0.8502,0.0097
55,56,603.176,19,0.8443,0.137
421,121,533.971,17,0.5639,0.0633
630,22,452.733,5,0.6849,0.0361
457,122,149.001,7,0.8148,0.2816
212,73,132.072,11,0.3484,0.1136
520,118,623.999,10,0.7242,0.0119
943,69,173.802,10,0.7752,0.2904
275,145,175.74,18,0.6472,0.3321
401,23,609.241,17,0.9244,0.1969
313,169,33.835,9,0.8833,0.7172
294,99,516.943,15,0.9316,0.1921
656,46,443.63,14,0.8642,0.1975
375,193,27.795,10,0.7753,0.7014
622,21,130.877,18,0.9742,0.693
20,108,216.296,15,0.5268,0.2041
663,15,163.901,4,0.9823,0.2101
106,180,122.255,7,0.4889,0.0839
378,32,614.8,7,0.4353,0.0
873,51,665.977,19,0.9109,0.1693
337,132,126.478,13,0.9032,0.5519
699,177,416.586,1,0.4723,0.0065
352,84,312.188,8,0.5568,0.0517
903,53,271.288,14,0.3992,0.0547
952,70,686.252,9,0.4362,0.0
910,184,33.448,14,0.5528,0.5019
396,182,701.792,15,0.4124,0.0
318,25,229.037,2,0.4008,0.0035
607,181,410.266,18,0.5343,0.088
817,169,670.586,14,0.8607,0.0671
523,108,464.68,8,0.9131,0.0449
739,52,552.421,10,0.4955,0.0128
877,92,70.16,6,0.9477,0.607
753,156,410.486,12,0.3042,0.0141
370,55,223.995,15,0.5094,0.1249
250,69,302.294,11,0.7101,0.1244
435,92,171.335,12,0.9267,0.4927
576,14,443.473,16,0.9214,0.2468
843,83,386.085,15,0.8434,0.2449
301,27,92.795,16,0.5965,0.4116
161,2,525.281,19,0.9252,0.2576
316,78,205.118,14,0.3158,0.0
595,152,422.576,5,0.3284,0.0
233,197,625.279,6,0.7812,0.028
400,88,286.62,16,0.4344,0.0883
257,151,460.729,3,0.9968,0.0408
986,45,620.868,6,0.6706,0.0205
513,128,448.259,17,0.4002,0.0135
722,134,707.785,5,0.9679,0.0
521,67,59.011,15,0.5166,0.3695
11,90,261.497,15,0.4967,0.1054
264,135,506.014,8,0.3924,0.0055
840,63,351.853,6,0.9286,0.0382
512,121,186.469,7,0.8348,0.2027
704,47,241.307,1,0.8539,0.0
762,108,521.579,12,0.5841,0.0268
561,12,566.332,9,0.7388,0.0411
578,90,457.183,4,0.7859,0.0
237,101,639.95,8,0.9897,0.0
250,166,375.83,3,0.6886,0.0252
150,76,593.139,1,0.4899,0.0
298,2,77.685,14,0.3838,0.2046
629,9,709.702,7,0.4699,0.0194
929,108,629.761,4,0.3178,0.0275
440,163,643.342,8,0.4006,0.0106
603,179,633.879,17,0.658,0.0627
862,162,606.518,11,0.3037,0.0
678,68,61.775,15,0.3672,0.2044
263,99,655.502,10,0.335,0.0066
282,178,121.959,18,0.6689,0.4093
638,168,624.892,4,0.3171,0.0
288,91,402.35,20,0.6555,0.23
249,97,204.043,14,0.7286,0.2813
592,14,227.022,7,0.4573,0.0343
637,34,194.582,19,0.9457,0.5924
254,106,522.379,11,0.9852,0.1132
49,104,529.788,16,0.947,0.2086
769,115,308.166,8,0.9328,0.1697
392,63,308.003,4,0.3563,0.0579
634,46,153.985,10,0.528,0.1772
173,91,286.974,12,0.481,0.0762
315,176,477.305,2,0.4363,0.0
606,195,450.367,4,0.7081,0.0
125,11,93.911,5,0.8848,0.3469
317,72,526.776,8,0.9044,0.0747
719,105,712.637,4,0.4549,0.0
772,44,583.95,18,0.5615,0.0568
353,71,6.202,14,0.8587,0.8416
115,26,592.014,3,0.8406,0.0038
27,93,22.08,7,0.9098,0.7849
557,177,97.104,19,0.367,0.2182
694,186,174.992,17,0.3801,0.1047
594,3,354.542,7,0.8312,0.0816
406,128,608.203,6,0.8079,0.055
23,182,586.204,13,0.8788,0.1047
227,154,268.466,15,0.9629,0.4359
36,13,341.51,10,0.9845,0.2284
463,78,123.088,11,0.6517,0.3378
309,151,685.389,12,0.8762,0.0282
71,196,197.042,13,0.5706,0.2195
610,59,147.971,13,0.8971,0.5318
371,57,711.011,7,0.8122,0.0138
963,50,152.8,2,0.6849,0.0044
418,179,131.207,13,0.5476,0.2544
91,36,707.675,5,0.8879,0.0
706,74,55.591,13,0.8261,0.6434
704,27,24.356,16,0.7188,0.6271
930,188,328.516,16,0.7036,0.1733
693,14,213.946,16,0.4116,0.1373
362,102,626.488,11,0.683,0.0175
670,32,529.309,12,0.4257,0.0154
799,82,389.492,16,0.4301,0.0509
517,118,7.737,19,0.5933,0.58
795,140,191.558,20,0.9393,0.6325
967,114,641.216,1,0.6894,0.0337
755,86,179.166,7,0.7391,0.178
502,57,20.424,19,0.6644,0.6043
493,161,166.725,13,0.511,0.2097
839,136,544.875,9,0.4241,0.0
873,135,619.07,13,0.9674,0.141
263,154,205.746,19,0.5906,0.2789
10,45,167.588,16,0.661,0.3577
807,197,603.05,10,0.5251,0.0
237,184,141.686,15,0.6644,0.3846
997,88,261.904,16,0.9565,0.4614
37,41,274.351,14,0.803,0.2769
911,75,285.428,20,0.8283,0.4428
679,78,54.476,9,0.9021,0.7077
305,195,607.62,18,0.9405,0.2225
35,58,155.217,4,0.8333,0.127
847,189,264.503,2,0.8047,0.0
120,47,459.049,4,0.971,0.0
96,186,578.704,16,0.4756,0.0335
791,187,422.901,5,0.76,0.0
678,122,260.71,10,0.5077,0.0875
128,22,4.307,8,0.4578,0.4672
343,124,356.716,6,0.4029,0.0275
667,183,405.033,4,0.676,0.0168
659,186,259.156,15,0.7782,0.2867
363,92,453.427,14,0.5565,0.0263
413,96,567.349,9,0.4701,0.0346
80,77,26.08,14,0.6767,0.6131
10,43,584.328,12,0.5388,0.0311
968,131,425.351,3,0.4435,0.0318
232,198,234.729,16,0.4104,0.144
928,54,499.741,8,0.6438,0.0
43,169,506.924,17,0.5905,0.104
990,20,545.827,1,0.4915,0.0
428,12,297.418,10,0.5173,0.0395
807,181,415.258,19,0.6149,0.1103
841,23,343.262,9,0.461,0.0278
352,83,262.351,17,0.6065,0.2548
738,177,93.495,9,0.4481,0.1529
335,70,661.744,14,0.7334,0.0074
789,61,92.164,14,0.9146,0.6532
959,9,467.228,5,0.6565,0.0
808,140,288.252,19,0.922,0.4019
728,65,591.511,6,0.9469,0.0254
372,24,339.645,6,0.6357,0.0243
109,95,134.661,4,0.4076,0.0
507,35,108.911,6,0.5561,0.1546
130,170,282.212,20,0.4321,0.1273
509,150,385.359,13,0.325,0.0467
870,196,453.366,13,0.386,0.0166
114,196,611.24,9,0.7787,0.0
901,168,269.821,5,0.8583,0.0811
599,101,562.578,1,0.7475,0.0
47,35,162.249,15,0.5408,0.2437
721,9,632.406,2,0.4381,0.0414
1,19,70.52,4,0.5764,0.1672
611,47,578.833,13,0.5016,0.0306
508,177,193.378,10,0.9267,0.351
746,43,473.013,8,0.8829,0.088
377,19,391.856,14,0.3736,0.0
119,188,416.458,13,0.7449,0.1677
388,88,705.922,6,0.6162,0.0524
762,84,431.105,16,0.73,0.1497
954,61,155.313,20,0.642,0.3765
209,190,295.877,7,0.44,0.0047
352,70,70.068,16,0.578,0.4509
877,172,241.843,12,0.9742,0.3722
314,199,211.282,11,0.7972,0.287
245,91,463.625,9,0.3399,0.0093
832,141,658.019,13,0.7115,0.0768
492,5,202.969,19,0.4396,0.1351
584,157,610.334,4,0.7909,0.0152
488,195,630.833,20,0.5134,0.0466
603,40,455.683,5,0.9287,0.041
269,3,503.322,14,0.4168,0.0352
732,9,574.827,12,0.8648,0.0703
362,172,268.279,8,0.3574,0.0841
524,49,710.265,15,0.6042,0.0611
186,83,275.201,19,0.7446,0.3039
12,68,61.557,17,0.6411,0.489
571,61,527.787,7,0.5099,0.0199
139,34,241.522,9,0.4715,0.0321
914,82,20.456,11,0.9935,0.9156
960,185,129.34,5,0.5694,0.129
317,72,266.24,19,0.6821,0.3185
289,161,153.584,1,0.9601,0.0
509,138,98.638,13,0.4175,0.1903
205,160,117.469,6,0.6681,0.1459
862,115,451.265,9,0.8832,0.0944
102,75,92.868,4,0.7317,0.1417
453,52,564.097,1,0.5288,0.0
189,57,606.136,12,0.8975,0.0559
832,106,521.046,16,0.8347,0.1902
145,81,176.872,3,0.52,0.0131
447,81,415.239,2,0.3666,0.0152
834,74,44.426,5,0.7405,0.4144
441,185,678.77,2,0.9666,0.0325
185,129,5.803,9,0.9834,0.9579
158,179,159.876,5,0.8977,0.1719
605,186,60.213,10,0.6051,0.3894
125,124,716.2,13,0.714,0.0728
356,19,29.785,7,0.7446,0.5686
612,194,1.739,18,0.3674,0.3722
380,96,72.912,11,0.6491,0.4258
828,76,634.56,1,0.4082,0.0
688,83,288.829,9,0.9181,0.2283
136,18,680.229,14,0.8062,0.0775
818,133,690.854,10,0.3609,0.0
911,10,522.932,11,0.4094,0.0
203,145,122.001,15,0.7677,0.4694
359,167,699.192,13,0.9097,0.0375
396,85,315.78,3,0.6939,0.0226
426,77,334.718,14,0.9028,0.2828
464,135,458.697,3,0.537,0.0118
895,173,515.741,14,0.4505,0.0232
652,20,693.013,14,0.9626,0.1157
897,92,699.076,17,0.3927,0.0552
351,65,298.092,20,0.5118,0.119
525,3,102.757,3,0.5651,0.0388
107,2,659.269,20,0.6589,0.0811
277,106,86.094,5,0.5155,0.1417
584,153,398.143,1,0.4797,0.0
172,119,120.075,17,0.4756,0.2372
961,50,258.271,19,0.6104,0.2059
272,91,381.644,2,0.9577,0.0
162,194,507.746,10,0.9782,0.0822
781,168,702.167,20,0.6747,0.0967
91,24,661.43,15,0.4042,0.0
325,129,374.961,10,0.8484,0.1399
199,125,225.287,16,0.5319,0.215
695,73,386.837,8,0.3894,0.0327
844,73,264.318,6,0.8976,0.1232
196,144,331.102,9,0.318,0.0
417,187,658.379,18,0.3377,0.0251
479,64,370.503,6,0.5528,0.0478
691,186,30.469,12,0.4512,0.3325
353,168,492.675,17,0.7926,0.1377
523,11,202.662,1,0.9906,0.0
504,57,154.367,13,0.6305,0.2751
12,89,552.0,18,0.9397,0.2352
570,134,119.614,6,0.7742,0.3085
568,46,438.875,4,0.4036,0.0048
991,84,588.445,16,0.9137,0.1595
511,19,216.747,7,0.8547,0.2309
900,21,340.274,15,0.5149,0.0785
350,87,416.112,10,0.675,0.0741
696,126,461.775,12,0.434,0.0
902,91,699.803,8,0.3677,0.0314
154,77,640.008,9,0.4952,0.0
568,100,150.893,1,0.8083,0.0
920,127,393.186,17,0.3184,0.0
557,143,114.067,7,0.6231,0.1948
893,108,43.678,5,0.6935,0.377
420,19,265.353,1,0.6536,0.0046
887,9,230.599,19,0.8129,0.4115
629,69,410.95,15,0.4416,0.0
480,41,461.88,12,0.9829,0.2069
215,108,277.936,11,0.6475,0.1086
171,141,624.482,19,0.831,0.1399
289,51,606.138,15,0.9421,0.2214
755,94,519.369,19,0.4752,0.0271
469,44,252.86,11,0.9916,0.4022
389,94,174.752,2,0.7555,0.0
467,76,84.007,6,0.4874,0.1546
345,1,180.706,7,0.6585,0.1434
808,134,690.578,19,0.5049,0.0
391,61,301.008,14,0.8304,0.2489
473,150,299.6,4,0.8598,0.0525
560,134,339.167,3,0.5716,0.0
647,40,466.734,10,0.7804,0.0663
334,178,662.44,11,0.4478,0.0284
74,5,82.619,9,0.5226,0.2838
690,115,590.695,7,0.7497,0.0
561,161,323.509,13,0.4776,0.0538
648,109,198.161,20,0.769,0.4363
544,112,391.804,19,0.4026,0.0425
509,95,389.308,5,0.7689,0.0
949,13,96.467,16,0.496,0.2881
54,136,70.292,3,0.6103,0.1727
93,191,451.538,2,0.6985,0.0
937,160,529.607,10,0.3697,0.0
887,12,442.867,6,0.7178,0.0032
412,45,254.421,5,0.8857,0.0362
541,167,400.438,13,0.9604,0.2605
450,143,652.626,17,0.7791,0.0951
998,74,665.234,11,0.8088,0.0885
457,49,167.632,1,0.9528,0.0255
760,93,68.908,20,0.9511,0.7639
366,7,470.518,14,0.7338,0.0758
382,18,125.98,9,0.3861,0.0771
675,15,576.864,9,0.7048,0.0219
400,166,202.555,16,0.5435,0.2288
14,10,108.769,19,0.9715,0.774
173,111,587.676,2,0.819,0.0128
874,57,150.522,19,0.7324,0.4537
367,152,6.859,9,0.4861,0.4462
103,26,591.758,17,0.532,0.0428
940,183,68.001,1,0.4958,0.0095
1000,18,302.501,9,0.646,0.0852
500,170,285.286,12,0.6094,0.0976
629,30,103.381,9,0.676,0.3313
755,6,25.812,2,0.3991,0.1278
67,8,61.434,1,0.6108,0.0
297,157,308.096,18,0.9056,0.4243
563,69,689.126,19,0.3761,0.0
550,84,522.096,15,0.3006,0.0006
332,165,514.793,20,0.7251,0.1806
2,53,482.358,19,0.4752,0.0715
954,111,553.88,5,0.6724,0.0
615,60,381.432,12,0.3909,0.0
756,13,709.641,10,0.9729,0.0805
438,199,437.761,19,0.7651,0.2499
508,75,454.412,12,0.5377,0.0
445,170,15.732,3,0.9134,0.7312
430,86,543.472,11,0.8294,0.0717
671,174,256.553,11,0.4131,0.0736
996,35,557.231,10,0.9596,0.1172
778,109,610.252,8,0.3431,0.0233
668,75,16.538,13,0.9778,0.9182
13,199,277.33,8,0.4398,0.0
514,68,651.608,16,0.3535,0.0138
956,155,92.557,7,0.6971,0.2879
398,99,536.028,9,0.606,0.0
550,81,233.057,3,0.5768,0.0744
325,140,366.983,2,0.9297,0.0
192,129,650.657,9,0.306,0.0132
706,96,455.91,6,0.498,0.0226
314,12,312.541,15,0.4727,0.0863
588,15,502.055,3,0.4264,0.0
594,120,160.87,5,0.4145,0.0537
849,12,9.341,13,0.4822,0.452
939,122,445.59,1,0.4101,0.0112
554,178,620.079,11,0.4484,0.0
51,158,503.845,14,0.6962,0.0581
583,139,374.219,3,0.4205,0.0
885,55,103.623,4,0.961,0.2926
478,132,61.605,7,0.5141,0.2366
565,37,201.872,2,0.6898,0.032
763,183,693.544,19,0.8609,0.1363
440,19,332.845,14,0.8225,0.26
415,109,579.468,18,0.3233,0.0
483,98,9.8,8,0.587,0.5482
852,15,340.503,12,0.8505,0.2108
488,38,178.122,9,0.948,0.3818
328,143,685.998,1,0.789,0.0
597,120,143.446,9,0.5707,0.1878
693,33,36.27,16,0.6993,0.5862
913,29,117.069,3,0.833,0.1306
893,134,45.878,2,0.6077,0.0866
784,133,227.421,1,0.9259,0.0
770,81,716.915,19,0.5181,0.0
450,5,670.026,10,0.9608,0.0269
343,6,412.019,12,0.7919,0.1181
563,31,598.424,13,0.9205,0.1475
707,12,288.239,6,0.9732,0.1601
519,112,641.586,12,0.3165,0.0254
207,79,151.681,2,0.8691,0.037
15,44,290.581,5,0.5738,0.0127
59,119,87.28,15,0.4309,0.2297
427,141,674.382,17,0.6434,0.0431
792,35,243.819,3,0.7598,0.0
790,126,177.489,6,0.403,0.0453
809,22,160.11,10,0.9686,0.4756
710,120,341.502,13,0.9214,0.3085
23,76,363.179,1,0.9824,0.0
884,22,484.56,13,0.5009,0.0605
948,161,582.687,19,0.6331,0.0653
850,37,506.081,18,0.905,0.2368
446,157,354.907,16,0.7119,0.2006
215,74,385.926,13,0.8876,0.1853
906,137,702.281,4,0.3003,0.0
186,142,322.178,12,0.6646,0.1117
789,86,231.814,13,0.9352,0.452
966,134,465.037,5,0.8356,0.0
901,89,484.57,10,0.3635,0.0363
522,122,674.955,11,0.8598,0.0468
834,46,253.902,2,0.5096,0.0
831,86,367.216,4,0.7453,0.0111
974,28,449.698,10,0.5571,0.0229
361,84,510.462,18,0.9093,0.2212
630,4,29.319,8,0.8972,0.7452
818,82,648.29,17,0.9506,0.1805
228,173,128.289,5,0.6783,0.171
226,73,162.535,4,0.691,0.0931
390,100,500.098,19,0.3874,0.0145
361,172,143.579,10,0.7493,0.3592
752,1,96.59,5,0.9763,0.4701
936,135,683.553,15,0.9002,0.0977
157,106,463.187,14,0.5661,0.0347
326,69,682.127,3,0.475,0.0
930,52,45.902,20,0.5446,0.4802
595,119,26.007,3,0.8779,0.598
206,86,201.519,1,0.6853,0.0
604,80,28.137,17,0.4684,0.4184
876,135,316.031,3,0.7203,0.0
374,80,692.322,10,0.5339,0.0
484,162,257.277,15,0.7232,0.2873
614,57,527.351,15,0.5482,0.0
841,141,465.61,11,0.828,0.08
565,113,23.698,4,0.6492,0.4733
959,180,167.473,17,0.678,0.3776
755,81,453.823,14,0.3276,0.0276
423,47,66.721,10,0.9586,0.7152
488,80,329.565,13,0.3367,0.077
697,133,488.03,19,0.3894,0.0703
71,86,244.994,14,0.3694,0.0375
227,178,225.08,5,0.4425,0.0
239,32,520.876,17,0.6012,0.0589
801,62,301.856,10,0.3329,0.0754
823,197,383.259,19,0.5261,0.1079
820,160,144.227,18,0.8316,0.5225
106,16,568.606,20,0.7783,0.1772
296,189,432.011,3,0.3402,0.0
313,86,700.516,20,0.8701,0.1353
25,129,544.454,12,0.5688,0.0
258,4,431.751,17,0.8744,0.2464
432,33,442.576,9,0.5863,0.014
886,140,240.083,14,0.9453,0.4696
171,53,320.99,12,0.9072,0.2648
861,24,484.926,6,0.5177,0.005
819,136,371.066,4,0.722,0.0
159,44,687.097,17,0.6095,0.026
262,174,398.671,12,0.619,0.0673
459,36,9.646,16,0.6086,0.5784
944,5,91.336,12,0.7521,0.5019
785,79,33.703,4,0.5869,0.3022
972,66,650.3,12,0.7552,0.0557
313,128,227.257,1,0.5104,0.0349
909,47,602.103,4,0.928,0.0
957,197,321.093,12,0.9389,0.2819
600,85,662.788,8,0.7818,0.054
155,142,347.453,16,0.7048,0.1499
268,154,619.361,10,0.7476,0.0036
129,177,483.79,14,0.5667,0.0712
808,101,192.038,14,0.594,0.2315
314,46,415.328,2,0.6564,0.0
702,104,193.343,19,0.5148,0.1921
268,86,144.325,9,0.4938,0.1404
978,122,230.168,2,0.6703,0.0302
774,48,213.966,14,0.7613,0.3387
378,104,357.776,19,0.644,0.176
477,192,458.867,18,0.4476,0.0373
59,138,696.563,18,0.5626,0.0094
137,192,338.068,4,0.7941,0.0
999,22,548.017,8,0.8487,0.0
816,131,353.804,11,0.8308,0.1535
839,5,312.623,12,0.7647,0.204
644,41,297.17,2,0.463,0.0009
222,166,630.563,6,0.585,0.0
106,21,105.693,4,0.6898,0.1176
726,96,209.291,10,0.9718,0.3991
332,14,519.18,5,0.4259,0.0081
1,60,213.317,17,0.7215,0.3303
23,25,2.093,11,0.5825,0.5613
558,91,156.43,1,0.5926,0.0
841,129,21.644,16,0.8258,0.7913
363,131,210.863,18,0.7622,0.4432
1000,187,235.574,7,0.6716,0.0701
382,25,686.348,11,0.3435,0.0157
734,81,581.851,5,0.3641,0.0251
245,105,88.502,13,0.6658,0.4322
608,18,88.886,11,0.8902,0.6218
275,23,717.837,10,0.6488,0.0
779,63,483.668,4,0.6949,0.0207
455,172,450.547,5,0.9956,0.0078
42,118,423.919,3,0.4707,0.007
249,113,108.216,8,0.6693,0.3027
353,111,190.718,1,0.8355,0.0062
467,163,311.594,11,0.9664,0.306
271,109,321.653,8,0.8768,0.0992
578,145,698.969,9,0.6721,0.0187
964,62,31.99,16,0.7544,0.6709
712,164,11.078,12,0.8673,0.8297
312,7,658.762,20,0.55,0.0431
678,69,631.902,1,0.8576,0.0
967,51,208.859,1,0.6804,0.0355
242,28,231.693,15,0.5256,0.1697
233,108,426.469,17,0.6099,0.0456
40,179,145.871,11,0.9434,0.5439
843,33,630.402,8,0.7084,0.02
833,177,194.447,19,0.9455,0.5841
414,172,43.613,6,0.9558,0.7049
873,177,383.809,10,0.7622,0.0929
652,2,528.21,20,0.3442,0.0192
979,198,688.515,1,0.9468,0.0
923,86,450.099,17,0.8254,0.1814
960,120,73.785,17,0.5881,0.4653
393,61,477.053,10,0.6186,0.0127
634,103,67.07,19,0.318,0.1836
168,111,140.221,4,0.9101,0.1954
895,160,213.915,13,0.9485,0.4491
319,69,40.412,18,0.3775,0.3007
449,23,263.751,8,0.8338,0.1412
595,118,552.372,6,0.6732,0.0143
788,157,39.158,11,0.4061,0.3064
732,4,357.265,12,0.7702,0.1587
956,163,163.324,18,0.8499,0.5188
713,161,408.009,7,0.6815,0.0292
797,116,354.752,2,0.4183,0.0
573,190,119.963,17,0.9758,0.7275
416,78,613.964,2,0.6393,0.0
914,27,360.588,4,0.9648,0.043
378,132,709.691,17,0.5637,0.0327
621,122,708.984,15,0.6866,0.044
292,184,181.138,4,0.6727,0.0658
483,45,635.855,3,0.4082,0.0
368,32,518.217,15,0.9517,0.1894
259,136,311.483,13,0.753,0.1904
821,63,586.982,19,0.8842,0.1493
768,37,302.98,10,0.3266,0.013
702,135,354.788,5,0.344,0.0
84,38,268.017,2,0.5806,0.031
250,167,607.456,19,0.9762,0.2274
219,63,652.875,3,0.9066,0.0279
712,131,109.336,17,0.8698,0.6144
893,116,424.873,13,0.8349,0.1927
380,119,84.621,14,0.7424,0.5226
331,61,637.549,13,0.783,0.0402
558,18,158.947,11,0.5733,0.2453
988,128,26.456,14,0.9179,0.8663
371,87,536.981,5,0.5393,0.0
279,196,479.852,20,0.5695,0.0561
522,179,296.252,12,0.4168,0.0111
916,15,445.975,5,0.3289,0.003
730,73,555.388,1,0.4538,0.0
519,84,122.897,15,0.3744,0.1263
732,77,219.618,9,0.6708,0.1435
16,145,349.862,16,0.5159,0.1103
754,72,456.053,13,0.5795,0.0917
98,31,442.041,19,0.6254,0.11
392,73,355.703,18,0.5204,0.0908
350,158,476.416,15,0.4234,0.0451
691,81,15.615,4,0.3758,0.2178
241,58,233.288,14,0.9208,0.42
239,155,412.374,1,0.5404,0.0035
885,14,220.825,4,0.5788,0.0391
478,92,677.956,1,0.8884,0.0
742,21,693.834,18,0.5533,0.0258
584,122,267.7,17,0.8323,0.3522
620,180,167.085,7,0.4506,0.079
687,89,161.842,8,0.3506,0.0414
668,197,319.936,7,0.8473,0.0843
912,175,689.447,3,0.7014,0.0
785,146,170.647,7,0.4032,0.0448
305,36,238.711,17,0.6325,0.2331
170,7,402.821,3,0.8503,0.0
846,25,410.536,2,0.996,0.0
373,70,477.214,5,0.5587,0.0
312,82,524.271,12,0.5907,0.0531
112,43,569.852,19,0.854,0.1776
552,195,353.953,13,0.3356,0.0279
513,149,51.692,7,0.7065,0.4624
829,140,487.069,19,0.6627,0.1269
749,131,426.836,10,0.4215,0.0236
724,124,154.533,9,0.6316,0.2036
539,177,614.858,20,0.9923,0.2824
863,79,534.015,14,0.8589,0.1634
984,29,304.063,12,0.6482,0.1165
815,60,697.537,1,0.8341,0.0
348,46,487.456,5,0.5428,0.013
277,192,669.6,11,0.3927,0.0
2,114,524.798,12,0.5452,0.0437
993,86,511.719,9,0.4168,0.0521
733,6,157.283,10,0.6366,0.2651
937,143,302.081,6,0.9836,0.093
788,130,458.06,1,0.8519,0.0165
431,163,596.43,19,0.7872,0.1042
146,27,656.115,3,0.5604,0.0079
48,132,59.35,14,0.4094,0.2596
793,73,514.807,14,0.776,0.119
304,47,191.908,12,0.3881,0.0686
380,45,511.305,14,0.6723,0.0582
837,58,228.876,3,0.8916,0.0293
482,147,411.282,8,0.9191,0.1176
951,5,379.504,14,0.6264,0.1589
547,190,627.944,12,0.3203,0.0323
832,194,470.943,10,0.9532,0.1413
126,194,175.318,5,0.6791,0.101
397,167,453.02,15,0.7679,0.145
184,65,461.557,1,0.9785,0.0
57,81,262.627,15,0.3777,0.0724
992,26,189.579,17,0.8687,0.4674
518,179,654.988,17,0.9534,0.1871
354,155,111.262,11,0.3901,0.1288
377,31,102.457,9,0.9923,0.6094
241,199,424.386,4,0.9871,0.0
123,9,222.379,18,0.4569,0.1529
914,154,363.293,15,0.7122,0.1548
106,28,193.164,8,0.6027,0.1186
385,150,265.342,8,0.8416,0.1648
154,177,294.205,14,0.9783,0.3836
930,191,404.874,5,0.9938,0.0604
206,33,57.184,8,0.692,0.4443
394,33,311.463,13,0.812,0.2504
754,14,495.019,18,0.9927,0.2871
571,165,510.746,18,0.3015,0.0
382,38,195.429,9,0.3988,0.0172
564,79,391.526,11,0.6135,0.0553
437,84,276.936,5,0.846,0.0633
290,71,26.992,4,0.5429,0.3312
599,100,311.214,20,0.5819,0.2325
366,70,485.163,1,0.9414,0.0224
961,48,680.733,7,0.3108,0.0
464,78,81.187,13,0.468,0.2885
757,162,308.042,19,0.9956,0.4874
235,24,677.662,15,0.4508,0.0262
646,192,338.279,17,0.8234,0.2587
560,82,643.527,1,0.3604,0.0
744,59,491.313,11,0.354,0.0105
462,89,623.585,8,0.5417,0.0
720,187,546.089,6,0.6975,0.036
59,162,52.453,12,0.7626,0.6505
691,164,549.124,2,0.4917,0.0
754,45,92.491,6,0.5802,0.2114
497,178,539.113,6,0.9672,0.0424
35,142,302.006,7,0.3935,0.0
567,12,493.186,18,0.3,0.0
782,86,44.05,13,0.621,0.5035
462,167,82.531,6,0.9745,0.5779
95,107,77.186,18,0.9042,0.7673
395,118,270.684,5,0.4844,0.0
995,75,122.567,20,0.4032,0.2441
271,8,6.188,2,0.6151,0.5279
530,178,633.039,19,0.9899,0.1724
356,151,541.312,11,0.8292,0.0888
713,55,409.518,5,0.8773,0.0191
429,49,521.58,11,0.5389,0.0466
385,104,218.058,16,0.5144,0.1956
580,160,508.184,14,0.3109,0.0167
572,18,374.644,20,0.6744,0.2165
500,126,64.42,18,0.6354,0.5119
259,170,478.692,6,0.4497,0.0
108,99,715.332,3,0.3816,0.0
691,11,184.724,14,0.7536,0.3787
340,5,3.774,8,0.6334,0.6172
613,33,540.645,12,0.7834,0.0877
377,178,201.119,13,0.4259,0.0826
854,92,292.054,2,0.3444,0.0
707,30,6.092,4,0.4176,0.3467
404,181,46.897,17,0.7935,0.6666
333,166,510.576,6,0.3022,0.0265
750,30,694.169,8,0.7595,0.0243
8,138,425.383,16,0.5946,0.1061
58,67,606.564,5,0.9261,0.0395
85,14,148.576,1,0.6798,0.0
346,13,49.15,10,0.8336,0.6197
497,109,250.198,18,0.6937,0.2954
293,169,150.289,11,0.7172,0.3345
189,193,444.182,16,0.4621,0.0204
313,142,688.568,12,0.5541,0.0
495,185,166.863,7,0.8727,0.259
298,48,649.34,18,0.9877,0.2361
575,30,386.995,7,0.5743,0.0251
383,23,73.926,6,0.6613,0.3394
934,35,386.148,5,0.4807,0.0366
993,151,336.551,6,0.4426,0.0097
656,31,539.416,1,0.6976,0.0
555,87,539.179,18,0.3496,0.0166
32,152,461.715,15,0.8131,0.17
623,186,481.012,2,0.3758,0.007
381,33,437.452,16,0.343,0.0
290,38,170.857,16,0.4458,0.1347
794,13,666.426,4,0.9259,0.007
43,23,152.883,6,0.3828,0.0
261,79,428.712,8,0.7148,0.0559
775,63,557.228,13,0.6178,0.0
925,194,60.708,10,0.7359,0.4723
515,89,324.4,6,0.581,0.0224
530,62,21.999,2,0.6295,0.2952
968,94,163.264,19,0.9855,0.6373
93,145,458.215,6,0.5153,0.0
481,68,657.667,16,0.4247,0.0244
242,29,219.4,6,0.3227,0.0087
477,85,601.209,20,0.7434,0.128
907,125,378.136,18,0.3878,0.0401
597,64,547.928,5,0.9035,0.0004
992,117,583.377,3,0.7279,0.0
506,65,458.047,15,0.8548,0.1535
864,181,304.652,5,0.7968,0.0282
170,178,420.75,12,0.8266,0.1571
321,144,497.798,10,0.9879,0.1126
274,168,620.085,10,0.7155,0.0273
769,25,395.036,3,0.5162,0.0274
514,131,629.074,2,0.7218,0.0
223,81,280.152,5,0.6696,0.0384
173,156,546.87,12,0.4453,0.0
385,1,439.127,20,0.5157,0.1417
154,38,56.274,6,0.7597,0.441
698,49,361.765,18,0.629,0.1935
849,112,549.976,12,0.5207,0.0157
969,195,484.218,3,0.7077,0.0
236,180,405.944,13,0.4925,0.0
440,92,570.903,6,0.9876,0.0247
504,1,650.345,11,0.8331,0.0455
496,174,103.69,18,0.4069,0.2321
454,115,184.223,17,0.5409,0.219
221,5,711.959,8,0.4837,0.0008
112,130,174.366,6,0.4782,0.0504
404,177,595.762,9,0.4661,0.0242
93,175,383.354,13,0.368,0.0127
64,178,277.433,4,0.5278,0.0
525,196,523.819,18,0.338,0.0056
859,131,542.512,11,0.8344,0.0553
541,123,196.29,5,0.4294,0.0151
24,24,8.436,3,0.3721,0.2754
841,127,560.539,13,0.8284,0.1108
684,176,496.57,11,0.8266,0.0672
304,163,87.101,5,0.5937,0.1569
274,180,27.038,19,0.9111,0.8785
900,35,475.803,12,0.5893,0.0087
477,41,433.052,10,0.6571,0.0387
142,172,549.584,6,0.8543,0.0099
282,189,628.776,17,0.3924,0.0
265,106,478.265,18,0.3355,0.0132
401,177,457.829,12,0.7333,0.0839
346,137,375.107,19,0.5517,0.1259
547,41,407.927,8,0.4647,0.0
324,102,701.305,2,0.8716,0.0
641,79,34.002,19,0.7167,0.6123
493,158,391.645,14,0.9226,0.289
941,68,178.59,20,0.6133,0.3393
829,36,522.414,15,0.7102,0.0745
333,100,539.16,7,0.9052,0.0
43,99,191.4,14,0.603,0.2014
585,178,546.163,20,0.8153,0.2021
339,2,463.839,9,0.4696,0.0023
902,175,681.592,20,0.3107,0.0
406,43,587.307,8,0.7351,0.0
291,36,555.892,7,0.5218,0.0
340,84,101.569,8,0.4472,0.1573
866,111,710.465,10,0.98,0.0252
113,186,573.397,19,0.4645,0.0279
958,107,606.74,1,0.9418,0.0233
234,30,541.324,4,0.7479,0.0229
848,91,615.386,1,0.3949,0.0148
545,185,438.552,12,0.9138,0.2079
570,143,9.943,4,0.3734,0.2877
205,44,333.947,20,0.7539,0.2792
723,130,179.187,6,0.5468,0.0961
649,147,224.441,8,0.4448,0.0437
482,56,198.767,18,0.608,0.2652
458,106,454.699,14,0.4174,0.0289
598,70,567.438,7,0.941,0.0
472,37,626.089,19,0.736,0.1169
975,178,629.375,15,0.6739,0.0
42,65,15.038,1,0.7849,0.3325
252,66,543.139,19,0.927,0.2407
851,21,669.637,1,0.7744,0.0
793,89,557.151,11,0.9656,0.1074
348,129,84.313,3,0.5011,0.0276
507,195,689.364,17,0.9698,0.1693
28,156,361.778,17,0.7797,0.2784
177,172,413.616,9,0.5374,0.0
945,198,204.085,7,0.7359,0.1576
644,140,609.658,6,0.7749,0.0578
39,172,631.542,19,0.5828,0.0549
793,61,587.541,16,0.682,0.0313
404,144,149.518,3,0.3771,0.0098
569,126,92.013,13,0.4759,0.2493
857,91,703.041,19,0.3042,0.0357
838,129,628.139,14,0.4388,0.0
137,145,616.732,7,0.9627,0.0152
366,83,561.633,7,0.5105,0.0
273,169,77.144,18,0.6853,0.523
914,8,370.834,10,0.715,0.0659
781,65,83.542,6,0.7966,0.3835
649,74,304.574,8,0.6136,0.0646
59,167,116.752,6,0.3946,0.0493
804,102,345.482,19,0.7296,0.2735
561,187,483.745,2,0.7493,0.025
273,191,605.618,19,0.5862,0.0509
443,92,58.505,11,0.9935,0.7507
447,146,642.35,3,0.5614,0.0
297,50,136.972,12,0.3178,0.0397
910,22,679.334,15,0.4051,0.0293
918,99,347.154,17,0.9625,0.397
51,61,41.357,6,0.8221,0.5938
936,147,569.543,12,0.8882,0.1098
404,105,34.466,15,0.9747,0.9109
800,28,451.929,16,0.7925,0.2024
781,91,573.876,6,0.4185,0.0
599,81,333.553,2,0.8924,0.0
744,2,490.6,9,0.4416,0.0006
682,109,412.429,6,0.7804,0.0578
852,188,51.092,9,0.3229,0.119
424,180,499.414,17,0.5379,0.0544
740,181,685.939,17,0.6619,0.0685
980,179,247.165,5,0.7889,0.0484
948,185,91.269,8,0.8969,0.5701
148,20,184.934,5,0.3413,0.0
499,86,457.776,19,0.874,0.267
511,110,708.079,19,0.8235,0.1398
625,167,584.54,3,0.871,0.0
648,75,562.471,12,0.6682,0.0483
848,142,259.768,5,0.7102,0.0669
533,157,439.411,19,0.3789,0.0198
702,103,291.303,5,0.8727,0.0
900,49,42.756,7,0.4019,0.2465
103,16,354.034,6,0.7195,0.0561
643,89,394.704,10,0.5036,0.0
367,34,610.341,12,0.381,0.0
906,129,549.581,10,0.4608,0.0037
553,48,327.266,8,0.3098,0.0
603,176,358.492,18,0.4703,0.089
755,180,570.78,10,0.6039,0.0124
243,168,208.489,17,0.709,0.3417
544,134,259.463,20,0.4103,0.1161
773,24,650.653,19,0.4994,0.0747
778,197,547.487,17,0.7709,0.1135
228,14,679.208,3,0.44,0.0
838,114,632.836,9,0.5239,0.0227
163,161,549.094,8,0.6931,0.0299
266,17,188.582,15,0.6333,0.2482
857,100,375.353,3,0.5646,0.0
617,96,300.307,3,0.7725,0.0
543,40,281.298,12,0.4977,0.0546
558,23,561.1,7,0.5726,0.0
970,182,279.332,17,0.6857,0.2876
228,181,106.777,19,0.594,0.3817
300,19,251.293,1,0.5378,0.007
490,56,581.278,20,0.9706,0.278
846,79,365.841,13,0.4843,0.0446
549,40,9.597,18,0.5382,0.5246
726,14,448.832,16,0.3737,0.0002
818,103,126.306,13,0.9907,0.6597
893,89,78.007,13,0.8714,0.5978
461,162,219.5,17,0.4427,0.0987
458,60,554.67,2,0.4396,0.0041
81,103,36.518,3,0.5695,0.226
81,63,149.59,7,0.5998,0.1044
488,8,146.358,9,0.5851,0.173
750,146,592.484,14,0.5945,0.052
838,149,180.489,12,0.5291,0.2132
409,133,417.342,18,0.4444,0.0128
572,7,91.346,12,0.4888,0.2255
813,140,569.632,9,0.5064,0.0502
319,121,188.123,6,0.6831,0.0963
159,89,332.314,18,0.3538,0.0554
921,124,239.317,13,0.4226,0.0739
547,23,473.542,10,0.6826,0.0471
156,42,186.451,6,0.523,0.0191
252,26,0.801,11,0.7047,0.7024
327,90,378.598,16,0.8861,0.2844
202,180,701.939,3,0.907,0.0201
438,2,598.305,10,0.3856,0.0394
813,90,714.92,17,0.4699,0.0
738,57,320.495,11,0.796,0.1819
918,188,409.03,1,0.6742,0.0027
836,124,574.417,19,0.3537,0.0203
312,45,243.182,6,0.9308,0.1608
59,57,81.729,20,0.7652,0.6357
152,117,121.972,5,0.3113,0.0
793,10,693.039,17,0.4884,0.0
341,14,569.099,7,0.9869,0.0143
721,135,208.362,9,0.6029,0.1092
458,161,562.289,7,0.4535,0.0296
895,149,507.711,10,0.4242,0.0224
509,35,338.159,16,0.3886,0.0825
901,173,16.871,11,0.7923,0.7302
251,45,524.285,2,0.7992,0.0227
778,176,209.461,16,0.7954,0.4015
524,60,195.878,3,0.9337,0.0281
191,100,379.004,15,0.9085,0.2607
234,192,191.839,17,0.3432,0.0101
314,82,515.959,6,0.4207,0.0121
155,134,210.573,6,0.3983,0.0485
937,118,580.955,10,0.544,0.0236
213,15,315.121,15,0.5539,0.1228
599,159,372.146,14,0.8955,0.2872
571,72,25.706,13,0.6569,0.5557
539,96,15.169,2,0.7922,0.5347
628,61,152.887,19,0.3899,0.1585
916,200,250.813,3,0.4008,0.0138
968,111,127.295,14,0.354,0.1099
875,128,361.974,17,0.4187,0.0951
460,105,433.084,15,0.4736,0.0735
728,62,578.448,19,0.7016,0.0768
186,118,370.228,3,0.7619,0.0539
883,159,264.744,4,0.8239,0.0347
196,20,665.174,4,0.8433,0.0034
114,31,314.01,19,0.4344,0.1042
829,33,202.625,20,0.3521,0.1281
758,188,55.156,18,0.5862,0.438
139,116,133.295,14,0.9643,0.662
966,69,497.757,3,0.6472,0.0
112,40,143.3,9,0.8589,0.4513
49,138,263.058,3,0.9266,0.0
956,105,20.274,3,0.6837,0.4468
224,126,272.532,10,0.4502,0.0188
235,144,466.745,16,0.8299,0.1969
794,20,158.333,16,0.7158,0.3965
608,136,3.269,13,0.9759,0.9537
521,145,600.124,10,0.7179,0.0
989,56,519.282,20,0.9386,0.2856
87,63,714.751,17,0.6104,0.0539
926,119,98.008,16,0.9926,0.7774
268,77,487.957,3,0.6,0.0
623,187,185.669,2,0.4546,0.0
325,20,361.892,5,0.663,0.0
294,34,537.757,18,0.3116,0.0
322,163,121.611,15,0.812,0.5238
560,137,335.407,6,0.807,0.0532
878,173,194.121,11,0.9057,0.4081
113,5,111.977,1,0.8042,0.0
663,27,520.568,9,0.3252,0.0
861,168,186.429,12,0.9221,0.4945
735,163,381.454,17,0.6737,0.1566
981,166,498.832,14,0.7263,0.0707
14,180,319.271,3,0.5899,0.0042
363,47,96.457,2,0.5975,0.0109
428,20,9.283,9,0.5648,0.5536
536,60,275.427,19,0.8569,0.405
318,200,713.173,19,0.3021,0.0
254,104,700.407,1,0.4271,0.0
852,1,323.059,19,0.8238,0.3448
233,149,299.778,1,0.5861,0.0
954,169,465.42,8,0.5967,0.0
38,25,599.541,1,0.7354,0.0131
424,112,416.537,9,0.3535,0.0309
610,149,521.498,15,0.7828,0.0917
974,192,17.758,2,0.8422,0.5362
765,122,632.591,20,0.5786,0.0753
15,68,388.229,5,0.787,0.0368
749,183,354.795,17,0.6182,0.1822
326,73,155.965,1,0.5925,0.0
860,127,98.258,5,0.3167,0.0179
775,169,265.371,11,0.9874,0.366
192,107,662.479,2,0.6387,0.0
361,143,402.834,20,0.9111,0.3633
822,169,296.914,17,0.5858,0.1266
921,121,100.641,3,0.4945,0.0039
604,85,45.029,7,0.8304,0.5584
219,129,436.739,20,0.839,0.2649
390,81,689.919,16,0.9293,0.0656
796,137,322.778,9,0.8349,0.1586
599,17,171.018,6,0.7917,0.1818
202,10,271.58,2,0.3035,0.0
286,95,367.6,20,0.4181,0.04
198,24,542.752,4,0.703,0.0
470,147,326.792,2,0.7018,0.0084
446,37,667.184,10,0.7576,0.0
542,100,461.536,10,0.7433,0.0501
945,36,87.263,5,0.3763,0.0724
652,185,82.727,5,0.9624,0.425
586,169,397.304,14,0.6152,0.092
367,1,578.117,11,0.8138,0.0544
636,79,384.209,5,0.8197,0.1043
956,189,578.908,8,0.4495,0.0
10,98,58.307,16,0.5882,0.401
350,169,237.148,20,0.3381,0.0615
57,18,35.091,5,0.3194,0.0843
204,86,256.703,4,0.4053,0.0346
67,175,409.737,12,0.3817,0.0485
593,39,666.449,8,0.8021,0.0037
820,3,331.579,11,0.6454,0.105
941,147,270.646,10,0.572,0.0842
237,17,489.416,17,0.4164,0.0185
700,61,517.214,1,0.5757,0.0
329,163,123.627,13,0.8631,0.561
316,179,504.565,20,0.9444,0.3143
610,27,388.782,11,0.5724,0.1049
680,100,366.847,4,0.7997,0.0048
584,159,706.578,19,0.8924,0.1684
100,79,555.358,4,0.5761,0.0047
411,71,586.791,18,0.5007,0.0204
286,109,591.443,13,0.5584,0.0229
5,156,466.442,18,0.5919,0.0906
41,9,18.958,2,0.8062,0.4628
450,11,265.615,5,0.4961,0.0319
101,22,552.263,17,0.4035,0.0
739,69,129.847,15,0.6973,0.436
57,56,689.35,13,0.3142,0.0004
236,97,5.607,13,0.6389,0.6302
986,61,402.28,20,0.7941,0.2803
709,126,61.301,17,0.484,0.3901
558,65,547.63,5,0.311,0.0323
16,168,444.311,13,0.9201,0.1972
44,62,291.817,14,0.5557,0.1395
909,49,73.438,4,0.5335,0.1297
800,173,325.521,6,0.793,0.0541
951,132,252.068,6,0.4191,0.0558
809,10,135.705,15,0.7833,0.4791
3,31,132.669,10,0.7287,0.3669
806,10,610.26,11,0.4493,0.0153
458,160,237.019,12,0.5551,0.1244
693,126,72.01,3,0.9363,0.3277
414,187,114.29,9,0.7945,0.4143
722,66,476.134,8,0.8821,0.0595
842,10,266.454,18,0.5962,0.2214
975,92,41.042,2,0.7434,0.2396
541,16,39.98,18,0.5166,0.4405
280,29,43.281,19,0.6054,0.5425
612,158,530.984,15,0.9834,0.2454
500,76,612.076,20,0.7548,0.1553
203,177,608.622,9,0.4579,0.0443
725,103,393.074,4,0.7853,0.0
78,130,282.708,16,0.9959,0.4482
404,167,228.791,3,0.7863,0.0163
693,93,536.796,18,0.7332,0.1181
922,64,581.777,12,0.7363,0.0801
621,154,676.058,13,0.8114,0.0
980,167,709.08,11,0.9823,0.0508
833,60,507.727,13,0.3008,0.0
237,165,138.9,18,0.4064,0.189
845,199,692.783,5,0.7793,0.0
337,39,88.769,10,0.3398,0.1157
632,170,201.417,8,0.8556,0.2898
201,18,599.354,4,0.4841,0.0
539,178,371.217,14,0.842,0.2531
680,179,176.27,10,0.9113,0.4341
915,171,377.407,19,0.4449,0.0917
944,70,554.845,5,0.9393,0.0
802,187,197.443,14,0.3779,0.1156
559,111,360.957,16,0.4843,0.0623
883,13,207.128,7,0.5024,0.0584
107,170,286.759,14,0.5528,0.1226
996,182,153.037,16,0.7978,0.4644
204,61,509.577,6,0.431,0.0
404,50,226.529,10,0.6063,0.1852
908,114,365.122,9,0.9121,0.1167
717,72,579.372,8,0.3253,0.0008
850,128,102.377,10,0.699,0.4267
689,75,476.531,8,0.7297,0.0113
602,44,238.343,20,0.4975,0.2207
175,47,351.629,16,0.8578,0.3098
997,132,515.706,7,0.9605,0.0755
637,88,664.988,18,0.5418,0.0765
669,4,619.713,8,0.8893,0.0241
429,102,648.118,7,0.4698,0.0
953,158,36.2,13,0.4663,0.3134
451,30,303.395,5,0.6884,0.0215
191,49,577.039,3,0.6721,0.0
181,72,584.365,11,0.9366,0.0804
699,186,302.491,5,0.616,0.0324
745,70,205.854,17,0.6962,0.296
206,168,395.337,8,0.5414,0.003
698,135,537.653,3,0.4543,0.0
998,199,498.088,11,0.7956,0.0288
533,117,180.825,10,0.3438,0.0606
971,64,0.7,4,0.9032,0.9049
157,144,638.151,1,0.9406,0.0
403,19,320.941,4,0.6696,0.0189
557,157,599.464,12,0.3536,0.0
359,47,627.439,10,0.5345,0.0
101,134,675.964,6,0.3417,0.0317
459,117,254.344,11,0.4622,0.025
340,49,475.181,8,0.7557,0.0365
204,97,429.545,8,0.319,0.0139
373,101,118.597,7,0.4762,0.0927
419,154,314.889,10,0.7238,0.1058
884,94,310.31,10,0.8757,0.1746
492,12,137.816,3,0.7838,0.0902
416,15,270.263,14,0.7283,0.2225
390,133,314.396,7,0.4224,0.0
599,179,575.928,2,0.8467,0.0
276,88,618.011,5,0.4903,0.0657
875,19,516.462,14,0.8284,0.1703
419,35,579.78,12,0.5536,0.0253
426,196,71.351,6,0.6112,0.2775
64,141,401.273,11,0.9266,0.2154
884,7,186.718,16,0.4171,0.1117
472,52,301.714,14,0.7249,0.1844
137,146,506.343,3,0.8565,0.0294
172,127,681.809,14,0.4616,0.0538
365,58,257.244,16,0.5805,0.1672
781,140,415.999,5,0.515,0.0093
95,181,77.556,14,0.8281,0.642
121,181,491.59,10,0.73,0.0488
561,165,171.786,2,0.6376,0.014
500,71,337.967,18,0.8977,0.3725
958,6,234.919,18,0.5175,0.1166
753,79,36.946,17,0.4455,0.3614
657,5,533.468,2,0.8491,0.0198
336,115,446.142,18,0.5277,0.0876
627,121,588.771,3,0.5841,0.0
585,69,681.373,9,0.6864,0.0325
279,30,296.115,4,0.9887,0.0442
371,105,544.649,11,0.5428,0.0223
932,3,223.44,4,0.7459,0.018
539,56,311.94,10,0.9397,0.2259
472,194,601.938,19,0.4941,0.041
797,183,646.975,13,0.8535,0.0766
268,127,270.995,9,0.8163,0.1677
220,75,578.098,6,0.8434,0.0
988,3,551.558,4,0.8691,0.0
804,131,134.678,19,0.6101,0.3453
424,99,450.624,11,0.3943,0.0019
947,143,357.454,19,0.6623,0.1996
372,32,45.705,15,0.426,0.3254
676,167,394.19,3,0.402,0.0316
35,162,705.269,20,0.6347,0.0502
698,86,561.638,16,0.487,0.0
179,6,145.048,12,0.5747,0.2763
242,94,159.562,12,0.4353,0.133
810,75,230.035,3,0.896,0.0112
206,153,13.445,12,0.81,0.7206
483,48,53.472,3,0.7433,0.3332
921,4,518.0,14,0.3713,0.0
955,197,393.814,19,0.5206,0.1089
444,49,501.312,10,0.7412,0.0208
84,16,515.241,16,0.4417,0.0
287,172,53.503,11,0.8851,0.7351
616,144,681.056,3,0.9128,0.0
337,54,697.952,10,0.6908,0.0
720,96,25.063,16,0.3926,0.3336
993,138,49.279,20,0.4536,0.3626
622,164,590.265,2,0.3145,0.0265
625,75,437.96,13,0.4998,0.0271
530,43,714.039,8,0.8675,0.0269
187,3,178.151,4,0.5109,0.0
579,172,572.852,1,0.87,0.0
932,163,378.003,10,0.9028,0.1344
690,191,399.954,20,0.8996,0.3374
753,150,150.795,20,0.882,0.6593
864,43,437.051,7,0.4368,0.0
388,49,295.981,19,0.7293,0.2855
337,49,159.237,3,0.5973,0.0333
970,92,602.766,15,0.4572,0.0294
460,193,154.619,17,0.9439,0.6044
734,139,216.575,10,0.9746,0.3806
636,87,62.993,9,0.5634,0.2734
124,148,487.045,7,0.8889,0.047
315,168,204.746,13,0.9952,0.5315
327,81,689.697,14,0.963,0.1303
179,169,534.025,18,0.4812,0.0872
780,4,648.897,10,0.3157,0.0115
967,63,141.822,6,0.432,0.0464
967,34,460.821,15,0.4228,0.0249
195,36,633.546,11,0.4879,0.0
450,41,692.311,14,0.5632,0.0667
233,74,468.329,4,0.8654,0.0478
63,145,682.299,9,0.5428,0.0
619,119,106.718,18,0.9311,0.6852
860,89,29.685,1,0.7768,0.1598
78,100,335.13,7,0.3595,0.0003
642,37,228.807,11,0.9892,0.4136
35,148,666.755,10,0.4943,0.0069
844,152,12.073,12,0.7926,0.7087
65,110,228.617,15,0.8566,0.4023
436,163,252.143,13,0.5622,0.137
124,162,513.487,19,0.92,0.245
413,161,1.838,13,0.8669,0.8919
430,21,612.005,7,0.8391,0.0
540,18,672.836,13,0.9189,0.0814
830,88,348.82,2,0.5424,0.043
997,12,78.333,17,0.8107,0.5985
342,4,36.984,11,0.6434,0.5151
924,27,186.445,12,0.7844,0.3183
428,25,97.328,1,0.8167,0.015
119,66,362.37,1,0.7441,0.0115
601,67,295.622,8,0.8924,0.16
723,164,138.473,2,0.4688,0.0
303,181,599.968,9,0.3202,0.0
590,35,432.415,18,0.7635,0.1913
433,77,451.121,10,0.3458,0.0
146,102,492.164,15,0.4784,0.039
387,55,622.731,9,0.4217,0.0
428,67,486.111,9,0.5425,0.0122
342,135,96.181,15,0.9928,0.7448
916,86,276.14,19,0.7845,0.3934
389,141,375.795,5,0.3253,0.0244
627,15,133.766,20,0.9826,0.7379
12,97,677.002,11,0.9693,0.0806
314,63,182.044,5,0.7999,0.1445
887,58,556.003,7,0.8467,0.0168
893,94,685.18,3,0.4181,0.0
978,61,198.226,13,0.675,0.2798
57,152,328.346,3,0.6203,0.0
863,38,179.506,9,0.7618,0.215
268,179,592.285,1,0.8139,0.0
6,73,572.678,5,0.4801,0.0296
93,106,643.248,10,0.4988,0.0059
751,34,45.612,12,0.9121,0.7229
592,184,532.966,14,0.493,0.0031
574,129,417.557,5,0.5476,0.0
882,154,305.197,7,0.7948,0.0544
95,179,640.481,8,0.8016,0.0
83,200,624.559,9,0.5651,0.0
933,51,503.96,9,0.9809,0.0873
607,66,124.304,3,0.5437,0.0316
777,49,187.298,18,0.4835,0.141
525,101,112.8,7,0.3546,0.1024
146,180,184.866,15,0.5728,0.2068
523,148,556.792,13,0.7371,0.0741
965,114,240.526,13,0.3626,0.0554
118,95,203.842,20,0.3008,0.0376
127,146,179.581,3,0.5731,0.0008
347,94,36.816,7,0.6411,0.4796
455,178,245.284,7,0.4904,0.0
629,112,68.461,20,0.3515,0.2672
159,133,404.802,1,0.8068,0.0
934,136,133.557,7,0.5332,0.1194
151,149,195.992,11,0.4607,0.1055
201,96,344.679,1,0.5749,0.0
968,78,274.698,3,0.581,0.021
377,83,231.823,18,0.5317,0.1784
573,188,688.767,1,0.8246,0.0016
435,22,42.482,4,0.7975,0.4792
260,141,633.916,8,0.3252,0.0
507,193,668.581,8,0.5458,0.0125
777,15,696.907,15,0.6994,0.0298
12,124,620.754,7,0.8834,0.0297
876,120,583.186,9,0.5222,0.0
185,67,170.823,11,0.3194,0.0664
918,19,130.117,2,0.8926,0.0
963,136,434.159,8,0.8011,0.0213
933,105,385.793,11,0.6938,0.1343
651,151,519.172,6,0.7109,0.018
906,18,85.024,9,0.8275,0.4889
860,187,206.334,11,0.6692,0.1806
639,126,484.173,20,0.7333,0.1721
892,89,440.749,12,0.9968,0.2105
343,92,251.329,3,0.4559,0.0
835,191,107.051,15,0.7428,0.5273
926,111,617.738,14,0.8515,0.1505
636,117,598.5,7,0.4033,0.0
123,130,105.697,15,0.9446,0.6997
215,63,539.62,3,0.5044,0.0
169,51,102.61,17,0.8389,0.5968
534,151,325.308,4,0.737,0.0248
434,64,335.871,17,0.6848,0.2075
828,7,289.606,7,0.949,0.1851
284,97,246.688,9,0.5984,0.0708
166,3,336.907,6,0.623,0.0136
616,114,512.597,15,0.672,0.044
139,129,238.689,13,0.9293,0.4078
906,185,417.907,8,0.9885,0.1169
82,122,258.532,16,0.965,0.4642
492,71,699.195,18,0.8943,0.1485
949,129,492.446,9,0.6375,0.0252
554,119,613.709,15,0.498,0.0
809,149,311.394,19,0.9628,0.4414
424,185,184.942,1,0.4037,0.0
755,20,57.331,6,0.3262,0.0825
708,144,588.37,4,0.6721,0.0259
514,161,502.811,12,0.7214,0.0746
101,66,591.372,19,0.7762,0.1501
971,81,489.144,20,0.5859,0.1189
49,83,27.686,12,0.8835,0.8094
357,75,306.182,19,0.7759,0.3097
642,176,239.033,16,0.892,0.4582
770,66,312.425,16,0.902,0.4092
535,88,481.136,18,0.9216,0.2945
402,117,407.906,17,0.7157,0.1687
408,51,457.835,1,0.3692,0.0
976,140,151.941,12,0.4464,0.1019
334,105,357.52,3,0.4315,0.0038
855,35,169.702,3,0.641,0.0
52,38,368.254,19,0.4132,0.0274
660,6,212.77,14,0.5174,0.172
681,117,156.733,13,0.4572,0.1812
676,161,677.056,19,0.8502,0.1216
422,199,193.332,15,0.7718,0.4231
691,132,450.86,11,0.8743,0.1092
446,194,451.205,8,0.3098,0.0049
594,198,415.426,7,0.7909,0.0
894,123,517.654,5,0.3078,0.0213
673,76,438.212,8,0.561,0.0
738,178,611.804,2,0.3008,0.0
969,127,18.832,1,0.8424,0.3362
220,164,53.576,5,0.4662,0.1388
588,46,399.188,10,0.7134,0.0652
658,191,288.055,3,0.3448,0.0
696,86,153.067,7,0.3101,0.0403
133,175,254.319,19,0.9585,0.5558
761,76,467.772,12,0.9432,0.1472
195,180,614.337,18,0.4703,0.0395
410,135,131.119,4,0.9683,0.2168
715,46,210.822,16,0.373,0.1056
264,30,101.255,3,0.4287,0.019
126,32,717.565,1,0.6159,0.0312
676,75,14.825,1,0.7455,0.309
281,9,113.986,11,0.5487,0.2471
827,110,277.355,1,0.6109,0.0101
899,132,143.628,5,0.3824,0.0553
350,149,489.898,14,0.9712,0.2181
739,187,16.951,2,0.3911,0.1337
225,161,370.923,18,0.3452,0.0
930,199,141.993,1,0.4042,0.0
246,121,455.195,17,0.4525,0.0378
882,171,84.868,15,0.3679,0.1405
787,155,142.583,17,0.5003,0.2492
313,167,597.688,8,0.338,0.0195
825,83,648.083,2,0.4429,0.0
633,104,260.487,12,0.4491,0.0428
670,183,423.267,20,0.3074,0.0
379,91,486.44,16,0.3627,0.0
235,122,547.942,14,0.7766,0.078
698,129,385.955,9,0.842,0.1218
53,37,416.822,5,0.4624,0.0
349,5,564.293,3,0.7946,0.0117
142,140,393.648,2,0.585,0.02
2,159,387.488,19,0.5376,0.166
8,117,204.125,19,0.7891,0.4505
94,132,603.59,13,0.8754,0.0715
940,14,318.395,9,0.7133,0.0668
772,35,398.177,4,0.6602,0.0104
990,148,455.531,20,0.6245,0.1498
85,128,389.51,14,0.5176,0.062
998,40,318.8,2,0.8552,0.0
600,120,349.844,9,0.8278,0.1527
795,8,72.409,7,0.8406,0.5012
858,158,592.13,16,0.914,0.1464
263,6,58.69,15,0.9436,0.8269
742,168,710.674,15,0.9375,0.1603
648,45,698.28,16,0.8064,0.125
414,51,635.34,6,0.5526,0.0
492,186,55.636,9,0.7921,0.6176
209,163,19.151,15,0.9381,0.8735
186,68,444.678,6,0.4093,0.0
923,37,119.517,12,0.3618,0.1231
732,22,677.261,17,0.7429,0.0716
567,79,473.36,14,0.6786,0.07
695,117,618.6,7,0.4933,0.0
406,99,715.791,8,0.548,0.0037
250,180,675.613,13,0.4594,0.0
943,161,76.173,3,0.7773,0.2178
990,53,707.431,16,0.8374,0.0883
216,181,51.058,1,0.4418,0.0
802,93,560.579,16,0.6008,0.0224
443,4,539.647,16,0.3946,0.0217
708,171,153.722,13,0.3389,0.0821
109,148,275.545,6,0.3419,0.0116
480,72,454.238,9,0.582,0.0176
125,176,358.542,12,0.8634,0.215
815,182,506.934,19,0.5374,0.0502
399,191,94.796,17,0.7823,0.5764
264,183,293.408,2,0.6925,0.0406
700,54,516.596,20,0.5832,0.0988
955,112,6.281,14,0.4182,0.4271
339,35,468.4,20,0.427,0.0105
718,137,389.653,8,0.752,0.0377
690,100,665.965,17,0.5287,0.0043
490,176,692.77,3,0.7831,0.0
806,181,496.269,11,0.7248,0.0527
128,64,388.156,9,0.7697,0.0626
878,64,382.261,6,0.7797,0.0208
405,7,320.387,7,0.6122,0.0291
45,102,560.572,1,0.5855,0.0
990,77,241.034,14,0.751,0.3001
774,200,174.738,5,0.9612,0.2342
817,164,318.151,1,0.7162,0.0
148,92,239.8,5,0.9008,0.0865
751,114,586.341,16,0.4566,0.0365
699,126,198.502,11,0.3585,0.0265
903,181,289.773,5,0.7377,0.0669
372,200,194.855,13,0.5611,0.2246
928,84,387.782,5,0.7496,0.0
708,74,220.751,20,0.3989,0.1155
254,143,451.398,3,0.5798,0.009
214,55,580.622,8,0.9166,0.0735
904,29,539.912,11,0.4987,0.02
645,57,217.494,19,0.9787,0.6085
119,64,407.365,2,0.7048,0.006
126,124,275.83,17,0.8463,0.3922
828,148,468.316,6,0.5457,0.0022
170,33,627.572,15,0.6226,0.0385
219,9,605.066,3,0.5966,0.0
615,33,638.86,4,0.8258,0.0
864,183,290.223,20,0.4083,0.0877
337,53,584.24,13,0.6362,0.0686
666,106,271.497,1,0.3303,0.0177
704,109,73.598,12,0.8323,0.6125
601,56,424.108,15,0.3323,0.0582
686,169,429.666,16,0.6007,0.0475
228,14,547.975,6,0.5251,0.0
622,106,605.216,12,0.5324,0.0113
4,83,644.631,4,0.3816,0.0
731,157,505.686,20,0.8206,0.2415
793,40,451.409,5,0.4591,0.016
794,192,11.709,4,0.6508,0.5485
30,159,82.209,14,0.9372,0.6939
912,149,101.252,4,0.6826,0.1696
435,99,186.969,3,0.6753,0.0006
81,129,643.187,15,0.3999,0.0045
535,42,522.903,3,0.7773,0.0112
572,2,456.12,20,0.5133,0.0227
403,150,90.017,17,0.604,0.4123
749,90,471.85,5,0.6043,0.0
544,71,525.842,2,0.4698,0.0
217,54,222.073,2,0.3404,0.0
621,125,175.857,12,0.7542,0.3643
264,103,494.447,14,0.8911,0.1571
119,136,87.127,8,0.3713,0.0917
267,191,418.976,15,0.5515,0.1204
906,168,702.261,12,0.5448,0.0008
573,65,18.247,11,0.3569,0.3143
318,49,131.765,1,0.5152,0.0
367,33,381.951,5,0.6017,0.0
860,114,51.556,6,0.8746,0.5764
667,166,509.74,10,0.3315,0.0
774,51,58.592,5,0.6283,0.2729
611,199,138.363,7,0.5632,0.1256
993,86,394.578,4,0.9767,0.0
658,157,587.169,5,0.9751,0.0
401,60,264.515,18,0.9619,0.5177
253,28,41.067,11,0.5423,0.4036
47,103,250.775,19,0.4897,0.144
768,111,53.511,1,0.3833,0.0422
933,96,136.021,10,0.9292,0.5214
665,82,337.344,15,0.5018,0.065
488,130,634.273,17,0.7998,0.1064
131,127,643.417,16,0.445,0.0
644,31,507.129,9,0.4731,0.0
201,134,606.557,20,0.7417,0.141
623,67,385.337,5,0.75,0.0469
301,162,688.016,18,0.5197,0.005
866,100,601.01,20,0.602,0.065
937,49,473.266,6,0.6283,0.0025
235,37,168.833,17,0.9959,0.662
327,193,548.083,7,0.7533,0.0
923,144,630.119,18,0.5235,0.0001
20,43,344.862,9,0.3983,0.0699
517,101,262.02,8,0.9315,0.1745
142,25,262.973,15,0.4348,0.113
433,167,541.703,5,0.9977,0.02
33,166,684.032,1,0.5153,0.0
141,161,288.662,19,0.5982,0.2136
403,93,77.103,20,0.7348,0.6328
61,34,30.803,1,0.7006,0.1138
798,99,598.839,15,0.37,0.0163
579,103,224.084,3,0.4533,0.0421
451,64,592.666,18,0.8635,0.2004
473,76,83.89,5,0.6917,0.2088
839,10,28.874,14,0.9973,0.8724
846,105,223.266,4,0.8598,0.0629
48,39,227.621,19,0.972,0.561
686,169,718.213,6,0.7076,0.0048
470,153,172.312,17,0.5764,0.2853
783,121,533.907,17,0.7743,0.1861
788,45,663.126,9,0.6327,0.0
709,134,563.574,3,0.8762,0.0
675,199,701.472,15,0.4812,0.0
212,127,120.976,2,0.3249,0.0
853,158,492.277,19,0.6223,0.0811
701,181,376.102,8,0.501,0.0224
274,170,626.461,19,0.6297,0.0602
233,33,535.055,1,0.5826,0.0
501,175,560.987,19,0.4597,0.0508
343,154,278.456,3,0.9107,0.0123
677,144,487.535,16,0.8157,0.1917
407,46,634.575,8,0.9786,0.0159
169,94,142.383,13,0.6476,0.339
396,181,23.108,5,0.5342,0.3448
816,184,224.623,11,0.7056,0.2325
831,24,621.52,12,0.3827,0.0
312,86,334.932,4,0.65,0.0
796,122,185.385,15,0.9706,0.5745
94,20,655.806,10,0.8447,0.0733
985,50,30.87,9,0.9329,0.8004
766,120,580.818,3,0.458,0.0004
41,132,575.44,2,0.3131,0.0
706,22,373.936,4,0.819,0.0717
495,85,190.327,13,0.8641,0.3953
884,132,313.166,4,0.5333,0.0078
240,199,255.311,2,0.6635,0.0075
893,200,102.44,10,0.5869,0.2798
871,63,428.65,16,0.7577,0.1869
279,136,141.297,2,0.9187,0.0571
433,111,717.204,12,0.7901,0.0
642,43,413.794,18,0.6786,0.2069
241,102,84.652,19,0.821,0.6349
1000,28,442.705,19,0.8003,0.2268
191,25,273.999,19,0.3452,0.0404
244,72,134.092,14,0.8474,0.5003
501,53,214.327,16,0.9306,0.5424
473,30,184.626,11,0.3584,0.043
51,11,419.753,15,0.7392,0.1737
911,114,198.86,20,0.3061,0.1012
241,2,34.997,4,0.6536,0.4115
104,157,589.015,7,0.7199,0.0
520,15,205.869,11,0.4707,0.0749
929,132,219.703,13,0.3915,0.0761
3,30,312.267,17,0.4914,0.1287
489,124,571.275,16,0.8829,0.1398
911,29,443.071,6,0.6589,0.0
894,88,63.581,15,0.5101,0.377
171,132,331.222,1,0.8937,0.0012
622,35,544.941,17,0.9341,0.2059
836,27,29.811,7,0.7398,0.5455
672,128,29.577,5,0.4242,0.2111
658,129,505.582,8,0.6568,0.0266
773,84,361.365,17,0.5256,0.1248
454,25,118.336,20,0.3475,0.1969
68,62,482.751,1,0.9952,0.0
640,44,59.353,16,0.3629,0.2645
628,132,320.417,12,0.5217,0.0938
852,61,590.393,4,0.4935,0.0093
924,76,127.939,1,0.4966,0.0032
338,53,424.74,8,0.4546,0.0185
957,34,267.265,7,0.6852,0.0282
10,163,643.261,17,0.842,0.0849
969,97,465.734,12,0.4416,0.0092
138,115,258.934,16,0.8543,0.3844
646,58,352.483,15,0.6938,0.0952
684,18,378.984,6,0.9974,0.0764
634,147,708.794,10,0.6691,0.0322
991,145,536.76,16,0.9066,0.2276
553,10,514.192,19,0.5519,0.0797
132,178,708.262,9,0.7942,0.0
608,171,110.726,11,0.4601,0.215
291,170,336.624,7,0.3539,0.0309
613,93,692.479,2,0.808,0.0045
381,139,613.773,7,0.7919,0.0254
43,4,147.93,4,0.6838,0.0899
638,120,303.739,13,0.8848,0.3471
89,27,135.705,17,0.7939,0.4393
328,182,504.654,12,0.6517,0.0656
620,190,444.662,19,0.6976,0.1675
882,31,418.696,8,0.8377,0.0635
315,108,650.253,14,0.4592,0.0267
299,119,72.727,3,0.4722,0.056
302,154,677.189,15,0.5066,0.019
576,98,349.124,7,0.7609,0.0447
194,177,19.945,13,0.9416,0.893
528,70,658.69,4,0.3454,0.0103
802,65,670.499,13,0.45,0.0
81,146,679.517,15,0.4294,0.0173
965,110,601.135,19,0.3511,0.0269
532,17,200.828,3,0.8341,0.0361
628,131,206.617,9,0.9772,0.3973
618,56,236.543,11,0.7486,0.2235
946,169,162.794,14,0.6684,0.2994
665,168,654.018,3,0.9315,0.0033
884,85,385.296,14,0.9191,0.2629
286,171,192.022,3,0.5484,0.0
218,191,556.131,8,0.4158,0.0179
644,146,452.132,5,0.4715,0.0501
154,122,273.386,9,0.8478,0.1893
112,187,658.248,10,0.8303,0.015
212,175,400.189,7,0.6428,0.0
271,96,452.477,17,0.3688,0.028
97,17,23.975,20,0.859,0.8343
729,121,453.699,20,0.6979,0.1718
583,93,297.542,3,0.5575,0.0
201,74,538.717,12,0.9526,0.0903
283,36,32.02,6,0.4271,0.2604
930,144,278.134,19,0.5007,0.1194
913,183,47.704,16,0.5029,0.4071
124,120,670.604,18,0.9527,0.19
614,47,302.6,7,0.9192,0.1243
324,1,100.645,3,0.7641,0.1518
360,143,535.247,14,0.6092,0.0162
600,32,634.989,12,0.3962,0.0468
985,13,558.366,15,0.8971,0.1709
583,40,612.449,8,0.3306,0.0
954,41,609.845,12,0.3063,0.0
821,68,712.317,2,0.609,0.0234
779,64,261.939,9,0.6982,0.1113
791,40,251.297,14,0.7441,0.3027
792,157,80.802,15,0.6922,0.5349
256,166,617.509,9,0.6244,0.0
978,51,670.021,1,0.6185,0.0124
919,74,203.645,9,0.4756,0.0286
601,164,443.042,15,0.4444,0.055
712,191,176.733,3,0.4752,0.0127
881,158,620.688,12,0.3222,0.0
153,111,5.454,19,0.4556,0.3957
65,199,500.631,17,0.3811,0.0305
996,146,391.149,4,0.9046,0.0099
555,136,206.309,15,0.7532,0.3247
723,6,664.622,6,0.4854,0.007
503,128,345.547,12,0.7407,0.1825
518,58,377.9,14,0.8745,0.2803
38,121,60.415,16,0.915,0.7644
290,115,296.837,8,0.8216,0.0957
87,22,114.91,4,0.5563,0.0901
433,93,399.302,18,0.4455,0.0213
22,103,416.659,8,0.9651,0.078
803,10,176.145,9,0.3945,0.0683
295,171,679.308,11,0.9779,0.1009
742,188,218.384,3,0.9407,0.0543
54,5,471.22,16,0.6413,0.0893
34,25,704.974,19,0.629,0.0706
424,26,578.712,4,0.3652,0.0292
789,89,537.393,14,0.9404,0.1847
813,121,43.115,15,0.6462,0.4848
545,49,377.63,8,0.3113,0.0
614,170,542.914,6,0.5349,0.0247
689,63,475.708,10,0.7036,0.0257
674,62,408.992,4,0.6291,0.0245
742,118,663.189,9,0.526,0.0126
32,175,403.103,8,0.6209,0.0302
429,50,603.172,9,0.5454,0.0342
840,68,637.851,4,0.9421,0.0
440,68,566.192,20,0.4394,0.0489
147,94,108.337,9,0.5832,0.2431
666,86,558.154,11,0.915,0.1009
303,191,566.907,11,0.5864,0.039
512,30,485.223,8,0.6531,0.0
517,84,267.767,8,0.6524,0.083
697,51,208.439,4,0.8139,0.0304
930,120,468.733,19,0.6057,0.1018
694,157,525.549,16,0.4169,0.0045
999,188,662.412,14,0.8784,0.0763
19,88,246.154,13,0.7883,0.3132
783,53,208.495,9,0.9067,0.3133
418,193,533.955,14,0.5189,0.0891
730,19,704.495,19,0.507,0.0259
86,27,209.504,3,0.3008,0.0
528,192,197.869,7,0.3213,0.0289
30,178,643.517,4,0.6024,0.0129
666,112,190.979,13,0.8244,0.4178
217,66,299.35,7,0.3623,0.0
145,194,714.279,10,0.3788,0.0
80,192,576.676,2,0.5691,0.007
270,174,180.25,18,0.8295,0.4985
960,155,685.786,19,0.3704,0.0359
985,119,607.468,9,0.734,0.0
81,75,701.326,12,0.5479,0.0292
980,95,290.573,1,0.4621,0.0509
588,109,480.543,17,0.9874,0.3221
323,97,275.214,7,0.8957,0.1681
943,173,318.594,8,0.4395,0.0121
242,34,483.432,7,0.6083,0.0
182,17,298.862,11,0.4906,0.0
230,91,301.98,8,0.6423,0.0677
146,42,390.33,16,0.4566,0.0471
485,165,77.666,15,0.3369,0.1469
141,170,709.836,7,0.635,0.0438
224,198,595.495,15,0.76,0.0751
372,78,347.606,17,0.5761,0.1347
649,193,544.334,3,0.4292,0.0047
859,21,718.187,4,0.7293,0.0191
75,193,372.089,2,0.8646,0.0129
631,50,521.188,20,0.5277,0.0437
104,4,61.657,4,0.924,0.4247
991,166,688.519,18,0.4007,0.0058
277,104,119.809,9,0.5733,0.2091
857,83,576.797,7,0.3359,0.0192
778,41,351.397,12,0.8039,0.1585
325,84,464.145,20,0.9486,0.3493
324,124,429.33,10,0.708,0.0808
318,29,299.43,2,0.6004,0.0
471,190,685.584,17,0.6988,0.0734
443,145,223.676,15,0.8305,0.3971
657,176,166.802,11,0.6008,0.1967
465,9,643.877,7,0.8892,0.0
789,174,212.166,15,0.5328,0.1183
467,174,78.073,19,0.5299,0.3751
308,74,113.192,20,0.8969,0.6947
327,114,257.461,6,0.8446,0.1123
731,101,632.512,14,0.3229,0.0
141,166,478.106,11,0.644,0.0685
287,57,91.651,13,0.9164,0.692
312,184,385.638,3,0.643,0.0
645,111,448.596,16,0.304,0.0011
130,1,581.886,12,0.6996,0.0354
451,61,406.037,11,0.3484,0.0075
675,29,247.625,7,0.4402,0.0267
927,162,717.03,19,0.3357,0.044
438,82,187.279,17,0.916,0.529
983,93,694.506,13,0.7026,0.0199
608,71,151.057,13,0.5655,0.2454
775,141,373.214,19,0.6119,0.1387
243,199,79.998,15,0.6441,0.4437
916,175,643.013,10,0.3743,0.0474
260,198,352.607,8,0.5947,0.055
137,60,636.524,5,0.6211,0.0111
80,133,594.055,15,0.7306,0.073
655,125,137.252,17,0.4775,0.214
629,61,42.601,5,0.8971,0.6239
199,170,660.06,4,0.5903,0.022
879,184,404.959,10,0.4556,0.0
277,191,613.931,20,0.6998,0.1268
610,198,496.842,11,0.6076,0.0
523,33,554.224,19,0.4263,0.0473
593,30,348.241,7,0.8996,0.0625
742,137,528.121,8,0.7237,0.04
928,146,661.504,9,0.8452,0.0451
722,88,510.854,18,0.8735,0.2704
908,33,670.93,18,0.5808,0.0605
870,58,174.212,19,0.9607,0.6932
359,26,578.209,10,0.3414,0.0
560,32,381.656,8,0.4676,0.0
199,38,44.215,16,0.4401,0.3432
927,118,464.83,18,0.4297,0.0
968,103,451.852,11,0.8424,0.1757
888,67,713.458,14,0.3601,0.0348
743,109,468.033,1,0.4525,0.0
850,134,94.557,7,0.4393,0.0959
795,20,713.651,16,0.8458,0.0938
230,57,227.035,10,0.9016,0.315
264,41,502.178,20,0.3798,0.0
532,1,430.953,19,0.3734,0.0327
421,24,256.241,18,0.3011,0.048
737,154,293.095,13,0.7391,0.2576
737,176,470.343,17,0.6298,0.1109
977,33,627.686,13,0.8534,0.1076
789,154,681.593,9,0.89,0.0413
12,51,713.53,15,0.479,0.0211
341,28,84.495,9,0.5367,0.2423
328,48,135.699,15,0.4389,0.16
634,184,148.434,10,0.5056,0.1576
343,69,700.802,7,0.8116,0.0
979,149,70.614,9,0.5952,0.3201
289,98,502.03,17,0.7577,0.1545
438,88,689.595,9,0.6818,0.0
818,163,414.427,12,0.9047,0.2221
368,199,6.135,16,0.7,0.6709
46,131,47.747,20,0.4508,0.2949
333,170,511.212,17,0.9255,0.2647
360,30,287.119,12,0.7872,0.2632
613,181,364.343,7,0.5666,0.0082
712,37,33.025,4,0.4331,0.195
549,39,646.85,12,0.7632,0.0299
407,170,651.928,2,0.713,0.0476
503,97,433.716,17,0.5844,0.0914
145,50,343.194,14,0.523,0.0443
182,6,283.731,12,0.747,0.1835
611,44,142.861,12,0.3764,0.122
866,165,676.626,17,0.6591,0.082
523,1,352.561,18,0.9933,0.4579
61,185,78.252,19,0.9414,0.775
982,155,570.882,18,0.4985,0.044
325,41,699.742,15,0.5805,0.0
749,148,203.698,8,0.9209,0.2836
898,104,494.894,17,0.7397,0.1229
987,70,717.716,20,0.4824,0.0813
117,102,83.154,16,0.5007,0.311
187,2,585.177,17,0.3036,0.0217
646,177,359.056,13,0.9043,0.2865
762,158,482.069,2,0.3765,0.0233
835,36,130.533,18,0.5251,0.2802
552,20,157.322,7,0.5495,0.1543
159,85,400.562,12,0.8886,0.1726
713,93,180.74,14,0.3126,0.0499
669,155,429.864,17,0.3923,0.0722
468,169,63.602,1,0.9356,0.0689
638,13,563.099,2,0.4532,0.0022
213,49,197.624,6,0.4293,0.0199
811,118,530.772,10,0.6907,0.0
46,76,117.798,12,0.4633,0.1452
839,199,575.778,3,0.7663,0.0142
839,133,10.217,20,0.9289,0.9011
688,65,123.398,17,0.9388,0.6592
815,135,243.606,18,0.8829,0.4784
913,87,561.66,8,0.9505,0.0142
163,93,23.312,1,0.9443,0.3382
545,143,533.149,15,0.4426,0.0
646,87,169.827,16,0.7268,0.416
943,140,717.585,1,0.5629,0.0
738,84,206.904,3,0.5742,0.029
595,119,105.362,9,0.5195,0.1927
558,98,492.106,19,0.7318,0.1433
144,115,199.563,3,0.5465,0.0044
318,70,389.193,14,0.5078,0.0775
434,24,556.049,19,0.5775,0.0439
881,52,576.041,3,0.8531,0.0
862,72,159.26,20,0.7907,0.4983
643,64,151.433,20,0.4671,0.2796
106,85,195.727,10,0.9152,0.3579
721,96,284.492,3,0.3464,0.0297
459,51,537.945,16,0.5276,0.032
653,77,390.484,4,0.3593,0.0
434,57,633.569,7,0.6999,0.021
722,118,503.077,2,0.9269,0.0
218,96,441.757,7,0.357,0.0276
146,127,375.103,8,0.719,0.0294
220,87,297.39,9,0.8439,0.171
923,200,249.386,4,0.7065,0.0
76,97,126.343,3,0.9075,0.0925
286,124,194.845,20,0.6538,0.3373
343,89,648.752,17,0.5683,0.0287
837,147,597.294,11,0.3832,0.0
360,112,3.735,8,0.6973,0.6451
894,20,161.699,16,0.4359,0.158
989,146,581.34,16,0.7711,0.0999
652,153,421.812,6,0.8176,0.0606
344,81,51.786,8,0.5736,0.3709
599,102,581.444,6,0.6728,0.0
670,3,542.556,2,0.8215,0.0
110,174,203.115,10,0.6831,0.2122
834,156,535.744,18,0.4875,0.0256
437,195,638.502,16,0.87,0.109
846,120,466.164,11,0.9025,0.0987
612,47,535.561,13,0.6944,0.0599
861,58,35.747,19,0.3531,0.3276
82,186,407.07,10,0.6451,0.0235
43,9,542.725,16,0.9817,0.2618
112,135,333.34,3,0.8588,0.0146
875,14,291.591,13,0.842,0.2631
994,148,405.562,10,0.6985,0.0745
999,117,486.032,2,0.4894,0.0
333,95,588.067,13,0.4441,0.023
265,141,587.868,6,0.6054,0.0
350,71,506.354,2,0.3243,0.0
818,115,708.203,7,0.9257,0.0107
252,161,387.631,13,0.4497,0.0516
548,92,319.431,3,0.6848,0.0
647,5,238.499,20,0.7719,0.3492
362,199,89.978,4,0.5296,0.0298
474,109,160.574,5,0.905,0.1969
666,86,220.722,2,0.3283,0.056
791,15,364.952,5,0.8264,0.011
190,19,718.395,4,0.6179,0.0361
513,51,558.443,9,0.4506,0.0
155,185,639.268,19,0.5238,0.0549
16,146,130.992,15,0.398,0.144
646,83,17.823,20,0.3092,0.2399
483,151,2.476,10,0.7598,0.7501
260,79,362.142,1,0.3147,0.0054
56,178,85.066,3,0.9821,0.3005
946,66,136.738,7,0.4705,0.1105
827,144,128.333,15,0.9734,0.6886
936,88,514.035,4,0.9459,0.0357
114,135,686.345,11,0.5855,0.0391
15,38,87.688,20,0.7304,0.5679
217,190,77.382,16,0.588,0.3721
101,58,237.707,12,0.5245,0.0976
460,108,459.274,6,0.9838,0.0508
646,138,266.219,7,0.912,0.1636
196,131,200.847,20,0.4991,0.2591
397,111,83.378,9,0.5035,0.2671
540,174,330.023,4,0.7899,0.0261
318,194,25.869,8,0.4368,0.3276
461,153,452.477,20,0.725,0.19
591,37,593.022,8,0.4463,0.0192
953,154,697.393,2,0.5582,0.0
311,101,232.384,16,0.4509,0.0899
89,108,594.16,6,0.5921,0.0295
869,189,365.219,12,0.6373,0.0387
577,106,193.087,3,0.76,0.0048
473,171,69.887,10,0.6163,0.374
721,130,322.1,17,0.891,0.3437
982,18,624.483,2,0.3605,0.0
128,141,682.239,14,0.5531,0.0184
861,99,332.917,1,0.9145,0.0
637,110,556.753,11,0.3377,0.0129
586,61,153.753,19,0.8507,0.5745
865,38,535.837,19,0.3006,0.0077
305,149,15.979,7,0.5676,0.4953
788,50,301.39,4,0.8952,0.0027
571,19,554.15,6,0.4446,0.0
936,99,264.276,8,0.4033,0.0314
468,143,74.773,8,0.5032,0.2273
721,41,699.18,1,0.5645,0.012
498,73,215.568,10,0.7373,0.1509
394,85,30.873,9,0.6247,0.4821
376,185,294.114,3,0.8936,0.0046
921,30,501.977,2,0.925,0.0035
838,184,276.594,2,0.8993,0.0271
226,30,648.513,5,0.8749,0.0
866,116,153.815,9,0.8554,0.3195
584,169,416.9,4,0.56,0.0
105,181,77.475,19,0.8822,0.719
766,109,85.45,12,0.4478,0.241
163,99,141.017,16,0.9294,0.6346
873,157,157.11,6,0.9018,0.2396
455,182,475.043,7,0.8015,0.0484
917,3,611.049,2,0.8447,0.0
484,53,623.228,9,0.9515,0.1081
85,58,452.553,14,0.8751,0.1822
767,167,293.253,4,0.7253,0.0
727,4,190.941,4,0.9761,0.1158
303,26,211.444,3,0.5853,0.0
205,1,326.35,5,0.9013,0.0208
864,191,453.056,1,0.8079,0.0182
780,7,400.016,12,0.9458,0.2438
298,54,548.487,5,0.4718,0.0
701,105,92.825,20,0.5528,0.3845
241,70,81.736,17,0.5707,0.3708
182,19,713.376,17,0.7934,0.1139
664,83,227.842,10,0.683,0.1565
833,160,699.414,17,0.4294,0.032
919,58,208.746,11,0.5625,0.1426
462,104,47.001,14,0.8871,0.7446
144,94,365.657,19,0.7286,0.2145
544,50,142.505,6,0.7668,0.2536
681,1,647.709,12,0.3878,0.0136
972,168,311.657,12,0.6399,0.1167
113,199,317.797,19,0.9214,0.4588
657,102,280.822,16,0.9277,0.4264
513,167,80.398,4,0.9551,0.3875
589,71,448.941,4,0.9136,0.0
93,189,111.747,3,0.5041,0.0
17,114,460.773,20,0.581,0.1318
607,161,288.438,13,0.7864,0.2278
200,135,614.241,17,0.4551,0.0
614,185,374.966,12,0.8359,0.1935
27,112,639.694,12,0.7631,0.0323
802,170,18.705,2,0.6986,0.3878
334,187,522.447,10,0.9817,0.0715
452,153,402.583,15,0.7965,0.1656
345,71,122.052,15,0.3487,0.1314
419,19,76.586,8,0.323,0.091
531,82,530.874,20,0.8887,0.246
646,139,270.688,4,0.5277,0.041
690,172,55.449,6,0.4602,0.1981
991,154,500.594,14,0.6892,0.0876
180,128,209.805,2,0.7676,0.0
872,108,216.372,11,0.6907,0.2057
602,194,59.573,13,0.803,0.6264
310,49,304.553,6,0.6346,0.008
917,159,657.502,7,0.9171,0.0647
707,111,619.428,9,0.7763,0.0135
186,103,238.691,6,0.6499,0.0566
175,80,221.245,17,0.8541,0.4662
660,127,623.821,9,0.31,0.0
730,200,532.637,4,0.9785,0.002
46,82,147.117,13,0.5171,0.2271
629,23,646.813,12,0.3697,0.0
532,26,656.672,4,0.5376,0.0383
970,36,245.446,1,0.8061,0.0087
742,82,642.898,10,0.3924,0.0373
910,1,477.974,19,0.5319,0.0899
35,57,630.509,10,0.4913,0.0
765,140,277.797,7,0.3095,0.0
334,136,286.965,5,0.4059,0.0
554,134,362.274,16,0.6483,0.1136
878,134,190.138,1,0.365,0.0
870,16,387.115,11,0.9246,0.1588
226,188,366.819,5,0.3795,0.0
241,60,135.835,1,0.3788,0.0
723,16,644.844,1,0.5231,0.0
879,163,75.761,10,0.731,0.5035
613,94,635.309,1,0.8115,0.0
55,70,387.514,20,0.4332,0.0717
164,80,347.338,12,0.4325,0.0033
750,117,618.177,10,0.4725,0.0147
742,106,326.604,20,0.9235,0.4249
897,3,218.453,16,0.6332,0.2673
533,24,114.143,7,0.8598,0.3414
428,190,495.396,17,0.9032,0.2012
113,99,599.889,17,0.7599,0.1216
782,198,367.603,1,0.6199,0.0306
950,132,203.759,8,0.9527,0.3362
46,148,677.425,18,0.4049,0.0135
492,63,465.701,14,0.4307,0.0003
356,168,392.523,19,0.646,0.1383
746,131,570.433,10,0.4756,0.0
764,151,240.881,3,0.8643,0.0
218,54,530.277,20,0.519,0.0491
953,118,252.818,8,0.9174,0.2287
138,74,186.167,13,0.8348,0.3926
782,182,167.926,10,0.8082,0.328
742,182,636.232,12,0.6914,0.022
163,71,580.039,20,0.9593,0.2822
674,6,150.33,7,0.9208,0.3392
271,50,51.005,20,0.4675,0.4017
275,55,111.734,17,0.3082,0.1453
87,4,221.788,2,0.9063,0.0352
747,188,439.269,20,0.318,0.0265
808,94,479.288,13,0.7471,0.1337
505,30,82.475,6,0.8785,0.4617
776,122,327.62,12,0.3089,0.0197
349,80,375.338,3,0.466,0.0
566,35,186.995,18,0.8641,0.5324
787,91,525.603,20,0.8045,0.2208
431,120,428.752,20,0.496,0.0914
617,131,526.331,15,0.5173,0.0512
146,46,503.062,18,0.9613,0.2937
508,123,645.818,2,0.3995,0.0
851,159,484.759,20,0.6365,0.1623
774,126,576.186,5,0.5827,0.0
301,191,367.039,20,0.6537,0.2215
545,189,171.182,16,0.5959,0.2805
620,100,65.884,14,0.4437,0.295
939,79,352.662,19,0.8582,0.3346
829,92,574.903,3,0.7137,0.0143
819,98,420.21,2,0.6865,0.0
753,35,19.078,3,0.9593,0.7172
359,193,172.61,3,0.767,0.0395
378,114,317.851,1,0.6205,0.0
465,26,289.888,3,0.8775,0.0349
427,181,502.215,12,0.9382,0.1715
958,190,126.943,19,0.4313,0.2108
876,113,266.58,1,0.5763,0.017
896,190,386.15,19,0.8156,0.2749
608,195,708.292,4,0.7823,0.0376
192,191,666.184,13,0.4215,0.0
144,193,275.136,9,0.6252,0.101
275,14,240.85,9,0.6101,0.1191
652,7,683.805,8,0.5019,0.0
365,116,620.411,12,0.4847,0.0156
656,150,511.485,7,0.7647,0.0
880,168,447.758,13,0.8802,0.1558
335,129,524.922,14,0.9174,0.1916
928,63,511.147,17,0.3182,0.0432
512,187,602.531,11,0.512,0.0
803,119,521.086,14,0.8148,0.147
60,137,468.326,3,0.6991,0.023
276,52,674.536,14,0.9179,0.0646
931,152,677.32,11,0.9532,0.0482
888,26,300.43,20,0.3903,0.0543
571,175,718.944,15,0.3704,0.0038
33,171,283.354,4,0.7157,0.0
60,137,179.652,15,0.6208,0.2779
423,197,149.709,16,0.4951,0.248
899,183,86.06,12,0.4796,0.2692
378,14,263.065,19,0.7398,0.3228
885,45,697.043,11,0.4746,0.0246
536,25,233.981,4,0.3656,0.0235
135,65,662.119,1,0.9288,0.0243
561,118,77.622,8,0.7751,0.4817
365,29,105.858,5,0.9028,0.3102
226,18,117.842,8,0.4209,0.1183
676,129,395.864,10,0.3877,0.0
205,127,714.161,18,0.815,0.0984
906,74,147.302,7,0.6111,0.1452
804,144,240.675,12,0.9448,0.3914
783,119,614.483,15,0.8829,0.082
77,83,382.705,13,0.5183,0.0606
961,14,248.609,15,0.9044,0.4242
494,152,304.642,13,0.3671,0.0305
733,125,529.387,16,0.311,0.0
192,23,261.229,9,0.5438,0.0379
769,38,477.041,7,0.9729,0.0425
320,61,576.761,4,0.7492,0.0091
708,36,41.424,1,0.7309,0.0896
278,162,540.029,1,0.6402,0.0
933,187,679.918,1,0.3246,0.0197
709,18,58.337,6,0.6472,0.3299
453,48,59.296,9,0.7774,0.534
457,58,443.315,20,0.7214,0.1966
1,199,487.195,10,0.6809,0.0216
300,125,333.107,17,0.621,0.1748
790,191,673.641,12,0.866,0.0405
832,50,91.614,5,0.5962,0.1777
1000,14,85.756,10,0.8157,0.5281
86,97,7.902,6,0.6599,0.5752
251,164,591.971,14,0.9249,0.1595
767,168,65.367,11,0.3848,0.2118
362,95,434.637,3,0.8057,0.0059
249,54,669.355,14,0.3892,0.0
282,10,38.387,12,0.9569,0.7945
919,88,84.953,2,0.8948,0.1325
858,108,627.215,15,0.5554,0.0905
6,4,200.201,2,0.8457,0.0
841,187,304.369,9,0.3562,0.0299
557,142,417.999,13,0.7589,0.1022
845,66,516.054,13,0.9402,0.1768
623,72,132.859,13,0.314,0.0549
689,72,629.161,14,0.5684,0.0368
578,173,557.495,11,0.4621,0.0345
735,145,65.684,9,0.638,0.3974
816,18,78.377,7,0.85,0.503
509,62,509.334,16,0.5617,0.0589
113,157,340.617,10,0.5463,0.0218
94,72,326.079,14,0.6282,0.1309
416,163,157.022,14,0.4795,0.194
474,102,513.024,13,0.8725,0.1649
864,156,82.589,5,0.3964,0.0554
34,106,269.086,13,0.8087,0.2901
889,147,520.117,1,0.4195,0.0
56,87,706.077,14,0.654,0.0418
499,48,153.294,10,0.8976,0.4585
423,177,458.06,9,0.6444,0.021
558,84,46.672,15,0.4306,0.3292
43,2,192.59,15,0.317,0.0215
764,78,69.922,4,0.6944,0.2574
135,83,598.193,11,0.6807,0.0338
780,49,301.299,8,0.9393,0.2027
567,176,641.881,11,0.9327,0.0229
889,99,29.431,7,0.7648,0.6056
979,75,502.956,10,0.3448,0.0
844,140,370.615,17,0.6689,0.1428
453,128,499.485,5,0.4133,0.0
415,96,696.096,20,0.371,0.0138
663,195,700.374,18,0.8994,0.1334
650,195,598.198,11,0.4225,0.0047
791,96,152.075,16,0.8634,0.5489
484,142,546.855,8,0.4522,0.0114
463,11,689.29,19,0.4166,0.0267
118,89,249.658,13,0.6289,0.2088
169,89,251.859,13,0.4278,0.0633
822,81,344.344,20,0.8312,0.3419
990,169,500.629,15,0.9754,0.2055
602,117,178.774,15,0.6949,0.3525
345,95,114.269,20,0.4749,0.2676
59,87,206.654,2,0.8807,0.0113
44,124,465.0,5,0.5206,0.0501
677,45,30.791,9,0.5881,0.4232
642,50,667.868,1,0.5369,0.0
284,105,401.669,4,0.9368,0.0132
189,64,76.896,12,0.3704,0.152
70,135,520.792,4,0.3427,0.0301
683,181,206.8,18,0.5308,0.1905
607,72,552.073,14,0.7575,0.0847
334,116,633.813,9,0.3351,0.0108
733,57,362.925,15,0.6703,0.1152
846,159,133.307,5,0.9563,0.3003
518,44,340.445,10,0.7085,0.1295
263,105,411.464,16,0.6006,0.1133
6,73,259.322,10,0.786,0.1891
796,153,554.031,12,0.8692,0.1122
577,49,195.818,8,0.7544,0.1374
348,41,605.897,19,0.5928,0.0486
7,153,315.3,19,0.393,0.0298
815,112,422.501,8,0.5855,0.0192
927,128,40.807,6,0.6587,0.4301
482,159,151.695,7,0.734,0.1916
268,58,316.054,5,0.6345,0.0354
620,49,532.181,11,0.9297,0.0563
872,199,699.362,19,0.9763,0.2433
588,23,52.698,20,0.6316,0.5555
13,130,674.618,12,0.4126,0.0036
196,78,222.165,12,0.3983,0.0437
98,29,707.555,3,0.701,0.0
412,191,32.65,8,0.3123,0.1885
452,166,366.683,16,0.4258,0.0284
536,45,559.935,11,0.8467,0.065
759,151,252.656,13,0.3605,0.0456
113,154,701.124,13,0.4029,0.0155
943,101,665.858,17,0.9929,0.225
264,192,238.798,11,0.7638,0.2698
522,47,3.415,13,0.8502,0.8368
211,15,126.663,2,0.6964,0.0
356,163,23.914,18,0.7109,0.6567
833,72,489.538,11,0.6224,0.0642
45,25,101.955,15,0.4271,0.217
484,194,345.671,12,0.9652,0.3178
584,84,135.365,14,0.9241,0.5664
570,174,624.27,9,0.4302,0.0106
381,164,212.407,18,0.8189,0.4594
378,61,502.616,1,0.4807,0.0427
910,161,422.063,6,0.8485,0.028
241,94,270.658,5,0.8204,0.0631
481,126,547.237,2,0.7535,0.0169
365,58,82.832,10,0.8167,0.5081
766,2,512.047,1,0.8641,0.0
806,39,129.616,8,0.6787,0.2591
849,67,59.419,4,0.3769,0.0772
85,110,696.929,10,0.6757,0.0018
99,171,124.272,10,0.8138,0.4405
376,36,190.981,14,0.5479,0.198
441,145,7.827,1,0.9534,0.7009
64,150,487.583,4,0.6355,0.0
894,163,547.257,14,0.5061,0.0277
897,163,15.353,3,0.939,0.7385
425,13,372.549,20,0.6381,0.176
770,44,610.691,19,0.3447,0.0389
566,189,566.868,9,0.5045,0.0265
658,127,578.891,15,0.4306,0.0128
874,46,49.56,11,0.9164,0.7329
93,200,204.105,11,0.5122,0.1459
233,67,375.435,20,0.6337,0.2298
429,58,368.046,19,0.5791,0.1076
895,169,545.558,3,0.6259,0.0
592,193,662.212,7,0.6585,0.0
398,82,516.206,8,0.5528,0.0
29,130,347.054,8,0.4214,0.0
594,129,425.324,20,0.8316,0.2828
270,46,3.227,16,0.5765,0.5845
329,111,324.753,3,0.8654,0.0
996,12,82.287,13,0.6144,0.3891
528,174,526.843,18,0.9976,0.2908
139,166,562.652,5,0.9859,0.0143
50,32,719.755,9,0.9417,0.0297
389,122,333.515,13,0.6712,0.1441
66,20,63.124,11,0.3901,0.2102
429,18,100.378,16,0.6796,0.448
415,127,653.554,17,0.5814,0.0447
880,160,141.43,6,0.3487,0.0
335,169,261.721,20,0.6393,0.2864
277,67,96.504,8,0.8211,0.4675
616,185,589.717,1,0.7523,0.0
640,108,217.203,2,0.8629,0.0276
38,80,268.369,7,0.9507,0.2135
84,69,534.698,8,0.8365,0.0082
168,147,430.334,6,0.7193,0.0179
777,75,428.935,9,0.7526,0.0441
210,79,36.944,10,0.7147,0.5718
993,78,157.537,5,0.4691,0.0153
441,64,198.748,4,0.3952,0.0
934,80,716.358,1,0.7373,0.0355
247,5,162.176,7,0.9947,0.3754
424,175,269.076,13,0.4915,0.0878
138,51,139.04,13,0.8688,0.5376
847,90,341.541,1,0.6396,0.0131
598,35,0.551,17,0.7242,0.7105
76,108,578.642,16,0.6367,0.0481
744,54,635.657,20,0.5156,0.0331
888,34,353.338,8,0.938,0.1585
686,58,608.537,6,0.5363,0.0
809,181,4.092,10,0.3872,0.3562
277,172,315.174,20,0.545,0.149
433,158,122.986,11,0.7607,0.4133
855,41,281.416,7,0.6399,0.0549
609,130,304.162,6,0.4703,0.0724
612,164,488.938,19,0.9723,0.2941
768,130,577.669,7,0.7032,0.0
615,172,678.109,15,0.9602,0.1741
127,41,216.117,10,0.7575,0.1757
213,93,496.375,9,0.3285,0.0247
779,67,603.041,4,0.8007,0.0
243,145,288.308,20,0.589,0.209
666,26,403.919,7,0.7146,0.0211
475,64,494.618,1,0.7332,0.0369
621,141,57.331,14,0.9165,0.7522
238,4,447.683,16,0.3215,0.0288
311,52,391.023,19,0.7161,0.2048
689,142,222.569,14,0.3458,0.0314
172,48,716.398,4,0.4119,0.0
309,122,59.218,2,0.6179,0.0724
999,81,684.467,2,0.8381,0.0
152,93,459.255,6,0.3913,0.0
578,72,43.221,14,0.3197,0.2469
152,180,130.618,9,0.6291,0.2592
708,145,563.107,5,0.3883,0.0
128,146,141.528,5,0.6441,0.1131
574,159,34.137,13,0.3488,0.246
440,86,394.212,19,0.8944,0.3422
692,21,718.985,7,0.4553,0.0093
4,11,273.425,4,0.589,0.0
517,97,318.451,4,0.484,0.0125
543,176,557.351,12,0.7569,0.0702
241,97,431.317,17,0.3961,0.011
299,197,194.941,11,0.5171,0.1111
707,105,394.517,20,0.5061,0.1241
553,127,331.613,11,0.9937,0.3093
579,16,12.235,7,0.8856,0.8059
936,154,77.84,3,0.4849,0.0679
406,178,435.722,2,0.7607,0.0375
870,102,107.585,10,0.8936,0.5462
975,181,553.828,11,0.8081,0.0288
577,48,353.878,19,0.8246,0.3101
212,98,62.332,1,0.9902,0.0353
419,183,685.267,5,0.8517,0.0324
47,121,603.684,5,0.3263,0.0511
699,138,460.231,2,0.6068,0.0099
274,81,536.914,3,0.7315,0.0
924,110,479.116,19,0.9956,0.369
654,75,9.791,1,0.6566,0.3307
490,137,447.077,19,0.943,0.381
187,12,176.495,15,0.439,0.1234
100,103,682.492,12,0.5826,0.0142
673,186,294.814,3,0.4549,0.0226
767,12,507.527,18,0.8061,0.1919
267,91,107.605,17,0.8357,0.5651
11,133,340.868,20,0.4748,0.1182
320,17,75.596,6,0.747,0.3497
765,2,292.988,4,0.8049,0.0242
581,34,403.7,10,0.9874,0.149
85,45,455.583,5,0.3366,0.0057
115,176,285.046,3,0.7459,0.0196
107,32,114.81,11,0.8025,0.4931
759,129,475.113,2,0.5752,0.0212
782,69,9.076,15,0.4581,0.4713
408,108,582.33,4,0.306,0.016
690,182,486.372,17,0.8724,0.2157
21,172,557.565,15,0.37,0.0091
562,16,701.048,10,0.461,0.0195
273,18,235.846,16,0.7954,0.3278
821,72,383.777,1,0.8073,0.0
489,162,455.66,20,0.3504,0.0312
852,152,422.001,2,0.8695,0.0536
563,124,456.438,16,0.7326,0.1725
458,173,678.259,17,0.3376,0.0
947,37,348.678,12,0.897,0.2577
997,148,620.504,12,0.7545,0.0365
456,194,454.676,7,0.7869,0.0054
358,194,563.534,2,0.981,0.0
647,143,236.447,13,0.5137,0.1145
172,140,237.315,14,0.8573,0.3567
387,45,673.415,9,0.9613,0.0593
846,149,599.84,13,0.473,0.0
897,50,364.773,7,0.7658,0.0618
416,85,332.005,9,0.6437,0.0381
391,24,181.205,7,0.7783,0.1994
875,61,149.819,18,0.7346,0.4418
203,16,162.87,15,0.6354,0.3361
62,93,678.051,6,0.6586,0.0
73,15,192.314,12,0.4119,0.1007
112,154,321.659,16,0.9404,0.3926
880,132,491.169,2,0.5524,0.0239
41,131,464.927,7,0.6541,0.0
333,141,555.21,10,0.7037,0.0623
603,155,273.294,12,0.5432,0.0819
610,136,239.68,5,0.3673,0.0042
832,126,362.143,20,0.3872,0.0531
981,37,457.185,4,0.6019,0.0191
403,147,716.116,13,0.8057,0.0836
234,98,423.138,5,0.4083,0.0
91,32,552.891,12,0.9729,0.1595
892,97,665.69,16,0.746,0.046
374,65,2.903,12,0.9032,0.9004
899,40,183.259,8,0.8209,0.2974
349,113,2.837,14,0.5471,0.541
757,179,650.516,13,0.757,0.0579
644,4,279.26,17,0.9958,0.5287
714,27,417.838,12,0.3149,0.0
653,183,348.271,16,0.9867,0.4461
307,139,542.514,12,0.9579,0.1281
104,48,265.414,16,0.5365,0.1573
11,74,9.282,2,0.6444,0.437
421,18,258.728,7,0.5944,0.0723
892,169,338.918,3,0.6069,0.0077
643,133,292.218,5,0.4425,0.0
675,47,196.933,6,0.7948,0.1179
259,39,69.953,9,0.4681,0.2838
487,139,20.707,8,0.3977,0.3167
408,113,655.985,11,0.3015,0.0432
137,150,47.946,13,0.3265,0.2115
614,50,286.157,17,0.8328,0.3669
364,199,56.849,14,0.709,0.5659
403,34,80.447,11,0.3255,0.1128
597,36,466.35,1,0.9679,0.0
31,147,665.238,8,0.5359,0.0032
937,113,251.037,11,0.936,0.3842
223,78,536.982,11,0.7123,0.0
680,148,562.073,18,0.8131,0.1956
777,115,461.251,2,0.9523,0.0
154,81,625.549,19,0.9362,0.2141
249,44,134.822,11,0.6364,0.2725
413,144,54.558,8,0.34,0.1643
818,111,328.633,11,0.9856,0.3155
636,179,384.723,16,0.5632,0.1135
467,85,268.17,12,0.542,0.077
850,54,663.806,10,0.7676,0.0271
473,11,89.299,18,0.8289,0.6677
886,55,671.766,5,0.7174,0.0094
771,146,304.49,12,0.8351,0.2548
173,58,600.055,13,0.336,0.0288
384,111,272.357,12,0.8923,0.2967
26,43,366.01,10,0.6746,0.071
239,186,495.617,14,0.5202,0.0408
23,181,341.411,14,0.4463,0.0662
106,162,629.374,20,0.7175,0.1194
5,147,386.905,18,0.8131,0.2325
672,115,13.543,15,0.8343,0.799
410,2,575.087,1,0.6342,0.0
470,9,356.055,4,0.4011,0.0
765,89,485.01,20,0.6291,0.1023
810,151,233.267,9,0.6342,0.0885
533,27,503.37,1,0.3101,0.0
458,110,520.221,3,0.6759,0.0
650,191,718.956,1,0.7128,0.0
415,168,262.973,1,0.7772,0.0
443,111,158.531,19,0.3367,0.091
299,116,347.2,17,0.4535,0.0136
190,13,498.25,2,0.7103,0.0327
200,1,347.089,8,0.8552,0.111
656,64,620.479,19,0.4189,0.0
831,163,693.506,6,0.572,0.0003
424,2,705.555,16,0.6698,0.0825
96,160,91.091,10,0.6641,0.4101
611,52,175.722,12,0.7318,0.2776
903,20,212.44,5,0.6344,0.0347
528,20,668.674,6,0.6606,0.0078
27,137,562.599,1,0.4633,0.0351
82,9,87.827,3,0.3194,0.0
523,106,315.909,14,0.8782,0.3
862,187,669.075,20,0.5944,0.0347
59,118,148.895,5,0.514,0.0368
754,67,398.753,16,0.9351,0.3097
780,178,496.402,1,0.5538,0.0
52,15,47.126,9,0.7491,0.5501
212,50,311.211,15,0.3401,0.029
4,35,661.095,7,0.5964,0.0231
566,3,8.988,19,0.3795,0.3402
175,191,456.225,2,0.9986,0.0095
917,42,629.417,3,0.8452,0.0
92,15,309.859,10,0.5163,0.0615
650,184,186.83,10,0.9456,0.3751
787,193,523.331,1,0.9688,0.0
179,43,264.527,5,0.5471,0.0
253,81,241.118,15,0.7045,0.2393
797,135,187.902,1,0.5964,0.0031
93,86,691.787,10,0.8745,0.0314
442,158,536.789,8,0.3198,0.0084
251,50,100.239,1,0.3264,0.0033
14,163,214.517,17,0.9772,0.6193
452,112,645.611,3,0.689,0.018
487,3,597.437,7,0.557,0.015
348,125,253.883,6,0.6417,0.0368
813,2,510.742,2,0.8581,0.0411
97,170,73.035,14,0.4286,0.251
430,198,107.676,13,0.6224,0.3721
181,31,648.665,5,0.868,0.0
759,106,391.457,17,0.5996,0.1269
557,68,98.493,2,0.852,0.0893
706,13,353.457,7,0.7542,0.0693
108,136,334.325,2,0.5382,0.0
457,6,717.745,9,0.9591,0.0339
51,5,11.025,4,0.7029,0.5729
324,163,532.669,4,0.7329,0.0
946,57,544.694,20,0.3891,0.0235
727,181,558.147,20,0.5775,0.0843
79,119,559.976,2,0.5483,0.0
369,105,511.09,20,0.3741,0.0
871,82,305.429,7,0.4886,0.0314
171,75,36.056,17,0.7046,0.5805
758,45,696.68,3,0.8968,0.0078
321,141,174.755,2,0.9774,0.0266
478,122,220.112,11,0.9258,0.3778
877,5,110.4,7,0.551,0.2009
673,65,239.204,7,0.8746,0.177
284,180,236.366,4,0.8914,0.1007
9,99,259.301,7,0.9794,0.2393
235,52,290.872,3,0.9191,0.0
418,46,481.043,8,0.3768,0.0013
134,39,699.046,9,0.9152,0.0159
883,173,376.376,4,0.3075,0.0324
56,63,715.751,9,0.6555,0.018
541,60,40.144,15,0.7977,0.6666
977,13,270.817,20,0.7032,0.3372
335,178,22.204,4,0.5962,0.4074
537,78,430.265,15,0.8823,0.2502
74,141,704.986,13,0.6504,0.0
730,143,153.21,2,0.8638,0.0194
978,71,516.823,4,0.3491,0.0105
773,100,549.575,2,0.4117,0.0
150,21,75.012,6,0.7246,0.3651
353,134,311.82,19,0.7009,0.2516
724,135,101.048,8,0.4247,0.1279
799,43,253.897,17,0.9205,0.4886
404,40,581.016,12,0.3888,0.0112
962,80,209.606,1,0.4171,0.0
204,139,672.026,4,0.8322,0.0363
742,104,559.007,18,0.5417,0.0712
497,13,189.865,11,0.5807,0.1766
712,115,307.145,10,0.9978,0.3236
597,142,444.965,9,0.6097,0.0197
433,38,437.046,15,0.3695,0.0336
816,89,405.601,5,0.9467,0.0
842,162,271.185,12,0.7022,0.2218
818,65,679.734,11,0.471,0.0209
89,19,63.748,14,0.3597,0.2513
424,186,455.999,20,0.6023,0.1098
750,20,26.1,7,0.9507,0.8611
867,13,400.342,19,0.6517,0.1894
362,50,133.109,11,0.6278,0.3029
741,151,61.155,5,0.6127,0.2455
566,131,38.492,4,0.4887,0.2287
221,48,688.059,17,0.6088,0.0467
893,16,92.913,8,0.4067,0.1276
445,191,259.112,13,0.9072,0.3751
606,2,338.895,2,0.4816,0.0
289,185,18.045,17,0.5292,0.5116
26,95,665.774,14,0.7478,0.0326
453,39,11.523,4,0.6202,0.5111
723,70,656.341,2,0.894,0.0
328,63,23.375,11,0.3183,0.2414
930,32,295.704,6,0.5015,0.0
751,87,563.827,12,0.6008,0.0
643,132,18.328,3,0.6326,0.4142
807,95,583.161,15,0.9934,0.1532
862,129,338.949,14,0.5062,0.044
722,195,339.573,20,0.8975,0.422
826,25,134.444,10,0.4098,0.0959
714,148,168.534,10,0.7959,0.3228
862,46,575.095,8,0.8488,0.0616
104,4,7.98,13,0.4465,0.3593
345,73,229.861,10,0.3792,0.0183
888,79,230.989,17,0.686,0.3044
475,199,195.372,4,0.7742,0.0663
15,69,224.095,3,0.9393,0.0001
849,154,88.667,18,0.7309,0.5607
656,188,120.448,20,0.5698,0.3565
911,68,401.375,7,0.9383,0.1081
17,36,404.634,14,0.6253,0.1126
147,194,669.401,14,0.4216,0.0
511,92,383.44,11,0.9728,0.2179
182,91,315.529,19,0.6224,0.2118
521,146,68.957,19,0.5461,0.4185
347,77,530.099,3,0.8928,0.0
211,109,321.443,10,0.9734,0.2402
771,189,546.705,14,0.5038,0.0689
39,10,139.728,17,0.4738,0.2516
875,148,443.155,1,0.7292,0.0077
154,80,521.586,9,0.7182,0.04
581,110,260.776,19,0.8573,0.422
992,183,345.786,10,0.9598,0.2085
114,121,46.802,7,0.309,0.0974
927,84,194.976,2,0.5064,0.0
304,195,118.847,6,0.3758,0.0165
742,122,270.065,13,0.5279,0.0944
858,31,64.667,7,0.4724,0.2032
